-- MySQL dump 10.13  Distrib 8.0.20, for Win64 (x86_64)
--
-- Host: 192.185.16.107    Database: aromance_turno_prueba
-- ------------------------------------------------------
-- Server version	5.6.41-84.1

/*!40101 SET @OLD_CHARACTER_SET_CLIENT=@@CHARACTER_SET_CLIENT */;
/*!40101 SET @OLD_CHARACTER_SET_RESULTS=@@CHARACTER_SET_RESULTS */;
/*!40101 SET @OLD_COLLATION_CONNECTION=@@COLLATION_CONNECTION */;
/*!50503 SET NAMES utf8 */;
/*!40103 SET @OLD_TIME_ZONE=@@TIME_ZONE */;
/*!40103 SET TIME_ZONE='+00:00' */;
/*!40014 SET @OLD_UNIQUE_CHECKS=@@UNIQUE_CHECKS, UNIQUE_CHECKS=0 */;
/*!40014 SET @OLD_FOREIGN_KEY_CHECKS=@@FOREIGN_KEY_CHECKS, FOREIGN_KEY_CHECKS=0 */;
/*!40101 SET @OLD_SQL_MODE=@@SQL_MODE, SQL_MODE='NO_AUTO_VALUE_ON_ZERO' */;
/*!40111 SET @OLD_SQL_NOTES=@@SQL_NOTES, SQL_NOTES=0 */;

--
-- Table structure for table `mc_pedido_cliente`
--

DROP TABLE IF EXISTS `mc_pedido_cliente`;
/*!40101 SET @saved_cs_client     = @@character_set_client */;
/*!50503 SET character_set_client = utf8mb4 */;
CREATE TABLE `mc_pedido_cliente` (
  `idPedidoCliente` int(11) NOT NULL AUTO_INCREMENT,
  `fecha` datetime NOT NULL DEFAULT CURRENT_TIMESTAMP,
  `hora` timestamp NOT NULL DEFAULT CURRENT_TIMESTAMP,
  `idUsuarioCliente` int(11) DEFAULT '11',
  `idComercio` int(11) NOT NULL,
  `estado` bit(1) NOT NULL DEFAULT b'1',
  `enviado` bit(1) NOT NULL DEFAULT b'0',
  `idComercioLocal` int(11) NOT NULL,
  `estado_pedido` int(11) NOT NULL DEFAULT '0',
  `medio_entrega` varchar(15) COLLATE utf8_bin DEFAULT NULL,
  `medio_pago` varchar(45) COLLATE utf8_bin DEFAULT NULL,
  `direccion` varchar(500) COLLATE utf8_bin DEFAULT NULL,
  `medio_envio` varchar(200) COLLATE utf8_bin DEFAULT NULL,
  `costo_delivery` float DEFAULT NULL,
  `id_ubigeo` int(11) DEFAULT NULL,
  `distrito_entrega` varchar(255) COLLATE utf8_bin DEFAULT NULL,
  PRIMARY KEY (`idPedidoCliente`)
) ENGINE=MyISAM AUTO_INCREMENT=109 DEFAULT CHARSET=utf8 COLLATE=utf8_bin;
/*!40101 SET character_set_client = @saved_cs_client */;

--
-- Dumping data for table `mc_pedido_cliente`
--

LOCK TABLES `mc_pedido_cliente` WRITE;
/*!40000 ALTER TABLE `mc_pedido_cliente` DISABLE KEYS */;
INSERT INTO `mc_pedido_cliente` VALUES (1,'2020-09-25 00:00:00','2020-09-25 16:47:00',6,117,_binary '',_binary '\0',106,4,'2','3','          ',NULL,0,720,NULL),(3,'2020-09-25 00:00:00','2020-09-25 17:03:00',5,117,_binary '',_binary '\0',106,4,'2','2','          ',NULL,0,720,NULL),(4,'2020-09-25 00:00:00','2020-09-25 17:05:00',6,117,_binary '',_binary '\0',106,4,'2','2','          ',NULL,0,720,NULL),(5,'2020-09-25 00:00:00','2020-09-25 17:12:00',6,117,_binary '',_binary '\0',106,4,'2','3','          ',NULL,0,720,NULL),(6,'2020-09-25 00:00:00','2020-09-25 21:22:00',8,117,_binary '',_binary '\0',106,4,'2','2','          ',NULL,0,720,NULL),(7,'2020-09-27 00:00:00','2020-09-27 17:59:00',8,117,_binary '',_binary '\0',106,1,'2','1','          ',NULL,0,720,NULL),(8,'2020-09-28 00:00:00','2020-09-28 14:56:00',5,117,_binary '',_binary '\0',106,1,'2','2','          ',NULL,0,720,NULL),(9,'2020-09-28 00:00:00','2020-09-28 14:57:00',5,117,_binary '',_binary '\0',106,4,'1','2','Avenida Argentina 3600      302  302 ','58',0,721,NULL),(18,'2020-09-28 00:00:00','2020-09-28 23:30:00',5,118,_binary '',_binary '\0',107,4,'1','2','Avenida Abancay 300        123 ','59',0,1311,NULL),(12,'2020-09-28 11:42:41','2020-09-28 16:42:41',13,117,_binary '',_binary '\0',106,0,NULL,NULL,NULL,NULL,NULL,NULL,NULL),(13,'2020-09-28 00:00:00','2020-09-28 16:44:00',14,117,_binary '',_binary '\0',106,3,'1','3','Calle LOS CIRIOS Residencial PEDRO CUEVA  G 1 1 7  ','58',0,725,NULL),(14,'2020-09-28 11:44:18','2020-09-28 16:44:18',15,117,_binary '',_binary '\0',106,0,NULL,NULL,NULL,NULL,NULL,NULL,NULL),(17,'2020-09-28 00:00:00','2020-09-28 23:30:00',8,118,_binary '',_binary '\0',107,4,'1','3','Avenida Rinconada del lago 1406 Urbanizacion La molina      1406 ','59',0,1311,NULL),(16,'2020-09-28 12:06:50','2020-09-28 17:06:50',14,117,_binary '',_binary '\0',106,0,NULL,NULL,NULL,NULL,NULL,NULL,NULL),(19,'2020-09-29 00:00:00','2020-09-29 15:07:00',6,119,_binary '',_binary '\0',108,4,'1','2','Calle San Martin        444 ','60',7,1314,NULL),(20,'2020-09-29 00:00:00','2020-09-29 15:42:00',8,118,_binary '',_binary '\0',107,4,'1','1','Avenida Rinconada de lago Urbanizacion       1406 ','59',0,1324,NULL),(21,'2020-09-29 00:00:00','2020-09-29 16:25:00',6,118,_binary '',_binary '\0',107,4,'1','2','Avenida Rinconada del Lago        1406 ','59',0,1324,NULL),(22,'2020-09-29 11:37:47','2020-09-29 16:37:47',21,118,_binary '',_binary '\0',107,0,NULL,NULL,NULL,NULL,NULL,NULL,NULL),(23,'2020-09-29 13:11:27','2020-09-29 18:11:27',22,118,_binary '',_binary '\0',107,0,NULL,NULL,NULL,NULL,NULL,NULL,NULL),(25,'2020-09-29 00:00:00','2020-09-29 22:35:00',6,119,_binary '',_binary '\0',108,4,'1','1','Avenida San Martin        55 ','60',7,1314,NULL),(26,'2020-09-30 19:04:22','2020-10-01 00:04:22',25,118,_binary '',_binary '\0',107,0,NULL,NULL,NULL,NULL,NULL,NULL,NULL),(27,'2020-10-01 08:57:42','2020-10-01 13:57:42',26,118,_binary '',_binary '\0',107,0,NULL,NULL,NULL,NULL,NULL,NULL,NULL),(28,'2020-10-01 18:56:23','2020-10-01 23:56:23',1,117,_binary '',_binary '\0',106,0,NULL,NULL,NULL,NULL,NULL,NULL,NULL),(29,'2020-10-05 00:00:00','2020-10-05 15:45:00',5,120,_binary '',_binary '\0',109,4,'1','12','Avenida Precursores  Urbanizacion Chacarillla del Estanque      123 ','61',0,1311,NULL),(30,'2020-10-05 00:00:00','2020-10-05 16:03:00',8,117,_binary '',_binary '\0',106,4,'2','14','          ',NULL,0,720,NULL),(31,'2020-10-05 11:49:19','2020-10-05 16:49:19',NULL,120,_binary '',_binary '\0',109,0,NULL,NULL,NULL,NULL,NULL,NULL,NULL),(32,'2020-10-05 00:00:00','2020-10-05 16:51:00',6,120,_binary '',_binary '\0',109,4,'1','14','Jiron Redon        242 ','61',0,1311,NULL),(33,'2020-10-05 00:00:00','2020-10-05 16:53:00',8,120,_binary '',_binary '\0',109,4,'2','12','          ',NULL,0,1311,NULL),(34,'2020-10-05 00:00:00','2020-10-05 16:58:00',5,120,_binary '',_binary '\0',109,4,'1','14','Avenida Precursores         321 ','61',0,1350,NULL),(35,'2020-10-05 00:00:00','2020-10-05 17:44:00',6,120,_binary '',_binary '\0',109,4,'1','14','Jiron Redon        422 ','61',0,1340,NULL),(36,'2020-10-05 00:00:00','2020-10-05 17:11:00',8,120,_binary '',_binary '\0',109,4,'1','12','Avenida rinconada del lago        1406 ','61',0,1324,NULL),(37,'2020-10-05 00:00:00','2020-10-05 17:15:00',8,117,_binary '',_binary '\0',106,4,'1','14','Avenida rinconada del lago        1406 ','58',0,720,NULL),(38,'2020-10-05 00:00:00','2020-10-05 17:24:00',8,117,_binary '',_binary '\0',106,2,'2','12','          ',NULL,0,720,NULL),(39,'2020-10-05 00:00:00','2020-10-05 17:28:00',8,117,_binary '',_binary '\0',106,2,'2','14','          ',NULL,0,720,NULL),(40,'2020-10-05 00:00:00','2020-10-05 17:34:00',8,117,_binary '',_binary '\0',106,2,'2','12','          ',NULL,0,720,NULL),(41,'2020-10-05 00:00:00','2020-10-05 17:51:00',8,120,_binary '',_binary '\0',109,4,'2','14','          ',NULL,0,1311,NULL),(42,'2020-10-05 00:00:00','2020-10-05 18:03:00',8,120,_binary '',_binary '\0',109,4,'2','12','          ',NULL,0,1311,NULL),(43,'2020-10-05 00:00:00','2020-10-05 18:05:00',8,120,_binary '',_binary '\0',109,4,'2','12','          ',NULL,0,1311,NULL),(44,'2020-10-05 00:00:00','2020-10-05 18:11:00',8,117,_binary '',_binary '\0',106,2,'2','12','          ',NULL,0,720,NULL),(45,'2020-10-05 00:00:00','2020-10-05 18:14:00',8,120,_binary '',_binary '\0',109,4,'2','14','          ',NULL,0,1311,NULL),(46,'2020-10-05 00:00:00','2020-10-05 18:17:00',8,120,_binary '',_binary '\0',109,4,'2','14','          ',NULL,0,1311,NULL),(47,'2020-10-05 00:00:00','2020-10-05 18:26:00',5,120,_binary '',_binary '\0',109,4,'2','12','          ',NULL,0,1311,NULL),(48,'2020-10-05 00:00:00','2020-10-05 18:41:00',8,120,_binary '',_binary '\0',109,4,'2','12','          ',NULL,0,1311,NULL),(49,'2020-10-05 00:00:00','2020-10-05 19:30:00',1,120,_binary '',_binary '\0',109,2,'2','14','          ',NULL,0,1311,NULL),(50,'2020-10-05 00:00:00','2020-10-05 20:07:00',1,120,_binary '',_binary '\0',109,8,'2','12','          ',NULL,0,1311,NULL),(51,'2020-10-05 00:00:00','2020-10-05 23:02:00',6,122,_binary '',_binary '\0',110,4,'1','14','Avenida Rinconada del Lago        1406 ','62',10,1324,NULL),(52,'2020-10-06 00:00:00','2020-10-06 20:39:00',37,122,_binary '',_binary '\0',110,4,'1','14','Avenida Ricardo elias      6  785 ','62',10,1324,NULL),(53,'2020-10-06 15:56:00','2020-10-06 20:57:17',6,122,_binary '',_binary '\0',110,1,'2','1','          ',NULL,10,1324,NULL),(54,'2020-10-06 00:00:00','2020-10-06 21:38:00',1,120,_binary '',_binary '\0',109,1,'2','14','          ',NULL,0,1311,NULL),(55,'2020-10-06 00:00:00','2020-10-06 21:45:00',1,120,_binary '',_binary '\0',109,1,'2','12','          ',NULL,0,1311,NULL),(56,'2020-10-06 17:01:00','2020-10-06 22:02:22',1,120,_binary '',_binary '\0',109,1,'2','12','          ',NULL,0,1311,NULL),(57,'2020-10-12 00:00:00','2020-10-12 21:15:00',40,120,_binary '',_binary '\0',109,4,'2','1','          ',NULL,0,1311,NULL),(58,'2020-10-13 00:00:00','2020-10-13 17:58:00',8,120,_binary '',_binary '\0',109,4,'2','1','          ',NULL,0,1311,NULL),(59,'2020-10-14 19:46:38','2020-10-15 00:46:38',42,120,_binary '',_binary '\0',109,0,NULL,NULL,NULL,NULL,NULL,NULL,NULL),(60,'2020-10-14 19:47:17','2020-10-15 00:47:17',43,120,_binary '',_binary '\0',109,0,NULL,NULL,NULL,NULL,NULL,NULL,NULL),(61,'2020-10-14 19:47:45','2020-10-15 00:47:45',44,120,_binary '',_binary '\0',109,0,NULL,NULL,NULL,NULL,NULL,NULL,NULL),(62,'2020-10-14 19:48:51','2020-10-15 00:48:51',45,120,_binary '',_binary '\0',109,0,NULL,NULL,NULL,NULL,NULL,NULL,NULL),(63,'2020-10-14 19:48:59','2020-10-15 00:48:59',46,120,_binary '',_binary '\0',109,0,NULL,NULL,NULL,NULL,NULL,NULL,NULL),(64,'2020-10-14 19:51:56','2020-10-15 00:51:56',47,122,_binary '',_binary '\0',110,0,NULL,NULL,NULL,NULL,NULL,NULL,NULL),(65,'2020-10-14 19:52:32','2020-10-15 00:52:32',48,119,_binary '',_binary '\0',108,0,NULL,NULL,NULL,NULL,NULL,NULL,NULL),(66,'2020-10-14 19:54:06','2020-10-15 00:54:06',49,120,_binary '',_binary '\0',109,0,NULL,NULL,NULL,NULL,NULL,NULL,NULL),(67,'2020-10-14 19:55:05','2020-10-15 00:55:05',50,119,_binary '',_binary '\0',108,0,NULL,NULL,NULL,NULL,NULL,NULL,NULL),(68,'2020-10-14 00:00:00','2020-10-15 01:35:00',1,120,_binary '',_binary '\0',109,1,'2','1','          ',NULL,0,1311,NULL),(70,'2020-10-14 21:09:25','2020-10-15 02:09:25',1,120,_binary '',_binary '\0',109,0,NULL,NULL,NULL,NULL,NULL,NULL,NULL),(71,'2020-10-14 21:49:08','2020-10-15 02:49:08',53,120,_binary '',_binary '\0',109,0,NULL,NULL,NULL,NULL,NULL,NULL,NULL),(72,'2020-10-14 00:00:00','2020-10-15 02:57:00',8,120,_binary '',_binary '\0',109,1,'2','1','          ',NULL,0,1311,NULL),(73,'2020-10-15 16:46:32','2020-10-15 21:46:32',55,120,_binary '',_binary '\0',109,0,NULL,NULL,NULL,NULL,NULL,NULL,NULL),(74,'2020-10-15 00:00:00','2020-10-16 00:40:00',57,120,_binary '',_binary '\0',109,4,'2','12','          ',NULL,0,1311,NULL),(75,'2020-10-26 00:00:00','2020-10-26 23:40:00',6,123,_binary '',_binary '\0',111,4,'1','14','Calle San Martin        555 ','63',0,1314,NULL),(76,'2020-10-26 00:00:00','2020-10-27 00:15:00',6,123,_binary '',_binary '\0',111,4,'1','14','Avenida Rinconada        1009 ','63',0,1324,NULL),(77,'2020-10-28 00:00:00','2020-10-28 16:03:00',6,117,_binary '',_binary '\0',106,4,'1','14','Avenida benavides        555 ','58',0,721,NULL),(78,'2020-10-28 18:31:56','2020-10-28 23:31:56',61,117,_binary '',_binary '\0',106,0,NULL,NULL,NULL,NULL,NULL,NULL,NULL),(79,'2020-11-06 00:00:00','2020-11-06 18:15:00',64,119,_binary '',_binary '\0',108,4,'2','14','          ',NULL,0,1332,NULL),(84,'2020-11-06 00:00:00','2020-11-06 18:36:00',8,119,_binary '',_binary '\0',108,4,'2','1','          ',NULL,0,1332,NULL),(83,'2020-11-06 00:00:00','2020-11-06 18:34:00',68,119,_binary '',_binary '\0',112,1,'2','3','          ',NULL,0,1332,NULL),(85,'2020-11-06 00:00:00','2020-11-06 18:37:00',68,119,_binary '',_binary '\0',112,1,'2','2','          ',NULL,0,1332,NULL),(86,'2020-11-10 00:00:00','2020-11-10 23:14:00',72,117,_binary '',_binary '\0',106,1,'2','1','Avenida          ',NULL,0,720,NULL),(87,'2020-11-13 00:00:00','2020-11-13 23:11:00',8,117,_binary '',_binary '\0',106,1,'2','1','          ',NULL,0,720,NULL),(88,'2020-11-11 00:00:00','2020-11-11 23:22:00',72,117,_binary '',_binary '\0',106,8,'2','1','          ',NULL,0,720,NULL),(89,'2020-11-09 00:00:00','2020-11-10 00:50:00',74,118,_binary '',_binary '\0',107,1,'1','1','Avenida MAYOLO        1040 ',NULL,0,1327,NULL),(91,'2020-11-11 00:00:00','2020-11-11 22:50:00',78,117,_binary '',_binary '\0',106,1,'2','2','          ',NULL,0,720,NULL),(92,'2020-11-11 00:00:00','2020-11-11 22:50:00',76,117,_binary '',_binary '\0',106,4,'2','14','          ',NULL,0,720,NULL),(93,'2020-11-11 00:00:00','2020-11-11 23:42:00',8,117,_binary '',_binary '\0',106,4,'2','14','          ',NULL,0,720,NULL),(94,'2020-11-11 16:54:32','2020-11-11 22:54:32',80,117,_binary '',_binary '\0',106,0,NULL,NULL,NULL,NULL,NULL,NULL,NULL),(95,'2020-11-18 00:00:00','2020-11-18 16:10:00',8,117,_binary '',_binary '\0',106,4,'2','14','          ',NULL,0,720,NULL),(96,'2020-11-18 00:00:00','2020-11-18 21:24:00',6,117,_binary '',_binary '\0',106,4,'2','14','          ',NULL,0,720,NULL),(98,'2020-11-18 00:00:00','2020-11-18 23:18:00',8,117,_binary '',_binary '\0',106,1,'2','14','          ',NULL,0,720,NULL),(99,'2020-11-18 16:18:51','2020-11-18 22:18:51',85,117,_binary '',_binary '\0',106,0,NULL,NULL,NULL,NULL,NULL,NULL,NULL),(100,'2020-11-18 00:00:00','2020-11-18 23:19:00',87,117,_binary '',_binary '\0',106,4,'1','1','Calle Miguel Grau MZ P Lote 11        11 ','58',0,720,NULL),(101,'2020-11-18 16:22:39','2020-11-18 22:22:39',88,117,_binary '',_binary '\0',106,0,NULL,NULL,NULL,NULL,NULL,NULL,NULL),(102,'2020-11-20 19:51:49','2020-11-21 01:51:49',NULL,119,_binary '',_binary '\0',108,0,NULL,NULL,NULL,NULL,NULL,NULL,NULL),(103,'2020-11-20 00:00:00','2020-11-21 02:56:00',6,119,_binary '',_binary '\0',108,4,'2','14','          ',NULL,0,1332,NULL),(104,'2020-11-23 21:26:00','2020-11-24 02:28:01',6,117,_binary '',_binary '\0',106,4,'2','1','          ',NULL,0,720,NULL),(105,'2020-11-24 09:38:08','2020-11-24 15:38:08',90,117,_binary '',_binary '\0',106,0,NULL,NULL,NULL,NULL,NULL,NULL,NULL),(106,'2020-11-26 19:17:30','2020-11-27 01:17:30',91,117,_binary '',_binary '\0',106,0,NULL,NULL,NULL,NULL,NULL,NULL,NULL),(107,'2020-12-01 23:05:03','2020-12-02 05:05:03',92,120,_binary '',_binary '\0',109,0,NULL,NULL,NULL,NULL,NULL,NULL,NULL),(108,'2020-12-02 06:12:52','2020-12-02 12:12:52',93,117,_binary '',_binary '\0',106,0,NULL,NULL,NULL,NULL,NULL,NULL,NULL);
/*!40000 ALTER TABLE `mc_pedido_cliente` ENABLE KEYS */;
UNLOCK TABLES;

--
-- Table structure for table `mc_pedido_cliente_detalle`
--

DROP TABLE IF EXISTS `mc_pedido_cliente_detalle`;
/*!40101 SET @saved_cs_client     = @@character_set_client */;
/*!50503 SET character_set_client = utf8mb4 */;
CREATE TABLE `mc_pedido_cliente_detalle` (
  `idDetallePedido` int(11) NOT NULL AUTO_INCREMENT,
  `cantidad` int(11) NOT NULL,
  `importe` double NOT NULL,
  `comentario` varchar(255) COLLATE utf8_bin DEFAULT NULL,
  `notificacion` bit(1) NOT NULL DEFAULT b'1',
  `idPlatoComercio` int(255) NOT NULL,
  `idPedidoCliente` int(11) DEFAULT NULL,
  PRIMARY KEY (`idDetallePedido`)
) ENGINE=MyISAM AUTO_INCREMENT=121 DEFAULT CHARSET=utf8 COLLATE=utf8_bin;
/*!40101 SET character_set_client = @saved_cs_client */;

--
-- Dumping data for table `mc_pedido_cliente_detalle`
--

LOCK TABLES `mc_pedido_cliente_detalle` WRITE;
/*!40000 ALTER TABLE `mc_pedido_cliente_detalle` DISABLE KEYS */;
INSERT INTO `mc_pedido_cliente_detalle` VALUES (1,1,17,'',_binary '',103,1),(2,1,17,'',_binary '',103,2),(3,2,34,'',_binary '',103,3),(4,2,34,'',_binary '',103,4),(5,1,17,'',_binary '',103,5),(6,1,17,'',_binary '',103,6),(7,2,34,'',_binary '',103,7),(8,3,51,'',_binary '',103,8),(9,4,68,'',_binary '',103,9),(10,2,34,NULL,_binary '',103,10),(11,1,17,'',_binary '',103,11),(12,2,34,'',_binary '',103,12),(13,2,34,'',_binary '',103,13),(14,20,340,NULL,_binary '',103,14),(15,1,17,'',_binary '',103,15),(16,1,17,NULL,_binary '',103,16),(17,1,25,'',_binary '',104,17),(18,4,100,'',_binary '',104,18),(19,1,30,'',_binary '',105,19),(20,1,25,'',_binary '',104,20),(21,1,25,'sin tomate queso extra',_binary '',104,21),(22,1,25,'',_binary '',104,22),(23,1,25,'',_binary '',104,23),(24,2,60,NULL,_binary '',105,24),(25,2,60,'',_binary '',105,25),(26,1,25,NULL,_binary '',104,26),(27,2,50,NULL,_binary '',104,27),(54,2,24,'',_binary '',107,49),(29,3,36,'Colocar mi nombre Ernesto',_binary '',106,29),(30,1,17,'',_binary '',103,30),(31,10,120,NULL,_binary '',106,31),(32,10,120,NULL,_binary '',106,31),(33,10,120,NULL,_binary '',106,31),(34,10,120,'',_binary '',106,32),(35,1,12,'',_binary '',106,33),(36,12,144,'',_binary '',106,34),(37,5,60,'',_binary '',106,35),(38,1,12,'',_binary '',107,36),(39,1,17,'',_binary '',103,37),(40,1,17,'',_binary '',103,38),(41,2,34,'',_binary '',103,39),(42,1,17,'',_binary '',103,40),(43,1,12,'',_binary '',107,35),(44,1,12,'',_binary '',107,41),(45,1,12,'',_binary '',108,41),(46,1,20,'',_binary '',109,41),(47,1,12,'',_binary '',107,42),(48,7,84,'',_binary '',108,43),(49,1,17,'',_binary '',103,44),(50,1,15,'',_binary '',110,45),(51,3,45,'',_binary '',110,46),(52,12,240,'',_binary '',111,47),(53,1,15,'',_binary '',110,48),(55,2,40,'',_binary '',111,50),(56,1,27,'',_binary '',115,51),(57,2,65,'',_binary '',116,51),(58,1,27,'',_binary '',115,52),(59,2,65,'',_binary '',116,52),(60,1,32.5,NULL,_binary '',116,53),(61,2,30,'',_binary '',112,54),(62,2,40,'',_binary '',109,55),(63,1,12,NULL,_binary '',108,56),(64,4,80,'',_binary '',109,57),(65,1,15,'',_binary '',110,57),(66,2,24,'',_binary '',113,57),(67,1,12,'',_binary '',107,58),(68,1,15,'',_binary '',112,58),(69,1,12,NULL,_binary '',107,59),(70,1,12,NULL,_binary '',107,60),(71,1,12,NULL,_binary '',108,61),(72,1,12,NULL,_binary '',107,62),(73,1,20,NULL,_binary '',109,63),(74,1,27,NULL,_binary '',115,64),(75,1,30,NULL,_binary '',105,65),(76,1,15,NULL,_binary '',110,66),(77,1,30,NULL,_binary '',105,67),(78,1,12,'',_binary '',107,68),(79,1,12,'',_binary '',107,69),(80,2,24,NULL,_binary '',108,70),(81,3,60,NULL,_binary '',109,70),(82,1,12,NULL,_binary '',107,71),(83,1,12,'',_binary '',107,72),(84,6,138,NULL,_binary '',124,73),(85,2,24,'',_binary '',108,74),(86,1,14,'',_binary '',126,75),(87,2,28,'',_binary '',126,76),(88,2,34,'',_binary '',103,77),(89,1,17,NULL,_binary '',103,78),(90,1,30,'Prueba 1',_binary '',105,79),(91,3,90,'',_binary '',105,80),(92,2,60,'',_binary '',127,81),(93,1,30,'',_binary '',127,82),(94,3,90,'',_binary '',127,83),(95,1,30,'',_binary '',105,84),(96,3,90,'',_binary '',105,85),(97,5,85,'',_binary '',103,86),(98,1,17,'',_binary '',103,87),(99,3,51,'',_binary '',103,88),(100,1,25,'',_binary '',104,89),(101,2,34,'',_binary '',103,90),(102,2,34,'',_binary '',103,91),(103,1,17,'',_binary '',103,92),(104,1,17,'',_binary '',103,93),(105,1,17,NULL,_binary '',103,94),(106,1,17,'',_binary '',103,95),(107,1,17,'',_binary '',103,96),(108,1,17,NULL,_binary '',103,97),(109,1,17,'',_binary '',103,98),(110,1,17,'',_binary '',103,99),(111,1,17,'',_binary '',103,100),(112,2,34,NULL,_binary '',103,101),(113,1,30,NULL,_binary '',105,102),(114,1,30,NULL,_binary '',105,102),(115,2,60,'',_binary '',105,103),(116,1,17,NULL,_binary '',103,104),(117,2,34,'',_binary '',103,105),(118,2,34,'',_binary '',103,106),(119,5,60,'',_binary '',108,107),(120,2,34,'',_binary '',103,108);
/*!40000 ALTER TABLE `mc_pedido_cliente_detalle` ENABLE KEYS */;
UNLOCK TABLES;

--
-- Table structure for table `mc_pedido_etapa`
--

DROP TABLE IF EXISTS `mc_pedido_etapa`;
/*!40101 SET @saved_cs_client     = @@character_set_client */;
/*!50503 SET character_set_client = utf8mb4 */;
CREATE TABLE `mc_pedido_etapa` (
  `idPedidoEtapa` int(11) NOT NULL AUTO_INCREMENT,
  `nombre` varchar(200) COLLATE utf8_bin NOT NULL,
  `estado` bit(1) NOT NULL,
  PRIMARY KEY (`idPedidoEtapa`)
) ENGINE=MyISAM AUTO_INCREMENT=9 DEFAULT CHARSET=utf8 COLLATE=utf8_bin;
/*!40101 SET character_set_client = @saved_cs_client */;

--
-- Dumping data for table `mc_pedido_etapa`
--

LOCK TABLES `mc_pedido_etapa` WRITE;
/*!40000 ALTER TABLE `mc_pedido_etapa` DISABLE KEYS */;
INSERT INTO `mc_pedido_etapa` VALUES (1,'Pendiente',_binary ''),(2,'Confirmado al cliente',_binary ''),(3,'Producido',_binary ''),(4,'Despachado',_binary ''),(5,'CANCELADO',_binary ''),(6,'CANCELADO EN PRODUCCION',_binary ''),(7,'CANCELADO EN DESPACHO',_binary ''),(8,'Pendiente pasar a Producción',_binary '');
/*!40000 ALTER TABLE `mc_pedido_etapa` ENABLE KEYS */;
UNLOCK TABLES;

--
-- Table structure for table `mc_pedido_etapa_detalle`
--

DROP TABLE IF EXISTS `mc_pedido_etapa_detalle`;
/*!40101 SET @saved_cs_client     = @@character_set_client */;
/*!50503 SET character_set_client = utf8mb4 */;
CREATE TABLE `mc_pedido_etapa_detalle` (
  `idPedidoEtapaDet` int(11) NOT NULL AUTO_INCREMENT,
  `hora` timestamp NOT NULL DEFAULT CURRENT_TIMESTAMP,
  `fecha` datetime NOT NULL DEFAULT CURRENT_TIMESTAMP,
  `idPedidoCliente` int(11) NOT NULL,
  `idPedidoEtapa` int(11) NOT NULL,
  `estado` bit(1) NOT NULL DEFAULT b'1',
  PRIMARY KEY (`idPedidoEtapaDet`)
) ENGINE=MyISAM AUTO_INCREMENT=216 DEFAULT CHARSET=utf8 COLLATE=utf8_bin;
/*!40101 SET character_set_client = @saved_cs_client */;

--
-- Dumping data for table `mc_pedido_etapa_detalle`
--

LOCK TABLES `mc_pedido_etapa_detalle` WRITE;
/*!40000 ALTER TABLE `mc_pedido_etapa_detalle` DISABLE KEYS */;
INSERT INTO `mc_pedido_etapa_detalle` VALUES (1,'2020-09-25 16:48:14','2020-09-25 11:48:14',1,1,_binary ''),(2,'2020-09-25 16:50:36','2020-09-25 11:50:36',1,2,_binary ''),(3,'2020-09-25 16:51:51','2020-09-25 11:51:51',1,3,_binary ''),(4,'2020-09-25 16:52:16','2020-09-25 11:52:16',1,4,_binary ''),(5,'2020-09-25 16:56:14','2020-09-25 11:56:14',2,1,_binary ''),(6,'2020-09-25 17:05:46','2020-09-25 12:05:46',3,1,_binary ''),(7,'2020-09-25 17:07:34','2020-09-25 12:07:34',3,2,_binary ''),(8,'2020-09-25 17:08:09','2020-09-25 12:08:09',3,3,_binary ''),(9,'2020-09-25 17:08:24','2020-09-25 12:08:24',3,4,_binary ''),(10,'2020-09-25 17:08:39','2020-09-25 12:08:39',4,1,_binary ''),(11,'2020-09-25 17:09:14','2020-09-25 12:09:14',4,2,_binary ''),(12,'2020-09-25 17:10:04','2020-09-25 12:10:04',4,3,_binary ''),(13,'2020-09-25 17:10:20','2020-09-25 12:10:20',4,4,_binary ''),(14,'2020-09-25 17:13:10','2020-09-25 12:13:10',5,1,_binary ''),(15,'2020-09-25 17:13:51','2020-09-25 12:13:51',5,2,_binary ''),(16,'2020-09-25 17:14:27','2020-09-25 12:14:27',5,3,_binary ''),(17,'2020-09-25 17:14:48','2020-09-25 12:14:48',5,4,_binary ''),(18,'2020-09-25 21:24:52','2020-09-25 16:24:52',6,1,_binary ''),(19,'2020-09-25 21:27:00','2020-09-25 16:27:00',6,2,_binary ''),(20,'2020-09-25 21:27:45','2020-09-25 16:27:45',6,3,_binary ''),(21,'2020-09-25 21:28:17','2020-09-25 16:28:17',6,4,_binary ''),(22,'2020-09-27 18:03:14','2020-09-27 13:03:14',7,1,_binary ''),(23,'2020-09-28 14:57:13','2020-09-28 09:57:13',8,1,_binary ''),(24,'2020-09-28 14:58:30','2020-09-28 09:58:30',9,1,_binary ''),(25,'2020-09-28 15:45:36','2020-09-28 10:45:36',9,2,_binary ''),(26,'2020-09-28 15:46:49','2020-09-28 10:46:49',9,3,_binary ''),(27,'2020-09-28 15:47:07','2020-09-28 10:47:07',9,4,_binary ''),(28,'2020-09-28 16:45:59','2020-09-28 11:45:59',13,1,_binary ''),(29,'2020-09-28 16:47:40','2020-09-28 11:47:40',15,1,_binary ''),(30,'2020-09-28 16:53:54','2020-09-28 11:53:54',13,2,_binary ''),(31,'2020-09-28 17:24:33','2020-09-28 12:24:33',13,3,_binary ''),(32,'2020-09-28 23:31:17','2020-09-28 18:31:17',18,1,_binary ''),(33,'2020-09-28 23:31:31','2020-09-28 18:31:31',17,1,_binary ''),(34,'2020-09-28 23:32:18','2020-09-28 18:32:18',18,2,_binary ''),(35,'2020-09-28 23:33:58','2020-09-28 18:33:58',18,3,_binary ''),(36,'2020-09-28 23:35:10','2020-09-28 18:35:10',18,4,_binary ''),(37,'2020-09-28 23:36:27','2020-09-28 18:36:27',17,2,_binary ''),(38,'2020-09-28 23:37:00','2020-09-28 18:37:00',17,3,_binary ''),(39,'2020-09-28 23:37:18','2020-09-28 18:37:18',17,4,_binary ''),(40,'2020-09-29 15:09:02','2020-09-29 10:09:02',19,1,_binary ''),(41,'2020-09-29 15:11:13','2020-09-29 10:11:13',19,2,_binary ''),(42,'2020-09-29 15:12:09','2020-09-29 10:12:09',19,3,_binary ''),(43,'2020-09-29 15:12:40','2020-09-29 10:12:40',19,4,_binary ''),(44,'2020-09-29 15:46:57','2020-09-29 10:46:57',20,1,_binary ''),(45,'2020-09-29 15:48:21','2020-09-29 10:48:21',20,2,_binary ''),(46,'2020-09-29 15:49:48','2020-09-29 10:49:48',20,3,_binary ''),(47,'2020-09-29 15:50:23','2020-09-29 10:50:23',20,4,_binary ''),(48,'2020-09-29 16:32:25','2020-09-29 11:32:25',21,1,_binary ''),(49,'2020-09-29 16:35:17','2020-09-29 11:35:17',21,2,_binary ''),(50,'2020-09-29 16:42:17','2020-09-29 11:42:17',21,3,_binary ''),(51,'2020-09-29 16:42:59','2020-09-29 11:42:59',21,4,_binary ''),(52,'2020-09-29 22:36:16','2020-09-29 17:36:16',25,1,_binary ''),(53,'2020-09-29 22:37:59','2020-09-29 17:37:59',25,2,_binary ''),(54,'2020-09-29 22:38:49','2020-09-29 17:38:49',25,3,_binary ''),(55,'2020-09-29 22:39:23','2020-09-29 17:39:23',25,4,_binary ''),(56,'2020-10-05 15:47:20','2020-10-05 10:47:20',29,1,_binary ''),(57,'2020-10-05 16:03:49','2020-10-05 11:03:49',30,1,_binary ''),(58,'2020-10-05 16:04:56','2020-10-05 11:04:56',29,2,_binary ''),(59,'2020-10-05 16:05:37','2020-10-05 11:05:37',30,2,_binary ''),(60,'2020-10-05 16:06:23','2020-10-05 11:06:23',30,3,_binary ''),(61,'2020-10-05 16:07:15','2020-10-05 11:07:15',30,4,_binary ''),(62,'2020-10-05 16:07:46','2020-10-05 11:07:46',29,3,_binary ''),(63,'2020-10-05 16:08:28','2020-10-05 11:08:28',29,4,_binary ''),(64,'2020-10-05 16:52:46','2020-10-05 11:52:46',32,1,_binary ''),(65,'2020-10-05 16:53:46','2020-10-05 11:53:46',33,1,_binary ''),(66,'2020-10-05 16:59:29','2020-10-05 11:59:29',34,1,_binary ''),(67,'2020-10-05 17:01:45','2020-10-05 12:01:45',32,2,_binary ''),(68,'2020-10-05 17:03:31','2020-10-05 12:03:31',32,3,_binary ''),(69,'2020-10-05 17:04:01','2020-10-05 12:04:01',32,4,_binary ''),(70,'2020-10-05 17:04:33','2020-10-05 12:04:33',33,2,_binary ''),(71,'2020-10-05 17:05:14','2020-10-05 12:05:14',33,3,_binary ''),(72,'2020-10-05 17:05:31','2020-10-05 12:05:31',33,4,_binary ''),(73,'2020-10-05 17:06:07','2020-10-05 12:06:07',34,2,_binary ''),(74,'2020-10-05 17:07:19','2020-10-05 12:07:19',34,3,_binary ''),(75,'2020-10-05 17:07:48','2020-10-05 12:07:48',34,4,_binary ''),(76,'2020-10-05 17:12:30','2020-10-05 12:12:30',36,1,_binary ''),(77,'2020-10-05 17:12:55','2020-10-05 12:12:55',36,2,_binary ''),(78,'2020-10-05 17:16:29','2020-10-05 12:16:29',37,1,_binary ''),(79,'2020-10-05 17:17:17','2020-10-05 12:17:17',37,2,_binary ''),(80,'2020-10-05 17:18:24','2020-10-05 12:18:24',37,3,_binary ''),(81,'2020-10-05 17:18:41','2020-10-05 12:18:41',37,4,_binary ''),(82,'2020-10-05 17:24:09','2020-10-05 12:24:09',36,3,_binary ''),(83,'2020-10-05 17:24:24','2020-10-05 12:24:24',36,4,_binary ''),(84,'2020-10-05 17:25:05','2020-10-05 12:25:05',38,1,_binary ''),(85,'2020-10-05 17:25:29','2020-10-05 12:25:29',38,2,_binary ''),(86,'2020-10-05 17:28:15','2020-10-05 12:28:15',39,1,_binary ''),(87,'2020-10-05 17:29:01','2020-10-05 12:29:01',39,2,_binary ''),(88,'2020-10-05 17:35:16','2020-10-05 12:35:16',40,1,_binary ''),(89,'2020-10-05 17:35:36','2020-10-05 12:35:36',40,2,_binary ''),(90,'2020-10-05 17:44:46','2020-10-05 12:44:46',35,1,_binary ''),(91,'2020-10-05 17:45:24','2020-10-05 12:45:24',35,2,_binary ''),(92,'2020-10-05 17:46:51','2020-10-05 12:46:51',35,3,_binary ''),(93,'2020-10-05 17:47:17','2020-10-05 12:47:17',35,4,_binary ''),(94,'2020-10-05 17:52:00','2020-10-05 12:52:00',41,1,_binary ''),(95,'2020-10-05 17:53:45','2020-10-05 12:53:45',41,2,_binary ''),(96,'2020-10-05 18:02:35','2020-10-05 13:02:35',41,3,_binary ''),(97,'2020-10-05 18:02:48','2020-10-05 13:02:48',41,4,_binary ''),(98,'2020-10-05 18:03:32','2020-10-05 13:03:32',42,1,_binary ''),(99,'2020-10-05 18:04:00','2020-10-05 13:04:00',42,2,_binary ''),(100,'2020-10-05 18:05:36','2020-10-05 13:05:36',43,1,_binary ''),(101,'2020-10-05 18:06:26','2020-10-05 13:06:26',43,2,_binary ''),(102,'2020-10-05 18:11:49','2020-10-05 13:11:49',44,1,_binary ''),(103,'2020-10-05 18:12:17','2020-10-05 13:12:17',44,2,_binary ''),(104,'2020-10-05 18:15:10','2020-10-05 13:15:10',45,1,_binary ''),(105,'2020-10-05 18:15:30','2020-10-05 13:15:30',45,2,_binary ''),(106,'2020-10-05 18:17:28','2020-10-05 13:17:28',46,1,_binary ''),(107,'2020-10-05 18:18:45','2020-10-05 13:18:45',46,2,_binary ''),(108,'2020-10-05 18:19:20','2020-10-05 13:19:20',46,3,_binary ''),(109,'2020-10-05 18:19:44','2020-10-05 13:19:44',46,4,_binary ''),(110,'2020-10-05 18:27:16','2020-10-05 13:27:16',47,1,_binary ''),(111,'2020-10-05 18:28:21','2020-10-05 13:28:21',47,2,_binary ''),(112,'2020-10-05 18:29:51','2020-10-05 13:29:51',47,3,_binary ''),(113,'2020-10-05 18:30:12','2020-10-05 13:30:12',47,4,_binary ''),(114,'2020-10-05 18:41:39','2020-10-05 13:41:39',48,1,_binary ''),(115,'2020-10-05 18:43:47','2020-10-05 13:43:47',48,2,_binary ''),(116,'2020-10-05 18:44:39','2020-10-05 13:44:39',48,3,_binary ''),(117,'2020-10-05 18:44:57','2020-10-05 13:44:57',48,4,_binary ''),(118,'2020-10-05 18:51:55','2020-10-05 13:51:55',42,3,_binary ''),(119,'2020-10-05 18:52:12','2020-10-05 13:52:12',42,4,_binary ''),(120,'2020-10-05 18:52:49','2020-10-05 13:52:49',43,3,_binary ''),(121,'2020-10-05 18:53:07','2020-10-05 13:53:07',43,4,_binary ''),(122,'2020-10-05 18:53:24','2020-10-05 13:53:24',45,3,_binary ''),(123,'2020-10-05 18:53:37','2020-10-05 13:53:37',45,4,_binary ''),(124,'2020-10-05 19:31:05','2020-10-05 14:31:05',49,1,_binary ''),(125,'2020-10-05 20:02:12','2020-10-05 15:02:12',49,2,_binary ''),(126,'2020-10-05 20:07:50','2020-10-05 15:07:50',50,1,_binary ''),(127,'2020-10-05 20:08:34','2020-10-05 15:08:34',50,2,_binary ''),(128,'2020-10-05 23:03:20','2020-10-05 18:03:20',51,1,_binary ''),(129,'2020-10-05 23:04:21','2020-10-05 18:04:21',51,2,_binary ''),(130,'2020-10-05 23:05:52','2020-10-05 18:05:52',51,3,_binary ''),(131,'2020-10-05 23:06:05','2020-10-05 18:06:05',51,4,_binary ''),(132,'2020-10-06 20:43:56','2020-10-06 15:43:56',52,1,_binary ''),(133,'2020-10-06 20:47:43','2020-10-06 15:47:43',52,2,_binary ''),(134,'2020-10-06 20:53:33','2020-10-06 15:53:33',52,3,_binary ''),(135,'2020-10-06 20:54:20','2020-10-06 15:54:20',52,4,_binary ''),(136,'2020-10-06 20:57:17','2020-10-06 15:57:17',53,1,_binary ''),(137,'2020-10-06 21:38:49','2020-10-06 16:38:49',54,1,_binary ''),(138,'2020-10-06 21:45:42','2020-10-06 16:45:42',55,1,_binary ''),(139,'2020-10-06 22:02:22','2020-10-06 17:02:22',56,1,_binary ''),(140,'2020-10-12 21:15:29','2020-10-12 16:15:29',57,1,_binary ''),(141,'2020-10-12 21:16:43','2020-10-12 16:16:43',57,2,_binary ''),(142,'2020-10-12 21:28:52','2020-10-12 16:28:52',57,3,_binary ''),(143,'2020-10-12 21:30:11','2020-10-12 16:30:11',57,4,_binary ''),(144,'2020-10-13 17:59:38','2020-10-13 12:59:38',58,1,_binary ''),(145,'2020-10-13 18:08:58','2020-10-13 13:08:58',58,2,_binary ''),(146,'2020-10-13 18:16:47','2020-10-13 13:16:47',58,3,_binary ''),(147,'2020-10-13 18:16:48','2020-10-13 13:16:48',58,3,_binary ''),(148,'2020-10-13 18:18:05','2020-10-13 13:18:05',58,4,_binary ''),(149,'2020-10-13 18:18:21','2020-10-13 13:18:21',58,4,_binary ''),(150,'2020-10-15 01:35:14','2020-10-14 20:35:14',68,1,_binary ''),(151,'2020-10-15 02:58:49','2020-10-14 21:58:49',72,1,_binary ''),(152,'2020-10-16 00:42:06','2020-10-15 19:42:06',74,1,_binary ''),(153,'2020-10-16 00:48:26','2020-10-15 19:48:26',74,2,_binary ''),(154,'2020-10-16 00:52:18','2020-10-15 19:52:18',74,3,_binary ''),(155,'2020-10-16 00:54:13','2020-10-15 19:54:13',74,4,_binary ''),(156,'2020-10-26 23:43:13','2020-10-26 18:43:13',75,1,_binary ''),(157,'2020-10-26 23:45:00','2020-10-26 18:45:00',75,2,_binary ''),(158,'2020-10-26 23:46:07','2020-10-26 18:46:07',75,3,_binary ''),(159,'2020-10-26 23:46:32','2020-10-26 18:46:32',75,4,_binary ''),(160,'2020-10-27 00:18:44','2020-10-26 19:18:44',76,1,_binary ''),(161,'2020-10-27 00:23:48','2020-10-26 19:23:48',76,2,_binary ''),(162,'2020-10-27 00:26:23','2020-10-26 19:26:23',76,3,_binary ''),(163,'2020-10-27 00:26:58','2020-10-26 19:26:58',76,4,_binary ''),(164,'2020-10-28 16:04:34','2020-10-28 11:04:34',77,1,_binary ''),(165,'2020-10-28 16:09:58','2020-10-28 11:09:58',77,2,_binary ''),(166,'2020-10-28 16:10:59','2020-10-28 11:10:59',77,3,_binary ''),(167,'2020-10-28 16:11:20','2020-10-28 11:11:20',77,4,_binary ''),(168,'2020-11-06 17:16:54','2020-11-06 11:16:54',79,1,_binary ''),(169,'2020-11-06 17:30:49','2020-11-06 11:30:49',81,1,_binary ''),(170,'2020-11-06 17:33:08','2020-11-06 11:33:08',82,1,_binary ''),(171,'2020-11-06 17:35:39','2020-11-06 11:35:39',83,1,_binary ''),(172,'2020-11-06 17:37:15','2020-11-06 11:37:15',84,1,_binary ''),(173,'2020-11-06 17:37:32','2020-11-06 11:37:32',85,1,_binary ''),(174,'2020-11-06 17:39:43','2020-11-06 11:39:43',79,2,_binary ''),(175,'2020-11-06 17:41:17','2020-11-06 11:41:17',79,3,_binary ''),(176,'2020-11-06 17:41:58','2020-11-06 11:41:58',79,4,_binary ''),(177,'2020-11-06 17:42:22','2020-11-06 11:42:22',84,2,_binary ''),(178,'2020-11-06 17:42:46','2020-11-06 11:42:46',84,3,_binary ''),(179,'2020-11-06 17:42:59','2020-11-06 11:42:59',84,4,_binary ''),(180,'2020-11-09 22:17:01','2020-11-09 16:17:01',86,1,_binary ''),(181,'2020-11-09 22:17:04','2020-11-09 16:17:04',87,1,_binary ''),(182,'2020-11-09 22:22:53','2020-11-09 16:22:53',88,1,_binary ''),(183,'2020-11-09 23:53:44','2020-11-09 17:53:44',89,1,_binary ''),(184,'2020-11-11 21:46:10','2020-11-11 15:46:10',90,1,_binary ''),(185,'2020-11-11 21:50:43','2020-11-11 15:50:43',92,1,_binary ''),(186,'2020-11-11 21:53:34','2020-11-11 15:53:34',91,1,_binary ''),(187,'2020-11-11 22:14:22','2020-11-11 16:14:22',92,2,_binary ''),(188,'2020-11-11 22:20:59','2020-11-11 16:20:59',92,3,_binary ''),(189,'2020-11-11 22:21:51','2020-11-11 16:21:51',92,4,_binary ''),(190,'2020-11-11 22:24:27','2020-11-11 16:24:27',88,2,_binary ''),(191,'2020-11-11 22:43:07','2020-11-11 16:43:07',93,1,_binary ''),(192,'2020-11-11 22:48:54','2020-11-11 16:48:54',93,2,_binary ''),(193,'2020-11-11 22:51:30','2020-11-11 16:51:30',93,3,_binary ''),(194,'2020-11-11 22:51:56','2020-11-11 16:51:56',93,4,_binary ''),(195,'2020-11-18 15:11:25','2020-11-18 09:11:25',95,1,_binary ''),(196,'2020-11-18 15:13:59','2020-11-18 09:13:59',95,2,_binary ''),(197,'2020-11-18 15:14:26','2020-11-18 09:14:26',95,3,_binary ''),(198,'2020-11-18 15:14:43','2020-11-18 09:14:43',95,4,_binary ''),(199,'2020-11-18 20:24:38','2020-11-18 14:24:38',96,1,_binary ''),(200,'2020-11-18 20:25:22','2020-11-18 14:25:22',96,2,_binary ''),(201,'2020-11-18 20:26:16','2020-11-18 14:26:16',96,3,_binary ''),(202,'2020-11-18 20:27:24','2020-11-18 14:27:24',96,4,_binary ''),(203,'2020-11-18 22:19:57','2020-11-18 16:19:57',98,1,_binary ''),(204,'2020-11-18 22:22:01','2020-11-18 16:22:01',100,1,_binary ''),(205,'2020-11-18 22:26:14','2020-11-18 16:26:14',100,2,_binary ''),(206,'2020-11-18 22:28:50','2020-11-18 16:28:50',100,3,_binary ''),(207,'2020-11-18 22:29:39','2020-11-18 16:29:39',100,4,_binary ''),(208,'2020-11-21 01:56:52','2020-11-20 19:56:52',103,1,_binary ''),(209,'2020-11-21 01:58:28','2020-11-20 19:58:28',103,2,_binary ''),(210,'2020-11-21 01:58:50','2020-11-20 19:58:50',103,3,_binary ''),(211,'2020-11-21 01:59:04','2020-11-20 19:59:04',103,4,_binary ''),(212,'2020-11-24 02:28:01','2020-11-23 20:28:01',104,1,_binary ''),(213,'2020-11-24 02:29:12','2020-11-23 20:29:12',104,2,_binary ''),(214,'2020-11-24 02:30:30','2020-11-23 20:30:30',104,3,_binary ''),(215,'2020-11-24 02:31:10','2020-11-23 20:31:10',104,4,_binary '');
/*!40000 ALTER TABLE `mc_pedido_etapa_detalle` ENABLE KEYS */;
UNLOCK TABLES;

--
-- Table structure for table `mc_usuario_cliente`
--

DROP TABLE IF EXISTS `mc_usuario_cliente`;
/*!40101 SET @saved_cs_client     = @@character_set_client */;
/*!50503 SET character_set_client = utf8mb4 */;
CREATE TABLE `mc_usuario_cliente` (
  `idUsuarioCliente` int(11) NOT NULL AUTO_INCREMENT,
  `nombres` varchar(45) COLLATE utf8_unicode_ci DEFAULT NULL,
  `ape_paterno` varchar(45) COLLATE utf8_unicode_ci DEFAULT NULL,
  `ape_materno` varchar(45) COLLATE utf8_unicode_ci DEFAULT NULL,
  `nombre_usuario` varchar(45) COLLATE utf8_unicode_ci DEFAULT NULL,
  `clave` varchar(45) COLLATE utf8_unicode_ci DEFAULT NULL,
  `email` varchar(100) COLLATE utf8_unicode_ci DEFAULT NULL,
  `nro_documento` varchar(50) COLLATE utf8_unicode_ci DEFAULT NULL,
  `telefono` varchar(15) COLLATE utf8_unicode_ci DEFAULT NULL,
  `direccion` varchar(255) COLLATE utf8_unicode_ci DEFAULT NULL,
  `estado` bit(1) DEFAULT b'1',
  PRIMARY KEY (`idUsuarioCliente`),
  UNIQUE KEY `nombre_usuario` (`nombre_usuario`)
) ENGINE=InnoDB AUTO_INCREMENT=94 DEFAULT CHARSET=utf8 COLLATE=utf8_unicode_ci;
/*!40101 SET character_set_client = @saved_cs_client */;

--
-- Dumping data for table `mc_usuario_cliente`
--

LOCK TABLES `mc_usuario_cliente` WRITE;
/*!40000 ALTER TABLE `mc_usuario_cliente` DISABLE KEYS */;
INSERT INTO `mc_usuario_cliente` VALUES (1,'Aaron','Ccenta','Nieto','70960743','70960743','aaron.ccenta@gmail.com','70960743','926451342',NULL,_binary ''),(2,'ANONIMO_TEMP',NULL,NULL,NULL,NULL,NULL,NULL,NULL,NULL,_binary ''),(3,'ANONIMO_TEMP',NULL,NULL,NULL,NULL,NULL,NULL,NULL,NULL,_binary ''),(4,'ANONIMO_TEMP',NULL,NULL,NULL,NULL,NULL,NULL,NULL,NULL,_binary ''),(5,'Ernesto ','Estrada','Nuñez','07835141','07835141','ernesto.estrada1305@gmail.com','07835141','981897364',NULL,_binary ''),(6,'Sandra','Ahrens','Castillo','41536558','41536558','sandriahc@gmail.com','41536558','963762613',NULL,_binary ''),(7,'ANONIMO_TEMP',NULL,NULL,NULL,NULL,NULL,NULL,NULL,NULL,_binary ''),(8,'Cesar','Rodriguez','Venegas ','07799406','07799406','crodriguez1406@yahoo.es','07799406','992831253',NULL,_binary ''),(9,'ANONIMO_TEMP',NULL,NULL,NULL,NULL,NULL,NULL,NULL,NULL,_binary ''),(10,'ANONIMO_TEMP',NULL,NULL,NULL,NULL,NULL,NULL,NULL,NULL,_binary ''),(11,'ANONIMO_TEMP',NULL,NULL,NULL,NULL,NULL,NULL,NULL,NULL,_binary ''),(12,'ANONIMO_TEMP',NULL,NULL,NULL,NULL,NULL,NULL,NULL,NULL,_binary ''),(13,'ANONIMO_TEMP',NULL,NULL,NULL,NULL,NULL,NULL,NULL,NULL,_binary ''),(14,'ANONIMO_TEMP',NULL,NULL,NULL,NULL,NULL,NULL,NULL,NULL,_binary ''),(15,'ANONIMO_TEMP',NULL,NULL,NULL,NULL,NULL,NULL,NULL,NULL,_binary ''),(16,'ANONIMO_TEMP',NULL,NULL,NULL,NULL,NULL,NULL,NULL,NULL,_binary ''),(17,'ANONIMO_TEMP',NULL,NULL,NULL,NULL,NULL,NULL,NULL,NULL,_binary ''),(18,'ANONIMO_TEMP',NULL,NULL,NULL,NULL,NULL,NULL,NULL,NULL,_binary ''),(19,'ANONIMO_TEMP',NULL,NULL,NULL,NULL,NULL,NULL,NULL,NULL,_binary ''),(20,'ANONIMO_TEMP',NULL,NULL,NULL,NULL,NULL,NULL,NULL,NULL,_binary ''),(21,'ANONIMO_TEMP',NULL,NULL,NULL,NULL,NULL,NULL,NULL,NULL,_binary ''),(22,'ANONIMO_TEMP',NULL,NULL,NULL,NULL,NULL,NULL,NULL,NULL,_binary ''),(23,'ANONIMO_TEMP',NULL,NULL,NULL,NULL,NULL,NULL,NULL,NULL,_binary ''),(24,'ANONIMO_TEMP',NULL,NULL,NULL,NULL,NULL,NULL,NULL,NULL,_binary ''),(25,'ANONIMO_TEMP',NULL,NULL,NULL,NULL,NULL,NULL,NULL,NULL,_binary ''),(26,'ANONIMO_TEMP',NULL,NULL,NULL,NULL,NULL,NULL,NULL,NULL,_binary ''),(27,'ANONIMO_TEMP',NULL,NULL,NULL,NULL,NULL,NULL,NULL,NULL,_binary ''),(28,'ANONIMO_TEMP',NULL,NULL,NULL,NULL,NULL,NULL,NULL,NULL,_binary ''),(29,'ANONIMO_TEMP',NULL,NULL,NULL,NULL,NULL,NULL,NULL,NULL,_binary ''),(30,'ANONIMO_TEMP',NULL,NULL,NULL,NULL,NULL,NULL,NULL,NULL,_binary ''),(31,'ANONIMO_TEMP',NULL,NULL,NULL,NULL,NULL,NULL,NULL,NULL,_binary ''),(32,'ANONIMO_TEMP',NULL,NULL,NULL,NULL,NULL,NULL,NULL,NULL,_binary ''),(33,'ANONIMO_TEMP',NULL,NULL,NULL,NULL,NULL,NULL,NULL,NULL,_binary ''),(34,'ANONIMO_TEMP',NULL,NULL,NULL,NULL,NULL,NULL,NULL,NULL,_binary ''),(35,'ANONIMO_TEMP',NULL,NULL,NULL,NULL,NULL,NULL,NULL,NULL,_binary ''),(36,'ANONIMO_TEMP',NULL,NULL,NULL,NULL,NULL,NULL,NULL,NULL,_binary ''),(37,'Cesar ','Pérez ','Fleming ','07630210','07630210','cesarperezfleming@gmail.com','07630210','983740929 ',NULL,_binary ''),(38,'ANONIMO_TEMP',NULL,NULL,NULL,NULL,NULL,NULL,NULL,NULL,_binary ''),(39,'ANONIMO_TEMP',NULL,NULL,NULL,NULL,NULL,NULL,NULL,NULL,_binary ''),(40,'EDG','MONSALVE','BACA','16792020','16792020','edgardobacam@gmail.com','16792020','998111111',NULL,_binary ''),(41,'ANONIMO_TEMP',NULL,NULL,NULL,NULL,NULL,NULL,NULL,NULL,_binary ''),(42,'ANONIMO_TEMP',NULL,NULL,NULL,NULL,NULL,NULL,NULL,NULL,_binary ''),(43,'ANONIMO_TEMP',NULL,NULL,NULL,NULL,NULL,NULL,NULL,NULL,_binary ''),(44,'ANONIMO_TEMP',NULL,NULL,NULL,NULL,NULL,NULL,NULL,NULL,_binary ''),(45,'ANONIMO_TEMP',NULL,NULL,NULL,NULL,NULL,NULL,NULL,NULL,_binary ''),(46,'ANONIMO_TEMP',NULL,NULL,NULL,NULL,NULL,NULL,NULL,NULL,_binary ''),(47,'ANONIMO_TEMP',NULL,NULL,NULL,NULL,NULL,NULL,NULL,NULL,_binary ''),(48,'ANONIMO_TEMP',NULL,NULL,NULL,NULL,NULL,NULL,NULL,NULL,_binary ''),(49,'ANONIMO_TEMP',NULL,NULL,NULL,NULL,NULL,NULL,NULL,NULL,_binary ''),(50,'ANONIMO_TEMP',NULL,NULL,NULL,NULL,NULL,NULL,NULL,NULL,_binary ''),(51,'ANONIMO_TEMP',NULL,NULL,NULL,NULL,NULL,NULL,NULL,NULL,_binary ''),(52,'ANONIMO_TEMP',NULL,NULL,NULL,NULL,NULL,NULL,NULL,NULL,_binary ''),(53,'ANONIMO_TEMP',NULL,NULL,NULL,NULL,NULL,NULL,NULL,NULL,_binary ''),(54,'ANONIMO_TEMP',NULL,NULL,NULL,NULL,NULL,NULL,NULL,NULL,_binary ''),(55,'ANONIMO_TEMP',NULL,NULL,NULL,NULL,NULL,NULL,NULL,NULL,_binary ''),(56,'ANONIMO_TEMP',NULL,NULL,NULL,NULL,NULL,NULL,NULL,NULL,_binary ''),(57,'Erika','Aspillaga','Gomez Silva','06792956','06792956','lbandrea18@gmail.com','06792956','932333887',NULL,_binary ''),(58,'ANONIMO_TEMP',NULL,NULL,NULL,NULL,NULL,NULL,NULL,NULL,_binary ''),(59,'ANONIMO_TEMP',NULL,NULL,NULL,NULL,NULL,NULL,NULL,NULL,_binary ''),(60,'ANONIMO_TEMP',NULL,NULL,NULL,NULL,NULL,NULL,NULL,NULL,_binary ''),(61,'ANONIMO_TEMP',NULL,NULL,NULL,NULL,NULL,NULL,NULL,NULL,_binary ''),(62,'ANONIMO_TEMP',NULL,NULL,NULL,NULL,NULL,NULL,NULL,NULL,_binary ''),(63,'ANONIMO_TEMP',NULL,NULL,NULL,NULL,NULL,NULL,NULL,NULL,_binary ''),(64,'Prueba 1','Villa 1','Villa 2','12344567','12344567','prueba1@gmail.com','12344567','993748564',NULL,_binary ''),(65,'ANONIMO_TEMP',NULL,NULL,NULL,NULL,NULL,NULL,NULL,NULL,_binary ''),(66,'ANONIMO_TEMP',NULL,NULL,NULL,NULL,NULL,NULL,NULL,NULL,_binary ''),(67,'ANONIMO_TEMP',NULL,NULL,NULL,NULL,NULL,NULL,NULL,NULL,_binary ''),(68,'Santiago','Rodriguez','Zavalaga ','70258801','70258801','srodriguez3b@gmail.com','70258801','992831186',NULL,_binary ''),(69,'ANONIMO_TEMP',NULL,NULL,NULL,NULL,NULL,NULL,NULL,NULL,_binary ''),(70,'ANONIMO_TEMP',NULL,NULL,NULL,NULL,NULL,NULL,NULL,NULL,_binary ''),(71,'ANONIMO_TEMP',NULL,NULL,NULL,NULL,NULL,NULL,NULL,NULL,_binary ''),(72,'Augusto Carlos','Peredo','Ferrari','09533268','09533268','augustoperedo2409@gmail.com','09533268','955817887',NULL,_binary ''),(73,'ANONIMO_TEMP',NULL,NULL,NULL,NULL,NULL,NULL,NULL,NULL,_binary ''),(74,'JESSICA','VARGAS','ESPINOZA','25740425','25740425','jessica.vargas@ps.com.pe','25740425','995743336',NULL,_binary ''),(75,'ANONIMO_TEMP',NULL,NULL,NULL,NULL,NULL,NULL,NULL,NULL,_binary ''),(76,'Arturo','dddddd','rrrrrrr','42080553','42080553','arturodr@gmail.com','42080553','997207077',NULL,_binary ''),(77,'ANONIMO_TEMP',NULL,NULL,NULL,NULL,NULL,NULL,NULL,NULL,_binary ''),(78,'Julio','Peredo','Orlandini','09162135','09162135','acpf2409@gmail.com','09162135','955817887',NULL,_binary ''),(79,'ANONIMO_TEMP',NULL,NULL,NULL,NULL,NULL,NULL,NULL,NULL,_binary ''),(80,'ANONIMO_TEMP',NULL,NULL,NULL,NULL,NULL,NULL,NULL,NULL,_binary ''),(81,'ANONIMO_TEMP',NULL,NULL,NULL,NULL,NULL,NULL,NULL,NULL,_binary ''),(82,'ANONIMO_TEMP',NULL,NULL,NULL,NULL,NULL,NULL,NULL,NULL,_binary ''),(83,'ANONIMO_TEMP',NULL,NULL,NULL,NULL,NULL,NULL,NULL,NULL,_binary ''),(84,'ANONIMO_TEMP',NULL,NULL,NULL,NULL,NULL,NULL,NULL,NULL,_binary ''),(85,'ANONIMO_TEMP',NULL,NULL,NULL,NULL,NULL,NULL,NULL,NULL,_binary ''),(86,'ANONIMO_TEMP',NULL,NULL,NULL,NULL,NULL,NULL,NULL,NULL,_binary ''),(87,'Aaron','Ñaupa','Ramos','77420212','77420212','aarommick07@hotmail.com','77420212','999243161',NULL,_binary ''),(88,'ANONIMO_TEMP',NULL,NULL,NULL,NULL,NULL,NULL,NULL,NULL,_binary ''),(89,'ANONIMO_TEMP',NULL,NULL,NULL,NULL,NULL,NULL,NULL,NULL,_binary ''),(90,'ANONIMO_TEMP',NULL,NULL,NULL,NULL,NULL,NULL,NULL,NULL,_binary ''),(91,'ANONIMO_TEMP',NULL,NULL,NULL,NULL,NULL,NULL,NULL,NULL,_binary ''),(92,'ANONIMO_TEMP',NULL,NULL,NULL,NULL,NULL,NULL,NULL,NULL,_binary ''),(93,'ANONIMO_TEMP',NULL,NULL,NULL,NULL,NULL,NULL,NULL,NULL,_binary '');
/*!40000 ALTER TABLE `mc_usuario_cliente` ENABLE KEYS */;
UNLOCK TABLES;

--
-- Table structure for table `ms_canal`
--

DROP TABLE IF EXISTS `ms_canal`;
/*!40101 SET @saved_cs_client     = @@character_set_client */;
/*!50503 SET character_set_client = utf8mb4 */;
CREATE TABLE `ms_canal` (
  `id_canal` int(11) NOT NULL AUTO_INCREMENT,
  `nombre` varchar(150) COLLATE utf8_unicode_ci DEFAULT NULL,
  `estado` bit(1) DEFAULT b'1',
  PRIMARY KEY (`id_canal`)
) ENGINE=InnoDB AUTO_INCREMENT=3 DEFAULT CHARSET=utf8 COLLATE=utf8_unicode_ci;
/*!40101 SET character_set_client = @saved_cs_client */;

--
-- Dumping data for table `ms_canal`
--

LOCK TABLES `ms_canal` WRITE;
/*!40000 ALTER TABLE `ms_canal` DISABLE KEYS */;
INSERT INTO `ms_canal` VALUES (1,'Web',_binary ''),(2,'Call Center',_binary '');
/*!40000 ALTER TABLE `ms_canal` ENABLE KEYS */;
UNLOCK TABLES;

--
-- Table structure for table `ms_centro_comercial`
--

DROP TABLE IF EXISTS `ms_centro_comercial`;
/*!40101 SET @saved_cs_client     = @@character_set_client */;
/*!50503 SET character_set_client = utf8mb4 */;
CREATE TABLE `ms_centro_comercial` (
  `id_centro_comercial` int(11) NOT NULL AUTO_INCREMENT,
  `nombre` varchar(150) COLLATE utf8_unicode_ci DEFAULT NULL,
  `estado` bit(1) DEFAULT b'1',
  `latitud` float DEFAULT NULL,
  `longitud` float DEFAULT NULL,
  `id_ubigeo` int(11) NOT NULL,
  PRIMARY KEY (`id_centro_comercial`),
  KEY `fk_ms_centro_comercial_ms_ubigeo1_idx` (`id_ubigeo`),
  CONSTRAINT `fk_ms_centro_comercial_ms_ubigeo1` FOREIGN KEY (`id_ubigeo`) REFERENCES `ms_ubigeo` (`id_ubigeo`) ON DELETE NO ACTION ON UPDATE NO ACTION
) ENGINE=InnoDB AUTO_INCREMENT=4 DEFAULT CHARSET=utf8 COLLATE=utf8_unicode_ci;
/*!40101 SET character_set_client = @saved_cs_client */;

--
-- Dumping data for table `ms_centro_comercial`
--

LOCK TABLES `ms_centro_comercial` WRITE;
/*!40000 ALTER TABLE `ms_centro_comercial` DISABLE KEYS */;
INSERT INTO `ms_centro_comercial` VALUES (1,'MALL DEL SUR',_binary '',NULL,NULL,1343),(3,'MALLPLAZA',_binary '',NULL,NULL,720);
/*!40000 ALTER TABLE `ms_centro_comercial` ENABLE KEYS */;
UNLOCK TABLES;

--
-- Table structure for table `ms_comercio`
--

DROP TABLE IF EXISTS `ms_comercio`;
/*!40101 SET @saved_cs_client     = @@character_set_client */;
/*!50503 SET character_set_client = utf8mb4 */;
CREATE TABLE `ms_comercio` (
  `id_comercio` int(11) NOT NULL AUTO_INCREMENT,
  `nombre` varchar(150) COLLATE utf8_unicode_ci DEFAULT NULL,
  `razon_social` varchar(150) COLLATE utf8_unicode_ci DEFAULT NULL,
  `estado` bit(1) DEFAULT b'1',
  `ruta_logo` varchar(500) COLLATE utf8_unicode_ci DEFAULT NULL,
  `ruc` varchar(50) COLLATE utf8_unicode_ci DEFAULT NULL,
  `id_rubro` int(11) DEFAULT NULL,
  `id_giro` int(11) DEFAULT NULL,
  `costo_delivery` float DEFAULT NULL,
  `telefono` varchar(45) COLLATE utf8_unicode_ci DEFAULT NULL,
  `configurado` bit(1) DEFAULT b'0',
  `creditosActual` int(11) DEFAULT NULL,
  `ruta_terminos` varchar(500) COLLATE utf8_unicode_ci DEFAULT NULL,
  `nro_documento` varchar(50) COLLATE utf8_unicode_ci DEFAULT NULL,
  `Tipo_comercio` int(11) DEFAULT NULL,
  `pago_visa` varchar(500) COLLATE utf8_unicode_ci DEFAULT NULL,
  PRIMARY KEY (`id_comercio`),
  KEY `fk_ms_comercio_ms_giro` (`id_giro`),
  KEY `fk_ms_comercio_ms_rubro` (`id_rubro`),
  CONSTRAINT `fk_ms_comercio_ms_giro` FOREIGN KEY (`id_giro`) REFERENCES `ms_giro` (`id_giro`),
  CONSTRAINT `fk_ms_comercio_ms_rubro` FOREIGN KEY (`id_rubro`) REFERENCES `ms_rubro` (`id_rubro`)
) ENGINE=InnoDB AUTO_INCREMENT=124 DEFAULT CHARSET=utf8 COLLATE=utf8_unicode_ci;
/*!40101 SET character_set_client = @saved_cs_client */;

--
-- Dumping data for table `ms_comercio`
--

LOCK TABLES `ms_comercio` WRITE;
/*!40000 ALTER TABLE `ms_comercio` DISABLE KEYS */;
INSERT INTO `ms_comercio` VALUES (117,'APEFOODT FOOD TRUCK','APEFOODT',_binary '','logo_117_132150','12345678901',1,8,NULL,'963762613',_binary '',NULL,NULL,'',NULL,'https://www.niubizpagolink.pe'),(118,'COMERCIO DE PRUEBA','PRUEBAVENTAS SAC',_binary '',NULL,'12345678901',1,5,NULL,'995743336',_binary '',NULL,NULL,'',NULL,'https://www.niubizpagolink.pe'),(119,'Restaurante La Cocina de Gloria','Restaurante SAC',_binary '',NULL,'12345678901',1,7,NULL,'992831253',_binary '',NULL,NULL,'',NULL,'https://www.niubizpagolink.pe'),(120,'LA BOUTIQUE DE ANDREA LBA','ASPILLAGA GOMEZ SILVA ERIKA PATRICIA',_binary '','logo_120_115331','10067929565',8,25,NULL,'914867968',_binary '',15,NULL,'',NULL,''),(121,'Food Truck Mall Plaza','Food Truck',_binary '',NULL,'12345678901',1,3,NULL,'963762613',_binary '',NULL,NULL,'',NULL,NULL),(122,'Mar Azul','Mar Azul SAC',_binary '',NULL,'12345678901',1,2,NULL,'963762613',_binary '',NULL,NULL,'',NULL,'https://www.niubizpagolink.pe'),(123,'Sweet Marcela','Sweet Marcela SAC',_binary '',NULL,'12345678901',1,10,NULL,'963762613',_binary '',NULL,NULL,'',NULL,'');
/*!40000 ALTER TABLE `ms_comercio` ENABLE KEYS */;
UNLOCK TABLES;

--
-- Table structure for table `ms_comercio_local`
--

DROP TABLE IF EXISTS `ms_comercio_local`;
/*!40101 SET @saved_cs_client     = @@character_set_client */;
/*!50503 SET character_set_client = utf8mb4 */;
CREATE TABLE `ms_comercio_local` (
  `idComercioLocal` int(11) NOT NULL AUTO_INCREMENT,
  `nombre` varchar(200) COLLATE utf8_bin NOT NULL,
  `direccion` varchar(255) COLLATE utf8_bin NOT NULL,
  `telefono` varchar(15) COLLATE utf8_bin NOT NULL,
  `idUbigeo` int(11) NOT NULL,
  `idComercio` int(11) NOT NULL,
  PRIMARY KEY (`idComercioLocal`)
) ENGINE=MyISAM AUTO_INCREMENT=5 DEFAULT CHARSET=utf8 COLLATE=utf8_bin;
/*!40101 SET character_set_client = @saved_cs_client */;

--
-- Dumping data for table `ms_comercio_local`
--

LOCK TABLES `ms_comercio_local` WRITE;
/*!40000 ALTER TABLE `ms_comercio_local` DISABLE KEYS */;
INSERT INTO `ms_comercio_local` VALUES (1,'KFC1','Av. KFC 234','123456789',1321,1),(2,'KFC2','Av. KFC 555','12345678',1320,1),(3,'rockys1','Av. Rockys 231','12345678',1320,3),(4,'rockys2','Av. rockys 555','12345678',1327,3);
/*!40000 ALTER TABLE `ms_comercio_local` ENABLE KEYS */;
UNLOCK TABLES;

--
-- Table structure for table `ms_comercio_metodo`
--

DROP TABLE IF EXISTS `ms_comercio_metodo`;
/*!40101 SET @saved_cs_client     = @@character_set_client */;
/*!50503 SET character_set_client = utf8mb4 */;
CREATE TABLE `ms_comercio_metodo` (
  `id_comercio_met` int(11) NOT NULL AUTO_INCREMENT,
  `id_comercio` int(11) NOT NULL,
  `id_metodo_env` int(11) DEFAULT NULL,
  `estado` bit(1) DEFAULT b'1',
  PRIMARY KEY (`id_comercio_met`),
  KEY `fk_ms_comercio_met_ms_metodo_env` (`id_metodo_env`),
  KEY `fk_ms_comercio_met_ms_comercio` (`id_comercio`),
  CONSTRAINT `fk_ms_comercio_met_ms_comercio` FOREIGN KEY (`id_comercio`) REFERENCES `ms_comercio` (`id_comercio`),
  CONSTRAINT `fk_ms_comercio_met_ms_metodo_env` FOREIGN KEY (`id_metodo_env`) REFERENCES `ms_metodo_envio` (`id_metodo_env`)
) ENGINE=InnoDB AUTO_INCREMENT=59 DEFAULT CHARSET=utf8 COLLATE=utf8_unicode_ci;
/*!40101 SET character_set_client = @saved_cs_client */;

--
-- Dumping data for table `ms_comercio_metodo`
--

LOCK TABLES `ms_comercio_metodo` WRITE;
/*!40000 ALTER TABLE `ms_comercio_metodo` DISABLE KEYS */;
INSERT INTO `ms_comercio_metodo` VALUES (47,117,1,_binary ''),(48,117,2,_binary ''),(49,118,1,_binary ''),(50,118,2,_binary ''),(51,119,1,_binary ''),(52,119,2,_binary ''),(53,120,1,_binary ''),(54,120,2,_binary ''),(55,122,1,_binary ''),(56,122,2,_binary ''),(57,123,1,_binary ''),(58,123,2,_binary '');
/*!40000 ALTER TABLE `ms_comercio_metodo` ENABLE KEYS */;
UNLOCK TABLES;

--
-- Table structure for table `ms_comercio_plato`
--

DROP TABLE IF EXISTS `ms_comercio_plato`;
/*!40101 SET @saved_cs_client     = @@character_set_client */;
/*!50503 SET character_set_client = utf8mb4 */;
CREATE TABLE `ms_comercio_plato` (
  `idComercioPlato` int(11) NOT NULL AUTO_INCREMENT,
  `nombre` varchar(200) COLLATE utf8_bin DEFAULT NULL,
  `precio` decimal(10,2) NOT NULL,
  `nombre_imagen` varchar(200) COLLATE utf8_bin DEFAULT NULL,
  `idComercio` int(11) NOT NULL,
  PRIMARY KEY (`idComercioPlato`),
  KEY `fk_ms_comercio_plato` (`idComercio`)
) ENGINE=MyISAM AUTO_INCREMENT=4 DEFAULT CHARSET=utf8 COLLATE=utf8_bin;
/*!40101 SET character_set_client = @saved_cs_client */;

--
-- Dumping data for table `ms_comercio_plato`
--

LOCK TABLES `ms_comercio_plato` WRITE;
/*!40000 ALTER TABLE `ms_comercio_plato` DISABLE KEYS */;
INSERT INTO `ms_comercio_plato` VALUES (1,'Hamburguesa',8.99,'Hamburguesa.jpg',1),(2,'Balde KFC',27.90,'Kfcbalde.png',1),(3,'1/4 de Pollo',15.00,'pollouncuarto.jpg',3);
/*!40000 ALTER TABLE `ms_comercio_plato` ENABLE KEYS */;
UNLOCK TABLES;

--
-- Table structure for table `ms_configuracion_alerta`
--

DROP TABLE IF EXISTS `ms_configuracion_alerta`;
/*!40101 SET @saved_cs_client     = @@character_set_client */;
/*!50503 SET character_set_client = utf8mb4 */;
CREATE TABLE `ms_configuracion_alerta` (
  `id_conf_alerta` int(11) NOT NULL,
  `titulo` varchar(45) COLLATE utf8_unicode_ci DEFAULT NULL,
  `contenido` varchar(500) COLLATE utf8_unicode_ci DEFAULT NULL,
  `estado` bit(1) DEFAULT NULL,
  `id_comercio` int(11) NOT NULL,
  `id_proyecto` int(11) NOT NULL,
  PRIMARY KEY (`id_conf_alerta`),
  KEY `fk_ms_configuracion_alerta_ms_comercio1_idx` (`id_comercio`),
  KEY `fk_ms_configuracion_alerta_ms_proyecto1_idx` (`id_proyecto`),
  CONSTRAINT `fk_ms_configuracion_alerta_ms_comercio1` FOREIGN KEY (`id_comercio`) REFERENCES `ms_comercio` (`id_comercio`) ON DELETE NO ACTION ON UPDATE NO ACTION,
  CONSTRAINT `fk_ms_configuracion_alerta_ms_proyecto1` FOREIGN KEY (`id_proyecto`) REFERENCES `ms_proyecto` (`id_proyecto`) ON DELETE NO ACTION ON UPDATE NO ACTION
) ENGINE=InnoDB DEFAULT CHARSET=utf8 COLLATE=utf8_unicode_ci;
/*!40101 SET character_set_client = @saved_cs_client */;

--
-- Dumping data for table `ms_configuracion_alerta`
--

LOCK TABLES `ms_configuracion_alerta` WRITE;
/*!40000 ALTER TABLE `ms_configuracion_alerta` DISABLE KEYS */;
/*!40000 ALTER TABLE `ms_configuracion_alerta` ENABLE KEYS */;
UNLOCK TABLES;

--
-- Table structure for table `ms_configuracion_mensaje`
--

DROP TABLE IF EXISTS `ms_configuracion_mensaje`;
/*!40101 SET @saved_cs_client     = @@character_set_client */;
/*!50503 SET character_set_client = utf8mb4 */;
CREATE TABLE `ms_configuracion_mensaje` (
  `id_conf_mens` int(11) NOT NULL AUTO_INCREMENT,
  `mensaje` varchar(500) COLLATE utf8_unicode_ci DEFAULT NULL,
  `id_comercio` int(11) NOT NULL,
  `id_proceso` int(11) DEFAULT NULL,
  `estado` bit(1) NOT NULL DEFAULT b'1',
  PRIMARY KEY (`id_conf_mens`),
  KEY `fk_ms_conf_mensaje_ms_comercio` (`id_comercio`),
  KEY `fk_ms_conf_mensaje_ms_proceso` (`id_proceso`),
  CONSTRAINT `fk_ms_conf_mensaje_ms_comercio` FOREIGN KEY (`id_comercio`) REFERENCES `ms_comercio` (`id_comercio`),
  CONSTRAINT `fk_ms_conf_mensaje_ms_proceso` FOREIGN KEY (`id_proceso`) REFERENCES `ms_proceso` (`id_proceso`)
) ENGINE=InnoDB AUTO_INCREMENT=94 DEFAULT CHARSET=utf8 COLLATE=utf8_unicode_ci;
/*!40101 SET character_set_client = @saved_cs_client */;

--
-- Dumping data for table `ms_configuracion_mensaje`
--

LOCK TABLES `ms_configuracion_mensaje` WRITE;
/*!40000 ALTER TABLE `ms_configuracion_mensaje` DISABLE KEYS */;
INSERT INTO `ms_configuracion_mensaje` VALUES (79,' [cli_nombres] tu pedido # [cod_pedido] ya esta en camino! Te lo enviara  [med_envio] ',117,7,_binary ''),(80,' [cli_nombres] tu pedido # [cod_pedido]  esta listo para que lo recojas en  [pdv_nombre] ',117,11,_binary ''),(81,'[cli_nombres] tu pedido #[cod_pedido] en [pdv_nombre] está en camino! Te lo entregará [med_envio] ',118,7,_binary ''),(82,'[med_envio] hay un pedido nuevo! #[cod_pedido]. Nombre del cliente:  [cli_nombres] ',118,8,_binary ''),(83,'[cli_nombres] tu pedido #[cod_pedido] en [pdv_nombre] está listo para que lo recojas.',118,11,_binary ''),(84,'[cli_nombres] tu pedido #[cod_pedido] en [pdv_nombre] está en camino! Te lo entregará [med_envio] ',119,7,_binary ''),(85,'[med_envio] hay un pedido nuevo para delivery en  [pdv_nombre]. Numero de Pedido: [cod_pedido]. Nombre del Cliente: [cli_nombres] ',119,8,_binary ''),(86,'[cli_nombres] tu pedido #[cod_pedido] en [pdv_nombre] está listo para que lo recojas!',119,11,_binary ''),(87,'Hola   [cli_nombres] ,tu  [cod_pedido] ,esta en camino, [med_envio] te lo estaran entregando de acuerdo a lo acordado\r\n [pdv_nombre] \r\nGracias',120,7,_binary ''),(88,' [cli_nombres] Tu pedido [cod_pedido]  sera entregado ,de acuerdo a lo coordinado\r\n [pdv_nombre] \r\nGracias',120,11,_binary ''),(89,'[cli_nombres] tu pedido #[cod_pedido] en [pdv_nombre] esta en camino. Te lo entregara [med_envio] ',122,7,_binary ''),(90,'[med_envio] hay un pedido nuevo #[cod_pedido] en [pdv_nombre]. Nombre del cliente: [cli_nombres] ',122,8,_binary ''),(91,'[cli_nombres] tu pedido #[cod_pedido] en [pdv_nombre]  esta listo para que lo recojas! Gracias por tu preferencia!',122,11,_binary ''),(92,' [cli_nombres] tu pedido #[cod_pedido] de [pdv_nombre] ya esta listo! Te lo enviaremos con Cabify',123,7,_binary ''),(93,'[cli_nombres] tu pedido en  [pdv_nombre]  esta listo para que lo recojas!',123,11,_binary '');
/*!40000 ALTER TABLE `ms_configuracion_mensaje` ENABLE KEYS */;
UNLOCK TABLES;

--
-- Table structure for table `ms_cupon_estado`
--

DROP TABLE IF EXISTS `ms_cupon_estado`;
/*!40101 SET @saved_cs_client     = @@character_set_client */;
/*!50503 SET character_set_client = utf8mb4 */;
CREATE TABLE `ms_cupon_estado` (
  `id_cupon_estado` int(11) NOT NULL AUTO_INCREMENT,
  `nombre` varchar(45) COLLATE utf8_unicode_ci DEFAULT NULL,
  `estado` bit(1) DEFAULT b'1',
  PRIMARY KEY (`id_cupon_estado`)
) ENGINE=InnoDB DEFAULT CHARSET=utf8 COLLATE=utf8_unicode_ci;
/*!40101 SET character_set_client = @saved_cs_client */;

--
-- Dumping data for table `ms_cupon_estado`
--

LOCK TABLES `ms_cupon_estado` WRITE;
/*!40000 ALTER TABLE `ms_cupon_estado` DISABLE KEYS */;
/*!40000 ALTER TABLE `ms_cupon_estado` ENABLE KEYS */;
UNLOCK TABLES;

--
-- Table structure for table `ms_documento_tipo`
--

DROP TABLE IF EXISTS `ms_documento_tipo`;
/*!40101 SET @saved_cs_client     = @@character_set_client */;
/*!50503 SET character_set_client = utf8mb4 */;
CREATE TABLE `ms_documento_tipo` (
  `id_doc_tipo` int(11) NOT NULL AUTO_INCREMENT,
  `nombre` varchar(45) COLLATE utf8_unicode_ci DEFAULT NULL,
  `estado` bit(1) DEFAULT b'1',
  `breve` varchar(50) COLLATE utf8_unicode_ci DEFAULT NULL,
  PRIMARY KEY (`id_doc_tipo`)
) ENGINE=InnoDB AUTO_INCREMENT=3 DEFAULT CHARSET=utf8 COLLATE=utf8_unicode_ci;
/*!40101 SET character_set_client = @saved_cs_client */;

--
-- Dumping data for table `ms_documento_tipo`
--

LOCK TABLES `ms_documento_tipo` WRITE;
/*!40000 ALTER TABLE `ms_documento_tipo` DISABLE KEYS */;
INSERT INTO `ms_documento_tipo` VALUES (1,'Documento de Identidad',_binary '','DNI'),(2,'Carnet de Extranjeria',_binary '','Carnet Ext.');
/*!40000 ALTER TABLE `ms_documento_tipo` ENABLE KEYS */;
UNLOCK TABLES;

--
-- Table structure for table `ms_empresa_delivery`
--

DROP TABLE IF EXISTS `ms_empresa_delivery`;
/*!40101 SET @saved_cs_client     = @@character_set_client */;
/*!50503 SET character_set_client = utf8mb4 */;
CREATE TABLE `ms_empresa_delivery` (
  `id_empresa_del` int(11) NOT NULL AUTO_INCREMENT,
  `nombre` varchar(250) COLLATE utf8_unicode_ci DEFAULT NULL,
  `estado` bit(1) NOT NULL DEFAULT b'1',
  PRIMARY KEY (`id_empresa_del`)
) ENGINE=InnoDB AUTO_INCREMENT=10 DEFAULT CHARSET=utf8 COLLATE=utf8_unicode_ci;
/*!40101 SET character_set_client = @saved_cs_client */;

--
-- Dumping data for table `ms_empresa_delivery`
--

LOCK TABLES `ms_empresa_delivery` WRITE;
/*!40000 ALTER TABLE `ms_empresa_delivery` DISABLE KEYS */;
INSERT INTO `ms_empresa_delivery` VALUES (1,'Rappi',_binary '');
/*!40000 ALTER TABLE `ms_empresa_delivery` ENABLE KEYS */;
UNLOCK TABLES;

--
-- Table structure for table `ms_giro`
--

DROP TABLE IF EXISTS `ms_giro`;
/*!40101 SET @saved_cs_client     = @@character_set_client */;
/*!50503 SET character_set_client = utf8mb4 */;
CREATE TABLE `ms_giro` (
  `id_giro` int(11) NOT NULL AUTO_INCREMENT,
  `nombre` varchar(100) COLLATE utf8_unicode_ci DEFAULT NULL,
  `estado` bit(1) DEFAULT b'1',
  `id_rubro` int(11) DEFAULT NULL,
  PRIMARY KEY (`id_giro`)
) ENGINE=InnoDB AUTO_INCREMENT=37 DEFAULT CHARSET=utf8 COLLATE=utf8_unicode_ci;
/*!40101 SET character_set_client = @saved_cs_client */;

--
-- Dumping data for table `ms_giro`
--

LOCK TABLES `ms_giro` WRITE;
/*!40000 ALTER TABLE `ms_giro` DISABLE KEYS */;
INSERT INTO `ms_giro` VALUES (1,'Chifas',_binary '',1),(2,'Cevicherias',_binary '',1),(3,'Fast Food',_binary '',1),(4,'Pollerias',_binary '',1),(5,'Trattorias',_binary '',1),(6,'Comida Internacional',_binary '',1),(7,'Comida Criolla',_binary '',1),(8,'Sangucherias',_binary '',1),(9,'Carnes y Parrillas',_binary '',1),(10,'Heladerias',_binary '',1),(11,'Cafeterias y Panaderias',_binary '',1),(12,'Mini Markets y Bodega',_binary '',2),(13,'Licorerías',_binary '',4),(14,'Tiendas varias',_binary '',5),(15,'Servicios veterinarios',_binary '',6),(16,'Dentistas, Ortodoncistas',_binary '',6),(17,'Doctores ',_binary '',6),(18,'Laboratorios médicos',_binary '',6),(19,'Farmacias, boticas',_binary '',6),(20,'Baños turcos',_binary '',7),(21,'Peluquerías',_binary '',7),(22,'Cosméticos',_binary '',7),(23,'Salón de masajes',_binary '',7),(24,'Ferretería',_binary '',8),(25,'Bazares, regalos ',_binary '',8),(26,'Computadoras y Software',_binary '',8),(27,'Equipos para deporte',_binary '',8),(28,'Florerías',_binary '',8),(29,'Mascotas y accesorios',_binary '',8),(30,'Piscinas y accesorios',_binary '',8),(31,'Otros Servicios',_binary '',8),(32,'Lavanderías',_binary '',8),(33,'Autos talleres de reparación',_binary '',9),(34,'Grua para vehículos',_binary '',9),(35,'Lavado de vehículos',_binary '',9),(36,'Taxis, limousines',_binary '',9);
/*!40000 ALTER TABLE `ms_giro` ENABLE KEYS */;
UNLOCK TABLES;

--
-- Table structure for table `ms_medio_envio`
--

DROP TABLE IF EXISTS `ms_medio_envio`;
/*!40101 SET @saved_cs_client     = @@character_set_client */;
/*!50503 SET character_set_client = utf8mb4 */;
CREATE TABLE `ms_medio_envio` (
  `id_medio_env` int(11) NOT NULL AUTO_INCREMENT,
  `id_comercio` int(11) NOT NULL,
  `titulo` varchar(45) COLLATE utf8_unicode_ci DEFAULT NULL,
  `email` varchar(150) COLLATE utf8_unicode_ci DEFAULT NULL,
  `telefono` varchar(14) COLLATE utf8_unicode_ci DEFAULT NULL,
  `id_empresa_del` int(11) DEFAULT NULL,
  `estado` bit(1) DEFAULT b'1',
  `id_medio_tipo` int(11) DEFAULT NULL,
  PRIMARY KEY (`id_medio_env`),
  KEY `fk_medio_envio_comercio` (`id_comercio`),
  KEY `fk_medio_envio_empresa_del` (`id_empresa_del`),
  KEY `fk_medio_envio_medio_tipo` (`id_medio_tipo`),
  CONSTRAINT `fk_medio_envio_comercio` FOREIGN KEY (`id_comercio`) REFERENCES `ms_comercio` (`id_comercio`),
  CONSTRAINT `fk_medio_envio_empresa_del` FOREIGN KEY (`id_empresa_del`) REFERENCES `ms_empresa_delivery` (`id_empresa_del`),
  CONSTRAINT `fk_medio_envio_medio_tipo` FOREIGN KEY (`id_medio_tipo`) REFERENCES `ms_medio_tipo` (`id_medio_tipo`)
) ENGINE=InnoDB AUTO_INCREMENT=64 DEFAULT CHARSET=utf8 COLLATE=utf8_unicode_ci;
/*!40101 SET character_set_client = @saved_cs_client */;

--
-- Dumping data for table `ms_medio_envio`
--

LOCK TABLES `ms_medio_envio` WRITE;
/*!40000 ALTER TABLE `ms_medio_envio` DISABLE KEYS */;
INSERT INTO `ms_medio_envio` VALUES (57,117,'Food Truck Delilvery','crodriguez1406@yahoo.es','992831253',NULL,_binary '\0',1),(58,117,'Rappi','','',1,_binary '',2),(59,118,'Francisco Rodriguez','crodriguez1406@yahoo.es','992831253',NULL,_binary '',1),(60,119,'Julio Rodriguez','crodriguez1406@yahoo.es','992831253',NULL,_binary '',1),(61,120,'Erika Aspillaga','lbandrrea18@gmail.com','914867968',NULL,_binary '',1),(62,122,'Juan Lopez','crodriguez1406@yahoo.es','992831253',NULL,_binary '',1),(63,123,'Cabify','','',NULL,_binary '',2);
/*!40000 ALTER TABLE `ms_medio_envio` ENABLE KEYS */;
UNLOCK TABLES;

--
-- Table structure for table `ms_medio_tipo`
--

DROP TABLE IF EXISTS `ms_medio_tipo`;
/*!40101 SET @saved_cs_client     = @@character_set_client */;
/*!50503 SET character_set_client = utf8mb4 */;
CREATE TABLE `ms_medio_tipo` (
  `id_medio_tipo` int(11) NOT NULL AUTO_INCREMENT,
  `nombre` varchar(45) COLLATE utf8_unicode_ci DEFAULT NULL,
  `estado` bit(1) DEFAULT b'1',
  PRIMARY KEY (`id_medio_tipo`)
) ENGINE=InnoDB AUTO_INCREMENT=3 DEFAULT CHARSET=utf8 COLLATE=utf8_unicode_ci;
/*!40101 SET character_set_client = @saved_cs_client */;

--
-- Dumping data for table `ms_medio_tipo`
--

LOCK TABLES `ms_medio_tipo` WRITE;
/*!40000 ALTER TABLE `ms_medio_tipo` DISABLE KEYS */;
INSERT INTO `ms_medio_tipo` VALUES (1,'Interno',_binary ''),(2,'Externo',_binary '');
/*!40000 ALTER TABLE `ms_medio_tipo` ENABLE KEYS */;
UNLOCK TABLES;

--
-- Table structure for table `ms_menu`
--

DROP TABLE IF EXISTS `ms_menu`;
/*!40101 SET @saved_cs_client     = @@character_set_client */;
/*!50503 SET character_set_client = utf8mb4 */;
CREATE TABLE `ms_menu` (
  `id_menu` int(11) NOT NULL AUTO_INCREMENT,
  `nombre` varchar(100) COLLATE utf8_unicode_ci DEFAULT NULL,
  `ruta` varchar(45) COLLATE utf8_unicode_ci DEFAULT NULL,
  `icon` varchar(50) COLLATE utf8_unicode_ci DEFAULT NULL,
  `estado` bit(1) DEFAULT b'1',
  `id_menu_grupo` int(11) NOT NULL,
  PRIMARY KEY (`id_menu`),
  KEY `fk_ms_menu_ms_menu_grupo1_idx` (`id_menu_grupo`),
  CONSTRAINT `fk_ms_menu_ms_menu_grupo1` FOREIGN KEY (`id_menu_grupo`) REFERENCES `ms_menu_grupo` (`id_menu_grupo`) ON DELETE NO ACTION ON UPDATE NO ACTION
) ENGINE=InnoDB AUTO_INCREMENT=27 DEFAULT CHARSET=utf8 COLLATE=utf8_unicode_ci;
/*!40101 SET character_set_client = @saved_cs_client */;

--
-- Dumping data for table `ms_menu`
--

LOCK TABLES `ms_menu` WRITE;
/*!40000 ALTER TABLE `ms_menu` DISABLE KEYS */;
INSERT INTO `ms_menu` VALUES (10,'Mis Pedidos','pedidos','pe-7s-rocket',_binary '',1),(12,'Liquidación Pedidos','pedidos/liquidacion','pe-7s-piggy',_binary '',2),(19,'Mis Establecimientos','comercios','fa fa-utensils',_binary '',1),(20,'Mi Configuración ','configuracion','fa fa-cogs',_binary '',1),(21,'Usuarios','gestion_usuarios','fa fa-users',_binary '',5),(22,'Liquidación Deliverys','delivery/liquidacion','fa fa-motorcycle',_binary '',2),(23,'Liquidación Creditos','credito/liquidacion','fa fa-id-card',_binary '',2),(24,'Ver Pedidos','PedidosOP','fa fa-utensils',_binary '',1),(25,'Metodos pago','Metodopago','fas fa-money',_binary '',5),(26,'Mi Carta','carta','fas fa-cart-arrow-down',_binary '',5);
/*!40000 ALTER TABLE `ms_menu` ENABLE KEYS */;
UNLOCK TABLES;

--
-- Table structure for table `ms_menu_grupo`
--

DROP TABLE IF EXISTS `ms_menu_grupo`;
/*!40101 SET @saved_cs_client     = @@character_set_client */;
/*!50503 SET character_set_client = utf8mb4 */;
CREATE TABLE `ms_menu_grupo` (
  `id_menu_grupo` int(11) NOT NULL AUTO_INCREMENT,
  `nombre` varchar(100) COLLATE utf8_unicode_ci DEFAULT NULL,
  `ruta` varchar(45) COLLATE utf8_unicode_ci DEFAULT NULL,
  `icon` varchar(50) COLLATE utf8_unicode_ci DEFAULT NULL,
  `estado` bit(1) DEFAULT b'1',
  PRIMARY KEY (`id_menu_grupo`)
) ENGINE=InnoDB AUTO_INCREMENT=6 DEFAULT CHARSET=utf8 COLLATE=utf8_unicode_ci;
/*!40101 SET character_set_client = @saved_cs_client */;

--
-- Dumping data for table `ms_menu_grupo`
--

LOCK TABLES `ms_menu_grupo` WRITE;
/*!40000 ALTER TABLE `ms_menu_grupo` DISABLE KEYS */;
INSERT INTO `ms_menu_grupo` VALUES (1,'Operación',NULL,'fa fa-home',_binary ''),(2,'Reportes',NULL,'fa fa-home',_binary ''),(5,'Configuración',NULL,'fa fa-home',_binary '');
/*!40000 ALTER TABLE `ms_menu_grupo` ENABLE KEYS */;
UNLOCK TABLES;

--
-- Table structure for table `ms_menu_opcion`
--

DROP TABLE IF EXISTS `ms_menu_opcion`;
/*!40101 SET @saved_cs_client     = @@character_set_client */;
/*!50503 SET character_set_client = utf8mb4 */;
CREATE TABLE `ms_menu_opcion` (
  `id_menu_opcion` int(11) NOT NULL AUTO_INCREMENT,
  `nombre` varchar(100) COLLATE utf8_unicode_ci DEFAULT NULL,
  `ruta` varchar(45) COLLATE utf8_unicode_ci DEFAULT NULL,
  `icon` int(11) DEFAULT NULL,
  `estado` bit(1) DEFAULT b'1',
  `id_menu` int(11) NOT NULL,
  PRIMARY KEY (`id_menu_opcion`),
  KEY `fk_ms_menu_opcion_ms_menu1_idx` (`id_menu`),
  CONSTRAINT `fk_ms_menu_opcion_ms_menu1` FOREIGN KEY (`id_menu`) REFERENCES `ms_menu` (`id_menu`) ON DELETE NO ACTION ON UPDATE NO ACTION
) ENGINE=InnoDB DEFAULT CHARSET=utf8 COLLATE=utf8_unicode_ci;
/*!40101 SET character_set_client = @saved_cs_client */;

--
-- Dumping data for table `ms_menu_opcion`
--

LOCK TABLES `ms_menu_opcion` WRITE;
/*!40000 ALTER TABLE `ms_menu_opcion` DISABLE KEYS */;
/*!40000 ALTER TABLE `ms_menu_opcion` ENABLE KEYS */;
UNLOCK TABLES;

--
-- Table structure for table `ms_metodo_envio`
--

DROP TABLE IF EXISTS `ms_metodo_envio`;
/*!40101 SET @saved_cs_client     = @@character_set_client */;
/*!50503 SET character_set_client = utf8mb4 */;
CREATE TABLE `ms_metodo_envio` (
  `id_metodo_env` int(11) NOT NULL AUTO_INCREMENT,
  `nombre` varchar(45) COLLATE utf8_unicode_ci NOT NULL,
  `estado` bit(1) NOT NULL DEFAULT b'1',
  PRIMARY KEY (`id_metodo_env`)
) ENGINE=InnoDB AUTO_INCREMENT=3 DEFAULT CHARSET=utf8 COLLATE=utf8_unicode_ci;
/*!40101 SET character_set_client = @saved_cs_client */;

--
-- Dumping data for table `ms_metodo_envio`
--

LOCK TABLES `ms_metodo_envio` WRITE;
/*!40000 ALTER TABLE `ms_metodo_envio` DISABLE KEYS */;
INSERT INTO `ms_metodo_envio` VALUES (1,'Envio',_binary ''),(2,'Recojo',_binary '');
/*!40000 ALTER TABLE `ms_metodo_envio` ENABLE KEYS */;
UNLOCK TABLES;

--
-- Table structure for table `ms_metodo_pago`
--

DROP TABLE IF EXISTS `ms_metodo_pago`;
/*!40101 SET @saved_cs_client     = @@character_set_client */;
/*!50503 SET character_set_client = utf8mb4 */;
CREATE TABLE `ms_metodo_pago` (
  `id_metodo_pag` int(11) NOT NULL AUTO_INCREMENT,
  `nombre` varchar(45) COLLATE utf8_unicode_ci NOT NULL,
  `estado` bit(1) NOT NULL DEFAULT b'1',
  `fechaRegistro` datetime DEFAULT CURRENT_TIMESTAMP,
  `fechaModificacion` datetime DEFAULT NULL,
  `icono` varchar(30) COLLATE utf8_unicode_ci DEFAULT NULL,
  PRIMARY KEY (`id_metodo_pag`)
) ENGINE=InnoDB AUTO_INCREMENT=15 DEFAULT CHARSET=utf8 COLLATE=utf8_unicode_ci;
/*!40101 SET character_set_client = @saved_cs_client */;

--
-- Dumping data for table `ms_metodo_pago`
--

LOCK TABLES `ms_metodo_pago` WRITE;
/*!40000 ALTER TABLE `ms_metodo_pago` DISABLE KEYS */;
INSERT INTO `ms_metodo_pago` VALUES (1,'Efectivo',_binary '',NULL,'2020-07-09 17:58:48','fa fa-money'),(2,'Pago con Tarjeta Presencial',_binary '',NULL,'2020-07-01 19:32:33','fa fa-credit-card'),(3,'Pago en Linea con Tarjeta',_binary '',NULL,'2020-07-01 19:29:56','fa fa-laptop'),(10,'Tarjeta Mastercard',_binary '\0','2020-06-22 06:05:04','2020-07-01 19:31:26',NULL),(11,'Transferencia BCP',_binary '\0','2020-06-27 16:14:38','2020-07-08 17:44:50',NULL),(12,'Transferencia Bancaria',_binary '','2020-06-27 16:15:55','2020-08-31 12:26:33',NULL),(13,'Transferencia BBVA',_binary '\0','2020-07-17 10:14:40','2020-08-31 12:26:16',NULL),(14,'Yape',_binary '','2020-08-31 12:27:17',NULL,NULL);
/*!40000 ALTER TABLE `ms_metodo_pago` ENABLE KEYS */;
UNLOCK TABLES;

--
-- Table structure for table `ms_metodo_pago_comercio`
--

DROP TABLE IF EXISTS `ms_metodo_pago_comercio`;
/*!40101 SET @saved_cs_client     = @@character_set_client */;
/*!50503 SET character_set_client = utf8mb4 */;
CREATE TABLE `ms_metodo_pago_comercio` (
  `id_metodo_pago_comercio` int(11) NOT NULL AUTO_INCREMENT,
  `id_metodo_pago` int(11) DEFAULT NULL,
  `id_comercio` int(11) DEFAULT NULL,
  `numero` varchar(250) COLLATE utf8_unicode_ci DEFAULT NULL,
  PRIMARY KEY (`id_metodo_pago_comercio`),
  KEY `id_metodo_pago_fk_idx` (`id_metodo_pago`),
  KEY `id_metodo_pago_comercio_fk_idx` (`id_comercio`)
) ENGINE=MyISAM AUTO_INCREMENT=168 DEFAULT CHARSET=utf8 COLLATE=utf8_unicode_ci;
/*!40101 SET character_set_client = @saved_cs_client */;

--
-- Dumping data for table `ms_metodo_pago_comercio`
--

LOCK TABLES `ms_metodo_pago_comercio` WRITE;
/*!40000 ALTER TABLE `ms_metodo_pago_comercio` DISABLE KEYS */;
INSERT INTO `ms_metodo_pago_comercio` VALUES (1,1,1,NULL),(3,1,78,NULL),(4,1,79,NULL),(9,1,80,NULL),(6,1,76,NULL),(7,2,76,NULL),(24,1,92,NULL),(10,2,80,'123456'),(12,3,80,'0'),(13,1,81,NULL),(14,1,82,NULL),(15,1,83,NULL),(16,1,84,NULL),(17,1,85,NULL),(18,1,86,NULL),(19,1,87,NULL),(20,1,88,NULL),(21,1,89,NULL),(22,1,90,NULL),(23,1,91,NULL),(25,1,93,NULL),(26,2,93,'0'),(27,3,93,'0'),(28,3,90,'0'),(29,2,90,'0'),(30,11,90,'191'),(31,1,94,NULL),(32,2,94,'0'),(33,3,94,'0'),(34,11,94,'2147483647'),(35,12,94,'192255'),(36,1,95,NULL),(37,1,96,NULL),(38,1,97,NULL),(42,3,95,'0'),(41,2,95,'0'),(43,11,95,'193'),(44,1,98,NULL),(45,1,99,NULL),(46,1,99,NULL),(49,1,101,NULL),(48,3,100,'0'),(50,3,101,'0'),(51,12,101,'2147483647'),(52,1,102,NULL),(53,2,102,'0'),(54,3,102,'0'),(55,12,102,'2147483647'),(56,1,103,NULL),(57,3,103,'0'),(58,13,103,'2147483647'),(59,1,104,NULL),(60,3,104,'0'),(61,13,104,'2147483647'),(63,12,104,'2147483647'),(64,1,105,NULL),(65,3,105,'0'),(66,1,106,NULL),(67,1,107,NULL),(68,3,106,''),(69,1,108,NULL),(70,3,108,''),(71,1,109,NULL),(74,1,111,NULL),(73,3,110,''),(75,3,111,''),(76,2,111,''),(84,14,112,'Fiorella Iriarte - 9508999999'),(80,1,113,NULL),(81,3,113,''),(127,12,112,'193287384747021'),(86,3,112,''),(87,1,114,NULL),(147,3,119,''),(145,1,119,NULL),(128,1,116,NULL),(146,2,119,''),(134,14,116,'El Gringo - 965761612'),(140,1,118,NULL),(141,2,118,''),(142,3,118,''),(143,12,118,''),(144,14,118,'997988455 - Juan Lopez'),(133,3,116,''),(135,1,117,NULL),(136,3,117,''),(137,2,117,''),(139,14,117,'997890987 - Julio Melendez'),(132,2,116,''),(112,12,1,'195-168258'),(113,14,1,'abc-159'),(114,1,115,NULL),(148,12,119,'193287384747021'),(118,14,115,'981897360'),(119,2,115,''),(120,3,115,'HTTPS;PAGOLINK.COM'),(121,12,115,'00219412195995116620'),(157,12,120,'BCP AHO 19193802376072 / CCI 00219119380237607251'),(123,2,115,'123'),(149,14,119,'964765699 - Gloria Perez'),(150,1,120,NULL),(153,1,121,NULL),(154,12,117,'193287384747021'),(159,14,120,'914867968 - Erika Aspillaga'),(160,1,122,NULL),(161,14,122,'963764665'),(162,2,122,''),(163,3,122,''),(164,12,122,'193287384747021'),(165,1,123,NULL),(167,14,123,'Isaac Santander - 992736484');
/*!40000 ALTER TABLE `ms_metodo_pago_comercio` ENABLE KEYS */;
UNLOCK TABLES;

--
-- Table structure for table `ms_pais`
--

DROP TABLE IF EXISTS `ms_pais`;
/*!40101 SET @saved_cs_client     = @@character_set_client */;
/*!50503 SET character_set_client = utf8mb4 */;
CREATE TABLE `ms_pais` (
  `id_pais` int(11) NOT NULL AUTO_INCREMENT,
  `nombre` varchar(100) COLLATE utf8_unicode_ci DEFAULT NULL,
  `estado` bit(1) DEFAULT b'1',
  `prefijo_telf` int(11) DEFAULT NULL,
  `moneda` varchar(50) COLLATE utf8_unicode_ci DEFAULT NULL,
  `simbolo` varchar(10) COLLATE utf8_unicode_ci DEFAULT NULL,
  PRIMARY KEY (`id_pais`)
) ENGINE=InnoDB AUTO_INCREMENT=3 DEFAULT CHARSET=utf8 COLLATE=utf8_unicode_ci;
/*!40101 SET character_set_client = @saved_cs_client */;

--
-- Dumping data for table `ms_pais`
--

LOCK TABLES `ms_pais` WRITE;
/*!40000 ALTER TABLE `ms_pais` DISABLE KEYS */;
INSERT INTO `ms_pais` VALUES (1,'Perú',_binary '',51,'Sol','S/'),(2,'Chile',_binary '',56,'Peso','$');
/*!40000 ALTER TABLE `ms_pais` ENABLE KEYS */;
UNLOCK TABLES;

--
-- Table structure for table `ms_pedido_etapa`
--

DROP TABLE IF EXISTS `ms_pedido_etapa`;
/*!40101 SET @saved_cs_client     = @@character_set_client */;
/*!50503 SET character_set_client = utf8mb4 */;
CREATE TABLE `ms_pedido_etapa` (
  `id_pedido_etapa` int(11) NOT NULL AUTO_INCREMENT,
  `nombre` varchar(45) COLLATE utf8_unicode_ci DEFAULT NULL,
  `estado` bit(1) DEFAULT b'1',
  PRIMARY KEY (`id_pedido_etapa`)
) ENGINE=InnoDB AUTO_INCREMENT=9 DEFAULT CHARSET=utf8 COLLATE=utf8_unicode_ci;
/*!40101 SET character_set_client = @saved_cs_client */;

--
-- Dumping data for table `ms_pedido_etapa`
--

LOCK TABLES `ms_pedido_etapa` WRITE;
/*!40000 ALTER TABLE `ms_pedido_etapa` DISABLE KEYS */;
INSERT INTO `ms_pedido_etapa` VALUES (1,'Registrado',_binary ''),(2,'Alerta Enviada',_binary ''),(3,'Recogido',_binary ''),(4,'No recogido',_binary ''),(5,'Pendiente',_binary ''),(6,'Confirmado',_binary ''),(7,'Producido',_binary ''),(8,'Despachado',_binary '');
/*!40000 ALTER TABLE `ms_pedido_etapa` ENABLE KEYS */;
UNLOCK TABLES;

--
-- Table structure for table `ms_proceso`
--

DROP TABLE IF EXISTS `ms_proceso`;
/*!40101 SET @saved_cs_client     = @@character_set_client */;
/*!50503 SET character_set_client = utf8mb4 */;
CREATE TABLE `ms_proceso` (
  `id_proceso` int(11) NOT NULL AUTO_INCREMENT,
  `nombre` varchar(100) COLLATE utf8_unicode_ci DEFAULT NULL,
  `estado` bit(1) NOT NULL DEFAULT b'1',
  PRIMARY KEY (`id_proceso`)
) ENGINE=InnoDB AUTO_INCREMENT=12 DEFAULT CHARSET=utf8 COLLATE=utf8_unicode_ci;
/*!40101 SET character_set_client = @saved_cs_client */;

--
-- Dumping data for table `ms_proceso`
--

LOCK TABLES `ms_proceso` WRITE;
/*!40000 ALTER TABLE `ms_proceso` DISABLE KEYS */;
INSERT INTO `ms_proceso` VALUES (1,'Confirmación de Pedido',_binary ''),(2,'Pedido Listo',_binary ''),(3,'Recepcion',_binary ''),(4,'Salida',_binary ''),(5,'Delivery - Anula Pedido',_binary ''),(6,'Delivery - Confirma',_binary '\0'),(7,'Delivery - Envio - Despacha',_binary ''),(8,'Delivery - Confirma Medio Envio',_binary ''),(9,'Delivery - Despacha Medio Envio',_binary '\0'),(10,'Recojo - Confirma',_binary '\0'),(11,'Delivery - Recojo - Despacho',_binary '');
/*!40000 ALTER TABLE `ms_proceso` ENABLE KEYS */;
UNLOCK TABLES;

--
-- Table structure for table `ms_proyecto`
--

DROP TABLE IF EXISTS `ms_proyecto`;
/*!40101 SET @saved_cs_client     = @@character_set_client */;
/*!50503 SET character_set_client = utf8mb4 */;
CREATE TABLE `ms_proyecto` (
  `id_proyecto` int(11) NOT NULL AUTO_INCREMENT,
  `nombre` varchar(45) COLLATE utf8_unicode_ci DEFAULT NULL,
  `estado` bit(1) DEFAULT b'1',
  PRIMARY KEY (`id_proyecto`)
) ENGINE=InnoDB AUTO_INCREMENT=4 DEFAULT CHARSET=utf8 COLLATE=utf8_unicode_ci;
/*!40101 SET character_set_client = @saved_cs_client */;

--
-- Dumping data for table `ms_proyecto`
--

LOCK TABLES `ms_proyecto` WRITE;
/*!40000 ALTER TABLE `ms_proyecto` DISABLE KEYS */;
INSERT INTO `ms_proyecto` VALUES (1,'Ordenes',_binary ''),(2,'Reservas',_binary ''),(3,'Delivery',_binary '');
/*!40000 ALTER TABLE `ms_proyecto` ENABLE KEYS */;
UNLOCK TABLES;

--
-- Table structure for table `ms_punto_venta`
--

DROP TABLE IF EXISTS `ms_punto_venta`;
/*!40101 SET @saved_cs_client     = @@character_set_client */;
/*!50503 SET character_set_client = utf8mb4 */;
CREATE TABLE `ms_punto_venta` (
  `id_pdv` int(11) NOT NULL AUTO_INCREMENT,
  `nombre` varchar(150) COLLATE utf8_unicode_ci DEFAULT NULL,
  `direccion` varchar(500) COLLATE utf8_unicode_ci DEFAULT NULL,
  `latitud` float DEFAULT NULL,
  `longitud` float DEFAULT NULL,
  `ruta` varchar(150) COLLATE utf8_unicode_ci DEFAULT NULL,
  `estado` bit(1) DEFAULT b'1',
  `id_comercio` int(11) NOT NULL,
  `id_centro_comercial` int(11) DEFAULT NULL,
  `id_ubigeo` int(11) DEFAULT NULL,
  `via` varchar(150) COLLATE utf8_unicode_ci DEFAULT NULL,
  `zona` varchar(150) COLLATE utf8_unicode_ci DEFAULT NULL,
  `email` varchar(250) COLLATE utf8_unicode_ci DEFAULT NULL,
  `hora_ini` time DEFAULT NULL,
  `hora_fin` time DEFAULT NULL,
  PRIMARY KEY (`id_pdv`),
  KEY `fk_ms_punto_venta_ms_comercio1_idx` (`id_comercio`),
  KEY `fk_ms_punto_venta_ms_centro_comercial1_idx` (`id_centro_comercial`),
  KEY `fk_ms_punto_venta_ms_ubigeo1_idx` (`id_ubigeo`),
  CONSTRAINT `fk_ms_punto_venta_ms_centro_comercial1` FOREIGN KEY (`id_centro_comercial`) REFERENCES `ms_centro_comercial` (`id_centro_comercial`) ON DELETE NO ACTION ON UPDATE NO ACTION,
  CONSTRAINT `fk_ms_punto_venta_ms_comercio1` FOREIGN KEY (`id_comercio`) REFERENCES `ms_comercio` (`id_comercio`) ON DELETE NO ACTION ON UPDATE NO ACTION,
  CONSTRAINT `fk_ms_punto_venta_ms_ubigeo1` FOREIGN KEY (`id_ubigeo`) REFERENCES `ms_ubigeo` (`id_ubigeo`) ON DELETE NO ACTION ON UPDATE NO ACTION
) ENGINE=InnoDB AUTO_INCREMENT=113 DEFAULT CHARSET=utf8 COLLATE=utf8_unicode_ci;
/*!40101 SET character_set_client = @saved_cs_client */;

--
-- Dumping data for table `ms_punto_venta`
--

LOCK TABLES `ms_punto_venta` WRITE;
/*!40000 ALTER TABLE `ms_punto_venta` DISABLE KEYS */;
INSERT INTO `ms_punto_venta` VALUES (106,'Food Truck Mall Plaza',' Num. 3600',0,0,NULL,_binary '',117,NULL,721,'Av. Oscar Benavides','','crodriguez1406@yahoo.es','11:00:00','23:00:00'),(107,'Punto Italiano La Molina',' Num. 848',0,0,NULL,_binary '',118,NULL,1324,'Av. La Fontana','','sandriahc@gmail.com','11:00:00','21:00:00'),(108,'La Cocina de Gloria Surquillo',' Num. 555',0,0,NULL,_binary '',119,NULL,1351,'Av. Domingo Orue','','sandriahc@gmail.com','12:00:00','22:00:00'),(109,'La Boutique de Andrea','',0,0,NULL,_binary '',120,NULL,1311,'','','lbandrea18@gmail.com','09:00:00','19:00:00'),(110,'Mar Azul La Molina',' Num. 785',0,0,NULL,_binary '',122,NULL,1324,'Av. Ricardo Elias Aparicio','','sandriahc@gmail.com','12:00:00','17:00:00'),(111,'Sweet Marcela',' Num. 1005',0,0,NULL,_binary '',123,NULL,1350,'C. Loma Umbrosa','','sandriahc@gmail.com','10:00:00','19:59:59'),(112,'La Cocina de Gloria La Molina',' Num.   1406',0,0,NULL,_binary '\0',119,NULL,1324,'Av.   Rinconada del Lago','','','00:00:00','23:59:59');
/*!40000 ALTER TABLE `ms_punto_venta` ENABLE KEYS */;
UNLOCK TABLES;

--
-- Table structure for table `ms_punto_venta_telefono`
--

DROP TABLE IF EXISTS `ms_punto_venta_telefono`;
/*!40101 SET @saved_cs_client     = @@character_set_client */;
/*!50503 SET character_set_client = utf8mb4 */;
CREATE TABLE `ms_punto_venta_telefono` (
  `id_pdv_telefono` int(11) NOT NULL AUTO_INCREMENT,
  `numero` varchar(45) COLLATE utf8_unicode_ci DEFAULT NULL,
  `estado` bit(1) DEFAULT NULL,
  `id_pdv` int(11) NOT NULL,
  `id_telefono_tipo` int(11) NOT NULL,
  PRIMARY KEY (`id_pdv_telefono`),
  KEY `fk_ms_punto_venta_telefono_ms_punto_venta1_idx` (`id_pdv`),
  KEY `fk_ms_punto_venta_telefono_ms_telefono_tipo1_idx` (`id_telefono_tipo`),
  CONSTRAINT `fk_ms_punto_venta_telefono_ms_punto_venta1` FOREIGN KEY (`id_pdv`) REFERENCES `ms_punto_venta` (`id_pdv`) ON DELETE NO ACTION ON UPDATE NO ACTION,
  CONSTRAINT `fk_ms_punto_venta_telefono_ms_telefono_tipo1` FOREIGN KEY (`id_telefono_tipo`) REFERENCES `ms_telefono_tipo` (`id_telefono_tipo`) ON DELETE NO ACTION ON UPDATE NO ACTION
) ENGINE=InnoDB AUTO_INCREMENT=60 DEFAULT CHARSET=utf8 COLLATE=utf8_unicode_ci;
/*!40101 SET character_set_client = @saved_cs_client */;

--
-- Dumping data for table `ms_punto_venta_telefono`
--

LOCK TABLES `ms_punto_venta_telefono` WRITE;
/*!40000 ALTER TABLE `ms_punto_venta_telefono` DISABLE KEYS */;
INSERT INTO `ms_punto_venta_telefono` VALUES (53,'963762613',_binary '',106,1),(54,'963762613',_binary '',107,1),(55,'4453998',_binary '',108,1),(56,'914867968',_binary '',109,1),(57,'3684645',_binary '',110,1),(58,'4353887',_binary '',111,1),(59,'343434',_binary '',112,1);
/*!40000 ALTER TABLE `ms_punto_venta_telefono` ENABLE KEYS */;
UNLOCK TABLES;

--
-- Table structure for table `ms_punto_venta_zona`
--

DROP TABLE IF EXISTS `ms_punto_venta_zona`;
/*!40101 SET @saved_cs_client     = @@character_set_client */;
/*!50503 SET character_set_client = utf8mb4 */;
CREATE TABLE `ms_punto_venta_zona` (
  `id_pdv_zona` int(11) NOT NULL AUTO_INCREMENT,
  `id_pdv` int(11) DEFAULT NULL,
  `id_ubigeo` int(11) DEFAULT NULL,
  `costo` double DEFAULT NULL,
  `estado` bit(1) DEFAULT b'1',
  PRIMARY KEY (`id_pdv_zona`),
  KEY `fk_punto_venta_zona_punt_venta` (`id_pdv`),
  KEY `fk_punto_venta_zona_ubigeo` (`id_ubigeo`),
  CONSTRAINT `fk_punto_venta_zona_punt_venta` FOREIGN KEY (`id_pdv`) REFERENCES `ms_punto_venta` (`id_pdv`),
  CONSTRAINT `fk_punto_venta_zona_ubigeo` FOREIGN KEY (`id_ubigeo`) REFERENCES `ms_ubigeo` (`id_ubigeo`)
) ENGINE=InnoDB AUTO_INCREMENT=81 DEFAULT CHARSET=utf8 COLLATE=utf8_unicode_ci;
/*!40101 SET character_set_client = @saved_cs_client */;

--
-- Dumping data for table `ms_punto_venta_zona`
--

LOCK TABLES `ms_punto_venta_zona` WRITE;
/*!40000 ALTER TABLE `ms_punto_venta_zona` DISABLE KEYS */;
INSERT INTO `ms_punto_venta_zona` VALUES (74,108,1332,5,_binary ''),(75,108,1351,0,_binary ''),(76,108,1314,7,_binary ''),(77,108,1341,5,_binary ''),(78,110,1324,10,_binary ''),(79,112,1332,15,_binary ''),(80,112,1324,0,_binary '');
/*!40000 ALTER TABLE `ms_punto_venta_zona` ENABLE KEYS */;
UNLOCK TABLES;

--
-- Table structure for table `ms_rubro`
--

DROP TABLE IF EXISTS `ms_rubro`;
/*!40101 SET @saved_cs_client     = @@character_set_client */;
/*!50503 SET character_set_client = utf8mb4 */;
CREATE TABLE `ms_rubro` (
  `id_rubro` int(11) NOT NULL AUTO_INCREMENT,
  `nombre` varchar(100) COLLATE utf8_unicode_ci DEFAULT NULL,
  `estado` bit(1) DEFAULT b'1',
  PRIMARY KEY (`id_rubro`)
) ENGINE=InnoDB AUTO_INCREMENT=10 DEFAULT CHARSET=utf8 COLLATE=utf8_unicode_ci;
/*!40101 SET character_set_client = @saved_cs_client */;

--
-- Dumping data for table `ms_rubro`
--

LOCK TABLES `ms_rubro` WRITE;
/*!40000 ALTER TABLE `ms_rubro` DISABLE KEYS */;
INSERT INTO `ms_rubro` VALUES (1,'Restaurantes',_binary ''),(2,'Mini Markets y Bodegas',_binary ''),(4,'Licorerías',_binary ''),(5,'Educación',_binary ''),(6,'Servicios de Salud',_binary ''),(7,'Belleza',_binary ''),(8,'Hogar',_binary ''),(9,'Automotriz',_binary '');
/*!40000 ALTER TABLE `ms_rubro` ENABLE KEYS */;
UNLOCK TABLES;

--
-- Table structure for table `ms_telefono_tipo`
--

DROP TABLE IF EXISTS `ms_telefono_tipo`;
/*!40101 SET @saved_cs_client     = @@character_set_client */;
/*!50503 SET character_set_client = utf8mb4 */;
CREATE TABLE `ms_telefono_tipo` (
  `id_telefono_tipo` int(11) NOT NULL AUTO_INCREMENT,
  `nombre` varchar(45) COLLATE utf8_unicode_ci DEFAULT NULL,
  `estado` bit(1) DEFAULT b'1',
  PRIMARY KEY (`id_telefono_tipo`)
) ENGINE=InnoDB AUTO_INCREMENT=3 DEFAULT CHARSET=utf8 COLLATE=utf8_unicode_ci;
/*!40101 SET character_set_client = @saved_cs_client */;

--
-- Dumping data for table `ms_telefono_tipo`
--

LOCK TABLES `ms_telefono_tipo` WRITE;
/*!40000 ALTER TABLE `ms_telefono_tipo` DISABLE KEYS */;
INSERT INTO `ms_telefono_tipo` VALUES (1,'Fijo',_binary ''),(2,'Celular',_binary '');
/*!40000 ALTER TABLE `ms_telefono_tipo` ENABLE KEYS */;
UNLOCK TABLES;

--
-- Table structure for table `ms_tipo_comercio`
--

DROP TABLE IF EXISTS `ms_tipo_comercio`;
/*!40101 SET @saved_cs_client     = @@character_set_client */;
/*!50503 SET character_set_client = utf8mb4 */;
CREATE TABLE `ms_tipo_comercio` (
  `idTipoComercio` int(11) NOT NULL AUTO_INCREMENT,
  `Nombre` varchar(200) COLLATE utf8_bin NOT NULL,
  PRIMARY KEY (`idTipoComercio`)
) ENGINE=MyISAM AUTO_INCREMENT=5 DEFAULT CHARSET=utf8 COLLATE=utf8_bin;
/*!40101 SET character_set_client = @saved_cs_client */;

--
-- Dumping data for table `ms_tipo_comercio`
--

LOCK TABLES `ms_tipo_comercio` WRITE;
/*!40000 ALTER TABLE `ms_tipo_comercio` DISABLE KEYS */;
INSERT INTO `ms_tipo_comercio` VALUES (1,'CHIFAS'),(2,'POLLERIAS'),(3,'FAST FOOD'),(4,'CEVICHERIAS');
/*!40000 ALTER TABLE `ms_tipo_comercio` ENABLE KEYS */;
UNLOCK TABLES;

--
-- Table structure for table `ms_tipo_pago`
--

DROP TABLE IF EXISTS `ms_tipo_pago`;
/*!40101 SET @saved_cs_client     = @@character_set_client */;
/*!50503 SET character_set_client = utf8mb4 */;
CREATE TABLE `ms_tipo_pago` (
  `id_tipo_pago` int(11) NOT NULL AUTO_INCREMENT,
  `nombre` varchar(150) COLLATE utf8_unicode_ci NOT NULL,
  `estado` bit(1) NOT NULL,
  PRIMARY KEY (`id_tipo_pago`)
) ENGINE=InnoDB AUTO_INCREMENT=3 DEFAULT CHARSET=utf8 COLLATE=utf8_unicode_ci;
/*!40101 SET character_set_client = @saved_cs_client */;

--
-- Dumping data for table `ms_tipo_pago`
--

LOCK TABLES `ms_tipo_pago` WRITE;
/*!40000 ALTER TABLE `ms_tipo_pago` DISABLE KEYS */;
INSERT INTO `ms_tipo_pago` VALUES (1,'Efectivo',_binary ''),(2,'Tarjeta',_binary '');
/*!40000 ALTER TABLE `ms_tipo_pago` ENABLE KEYS */;
UNLOCK TABLES;

--
-- Table structure for table `ms_ubigeo`
--

DROP TABLE IF EXISTS `ms_ubigeo`;
/*!40101 SET @saved_cs_client     = @@character_set_client */;
/*!50503 SET character_set_client = utf8mb4 */;
CREATE TABLE `ms_ubigeo` (
  `id_ubigeo` int(11) NOT NULL AUTO_INCREMENT,
  `cod_dep` varchar(45) COLLATE utf8_unicode_ci DEFAULT NULL,
  `departamento` varchar(100) COLLATE utf8_unicode_ci DEFAULT NULL,
  `cod_prov` varchar(45) COLLATE utf8_unicode_ci DEFAULT NULL,
  `provincia` varchar(100) COLLATE utf8_unicode_ci DEFAULT NULL,
  `cod_dist` varchar(45) COLLATE utf8_unicode_ci DEFAULT NULL,
  `distrito` varchar(100) COLLATE utf8_unicode_ci DEFAULT NULL,
  `estado` bit(1) DEFAULT b'1',
  `id_pais` int(11) NOT NULL,
  `latitud` float DEFAULT NULL,
  `longitud` float DEFAULT NULL,
  `poblacion` float DEFAULT NULL,
  `superficie` float DEFAULT NULL,
  PRIMARY KEY (`id_ubigeo`),
  KEY `fk_ms_ubigeo_ms_pais_idx` (`id_pais`),
  CONSTRAINT `fk_ms_ubigeo_ms_pais` FOREIGN KEY (`id_pais`) REFERENCES `ms_pais` (`id_pais`) ON DELETE NO ACTION ON UPDATE NO ACTION
) ENGINE=InnoDB AUTO_INCREMENT=1905 DEFAULT CHARSET=utf8 COLLATE=utf8_unicode_ci;
/*!40101 SET character_set_client = @saved_cs_client */;

--
-- Dumping data for table `ms_ubigeo`
--

LOCK TABLES `ms_ubigeo` WRITE;
/*!40000 ALTER TABLE `ms_ubigeo` DISABLE KEYS */;
INSERT INTO `ms_ubigeo` VALUES (31,'01','Amazonas','01','Chachapoyas','01','Chachapoyas',_binary '',1,-6.2294,-77.8714,29171,153.78),(32,'01','Amazonas','01','Chachapoyas','02','Asuncion',_binary '',1,-6.0317,-77.7122,288,25.71),(33,'01','Amazonas','01','Chachapoyas','03','Balsas',_binary '',1,-6.8375,-78.0214,1644,357.09),(34,'01','Amazonas','01','Chachapoyas','04','Cheto',_binary '',1,-6.2558,-77.7003,591,56.97),(35,'01','Amazonas','01','Chachapoyas','05','Chiliquin',_binary '',1,-6.0778,-77.7392,687,143.43),(36,'01','Amazonas','01','Chachapoyas','06','Chuquibamba',_binary '',1,-6.9333,-77.8575,2064,278.63),(37,'01','Amazonas','01','Chachapoyas','07','Granada',_binary '',1,-6.0997,-77.6344,379,181.41),(38,'01','Amazonas','01','Chachapoyas','08','Huancas',_binary '',1,-6.1747,-77.8686,1329,48.79),(39,'01','Amazonas','01','Chachapoyas','09','La Jalca',_binary '',1,-6.4825,-77.8192,5513,380.39),(40,'01','Amazonas','01','Chachapoyas','10','Leimebamba',_binary '',1,-6.6636,-77.8006,4206,373.14),(41,'01','Amazonas','01','Chachapoyas','11','Levanto',_binary '',1,-6.3086,-77.8994,862,77.54),(42,'01','Amazonas','01','Chachapoyas','12','Magdalena',_binary '',1,-6.3736,-77.9017,782,135.47),(43,'01','Amazonas','01','Chachapoyas','13','Mariscal Castilla',_binary '',1,-6.5939,-77.8053,986,83.58),(44,'01','Amazonas','01','Chachapoyas','14','Molinopampa',_binary '',1,-6.2056,-77.6683,2750,333.86),(45,'01','Amazonas','01','Chachapoyas','15','Montevideo',_binary '',1,-6.6133,-77.8025,572,119.01),(46,'01','Amazonas','01','Chachapoyas','16','Olleros',_binary '',1,-6.0239,-77.6761,363,125.16),(47,'01','Amazonas','01','Chachapoyas','17','Quinjalca',_binary '',1,-6.085,-77.66,830,91.59),(48,'01','Amazonas','01','Chachapoyas','18','San Francisco de Daguas',_binary '',1,-6.2333,-77.7392,351,47.41),(49,'01','Amazonas','01','Chachapoyas','19','San Isidro de Maino',_binary '',1,-6.3533,-77.8439,703,101.67),(50,'01','Amazonas','01','Chachapoyas','20','Soloco',_binary '',1,-6.2619,-77.7453,1302,84.48),(51,'01','Amazonas','01','Chachapoyas','21','Sonche',_binary '',1,-6.2183,-77.7753,218,113.26),(52,'01','Amazonas','02','Bagua','01','Bagua',_binary '',1,-5.6389,-78.5319,26091,150.99),(53,'01','Amazonas','02','Bagua','02','Aramango',_binary '',1,-5.4156,-78.4361,10940,809.07),(54,'01','Amazonas','02','Bagua','03','Copallin',_binary '',1,-5.6733,-78.4228,6319,99.05),(55,'01','Amazonas','02','Bagua','04','El Parco',_binary '',1,-5.6247,-78.4764,1492,18.48),(56,'01','Amazonas','02','Bagua','05','Imaza',_binary '',1,-5.16,-78.2903,24323,4430.84),(57,'01','Amazonas','02','Bagua','06','La Peca',_binary '',1,-5.6092,-78.4344,8048,144.29),(58,'01','Amazonas','03','Bongara','01','Jumbilla',_binary '',1,-5.9006,-77.7958,1764,154.18),(59,'01','Amazonas','03','Bongara','02','Chisquilla',_binary '',1,-5.9003,-77.7839,335,174.96),(60,'01','Amazonas','03','Bongara','03','Churuja',_binary '',1,-6.0192,-77.9517,269,33.34),(61,'01','Amazonas','03','Bongara','04','Corosha',_binary '',1,-5.8294,-77.84,1046,45.67),(62,'01','Amazonas','03','Bongara','05','Cuispes',_binary '',1,-5.9236,-77.9392,899,110.72),(63,'01','Amazonas','03','Bongara','06','Florida',_binary '',1,-5.8336,-77.9714,8663,203.22),(64,'01','Amazonas','03','Bongara','07','Jazan',_binary '',1,-5.9419,-77.9806,9349,88.83),(65,'01','Amazonas','03','Bongara','08','Recta',_binary '',1,-5.9194,-77.7861,201,24.58),(66,'01','Amazonas','03','Bongara','09','San Carlos',_binary '',1,-5.9636,-77.9447,310,100.76),(67,'01','Amazonas','03','Bongara','10','Shipasbamba',_binary '',1,-5.8744,-78.0692,1819,127.29),(68,'01','Amazonas','03','Bongara','11','Valera',_binary '',1,-6.0425,-77.9139,1281,90.14),(69,'01','Amazonas','03','Bongara','12','Yambrasbamba',_binary '',1,-5.6908,-77.9772,8470,1715.96),(70,'01','Amazonas','04','Condorcanqui','01','Nieva',_binary '',1,-4.5947,-77.8672,29213,4481.63),(71,'01','Amazonas','04','Condorcanqui','02','El Cenepa',_binary '',1,-4.4503,-78.1592,9620,5458.48),(72,'01','Amazonas','04','Condorcanqui','03','Rio Santiago',_binary '',1,-4.0106,-77.7658,16986,8035.28),(73,'01','Amazonas','05','Luya','01','Lamud',_binary '',1,-6.1308,-77.9503,2292,69.49),(74,'01','Amazonas','05','Luya','02','Camporredondo',_binary '',1,-6.2136,-78.3186,7131,376.01),(75,'01','Amazonas','05','Luya','03','Cocabamba',_binary '',1,-6.6297,-78.0303,2517,355.85),(76,'01','Amazonas','05','Luya','04','Colcamar',_binary '',1,-6.3175,-78.0019,2263,106.6),(77,'01','Amazonas','05','Luya','05','Conila',_binary '',1,-6.1592,-78.1419,2083,256.17),(78,'01','Amazonas','05','Luya','06','Inguilpata',_binary '',1,-6.2428,-77.9561,587,118.04),(79,'01','Amazonas','05','Luya','07','Longuita',_binary '',1,-6.4147,-77.9681,1161,57.91),(80,'01','Amazonas','05','Luya','08','Lonya Chico',_binary '',1,-6.2328,-77.9564,961,83.82),(81,'01','Amazonas','05','Luya','09','Luya',_binary '',1,-6.165,-77.9469,4420,91.21),(82,'01','Amazonas','05','Luya','10','Luya Viejo',_binary '',1,-6.1275,-78.0847,489,73.87),(83,'01','Amazonas','05','Luya','11','Maria',_binary '',1,-6.4517,-77.9733,945,80.27),(84,'01','Amazonas','05','Luya','12','Ocalli',_binary '',1,-6.2347,-78.2667,4259,177.39),(85,'01','Amazonas','05','Luya','13','Ocumal',_binary '',1,-6.3061,-78.2294,4194,235.86),(86,'01','Amazonas','05','Luya','14','Pisuquia',_binary '',1,-6.5114,-78.0747,6132,306.5),(87,'01','Amazonas','05','Luya','15','Providencia',_binary '',1,-6.3108,-78.2503,1536,71.22),(88,'01','Amazonas','05','Luya','16','San Cristobal',_binary '',1,-6.0997,-77.9525,685,33.36),(89,'01','Amazonas','05','Luya','17','San Francisco del Yeso',_binary '',1,-6.5861,-77.8469,821,113.94),(90,'01','Amazonas','05','Luya','18','San Jeronimo',_binary '',1,-6.0344,-77.9669,880,214.66),(91,'01','Amazonas','05','Luya','19','San Juan de Lopecancha',_binary '',1,-6.4572,-77.8969,506,88.02),(92,'01','Amazonas','05','Luya','20','Santa Catalina',_binary '',1,-6.1117,-78.0633,1908,126.21),(93,'01','Amazonas','05','Luya','21','Santo Tomas',_binary '',1,-6.5617,-77.8739,3537,84.93),(94,'01','Amazonas','05','Luya','22','Tingo',_binary '',1,-6.3761,-77.9056,1363,102.67),(95,'01','Amazonas','05','Luya','23','Trita',_binary '',1,-6.1519,-77.9806,1378,12.68),(96,'01','Amazonas','06','Rodriguez de Mendoza','01','San Nicolas',_binary '',1,-6.3956,-77.4831,5290,206.01),(97,'01','Amazonas','06','Rodriguez de Mendoza','02','Chirimoto',_binary '',1,-6.5283,-77.4869,2079,153),(98,'01','Amazonas','06','Rodriguez de Mendoza','03','Cochamal',_binary '',1,-6.3933,-77.5889,504,199.44),(99,'01','Amazonas','06','Rodriguez de Mendoza','04','Huambo',_binary '',1,-6.4275,-77.5369,2542,99.56),(100,'01','Amazonas','06','Rodriguez de Mendoza','05','Limabamba',_binary '',1,-6.5025,-77.5097,3049,317.88),(101,'01','Amazonas','06','Rodriguez de Mendoza','06','Longar',_binary '',1,-6.3853,-77.5461,1619,66.24),(102,'01','Amazonas','06','Rodriguez de Mendoza','07','Mariscal Benavides',_binary '',1,-6.3697,-77.5003,1376,176.18),(103,'01','Amazonas','06','Rodriguez de Mendoza','08','Milpuc',_binary '',1,-6.4983,-77.4358,599,26.8),(104,'01','Amazonas','06','Rodriguez de Mendoza','09','Omia',_binary '',1,-6.4686,-77.3947,9787,175.13),(105,'01','Amazonas','06','Rodriguez de Mendoza','10','Santa Rosa',_binary '',1,-6.4542,-77.4539,457,34.11),(106,'01','Amazonas','06','Rodriguez de Mendoza','11','Totora',_binary '',1,-6.4914,-77.4711,448,6.02),(107,'01','Amazonas','06','Rodriguez de Mendoza','12','Vista Alegre',_binary '',1,-6.1514,-77.3019,3803,899.02),(108,'01','Amazonas','07','Utcubamba','01','Bagua Grande',_binary '',1,-5.7558,-78.4428,54033,746.64),(109,'01','Amazonas','07','Utcubamba','02','Cajaruro',_binary '',1,-5.7364,-78.4267,28491,1746.23),(110,'01','Amazonas','07','Utcubamba','03','Cumba',_binary '',1,-5.9317,-78.6653,8752,292.66),(111,'01','Amazonas','07','Utcubamba','04','El Milagro',_binary '',1,-5.6367,-78.5578,6399,313.89),(112,'01','Amazonas','07','Utcubamba','05','Jamalca',_binary '',1,-5.9158,-78.2203,8243,357.98),(113,'01','Amazonas','07','Utcubamba','06','Lonya Grande',_binary '',1,-6.0956,-78.4219,10443,327.92),(114,'01','Amazonas','07','Utcubamba','07','Yamon',_binary '',1,-6.0525,-78.5322,2841,57.61),(115,'02','Ancash','01','Huaraz','01','Huaraz',_binary '',1,-9.5272,-77.5333,65663,432.99),(116,'02','Ancash','01','Huaraz','02','Cochabamba',_binary '',1,-9.4939,-77.8619,1983,135.65),(117,'02','Ancash','01','Huaraz','03','Colcabamba',_binary '',1,-9.5956,-77.8108,826,50.65),(118,'02','Ancash','01','Huaraz','04','Huanchay',_binary '',1,-9.7236,-77.8197,2235,209.34),(119,'02','Ancash','01','Huaraz','05','Independencia',_binary '',1,-9.5189,-77.5344,75559,342.95),(120,'02','Ancash','01','Huaraz','06','Jangas',_binary '',1,-9.4014,-77.5767,5106,59.84),(121,'02','Ancash','01','Huaraz','07','La Libertad',_binary '',1,-9.6333,-77.7442,1138,164.26),(122,'02','Ancash','01','Huaraz','08','Olleros',_binary '',1,-9.6664,-77.4661,2148,222.91),(123,'02','Ancash','01','Huaraz','09','Pampas',_binary '',1,-9.6556,-77.8272,1165,357.81),(124,'02','Ancash','01','Huaraz','10','Pariacoto',_binary '',1,-9.5622,-77.8931,4794,162.5),(125,'02','Ancash','01','Huaraz','11','Pira',_binary '',1,-9.5814,-77.7075,3755,243.73),(126,'02','Ancash','01','Huaraz','12','Tarica',_binary '',1,-9.3919,-77.5769,5936,110.28),(127,'02','Ancash','02','Aija','01','Aija',_binary '',1,-9.7819,-77.6114,1841,159.74),(128,'02','Ancash','02','Aija','02','Coris',_binary '',1,-9.8211,-77.7225,2270,267.15),(129,'02','Ancash','02','Aija','03','Huacllan',_binary '',1,-9.7975,-77.6747,628,37.91),(130,'02','Ancash','02','Aija','04','La Merced',_binary '',1,-9.7361,-77.6189,2190,153.08),(131,'02','Ancash','02','Aija','05','Succha',_binary '',1,-9.8242,-77.6497,828,78.84),(132,'02','Ancash','03','Antonio Raymondi','01','Llamellin',_binary '',1,-9.1006,-77.0183,3552,90.82),(133,'02','Ancash','03','Antonio Raymondi','02','Aczo',_binary '',1,-9.1525,-76.9903,2130,69.03),(134,'02','Ancash','03','Antonio Raymondi','03','Chaccho',_binary '',1,-9.0586,-77.0594,1670,73.99),(135,'02','Ancash','03','Antonio Raymondi','04','Chingas',_binary '',1,-9.12,-76.9947,1909,48.95),(136,'02','Ancash','03','Antonio Raymondi','05','Mirgas',_binary '',1,-9.0792,-77.0933,5370,175.69),(137,'02','Ancash','03','Antonio Raymondi','06','San Juan de Rontoy',_binary '',1,-9.1803,-77.0044,1648,103.13),(138,'02','Ancash','04','Asuncion','01','Chacas',_binary '',1,-9.1622,-77.3694,5619,447.69),(139,'02','Ancash','04','Asuncion','02','Acochaca',_binary '',1,-9.1139,-77.3697,3130,80.97),(140,'02','Ancash','05','Bolognesi','01','Chiquian',_binary '',1,-10.1517,-77.1586,3587,184.16),(141,'02','Ancash','05','Bolognesi','02','Abelardo Pardo Lezameta',_binary '',1,-10.2992,-77.1508,1263,11.31),(142,'02','Ancash','05','Bolognesi','03','Antonio Raymondi',_binary '',1,-10.1575,-77.4703,1065,118.7),(143,'02','Ancash','05','Bolognesi','04','Aquia',_binary '',1,-10.0742,-77.1464,2465,434.6),(144,'02','Ancash','05','Bolognesi','05','Cajacay',_binary '',1,-10.1564,-77.4419,1603,193.06),(145,'02','Ancash','05','Bolognesi','06','Canis',_binary '',1,-10.3381,-77.1711,1308,19.45),(146,'02','Ancash','05','Bolognesi','07','Colquioc',_binary '',1,-10.3117,-77.6156,4165,274.61),(147,'02','Ancash','05','Bolognesi','08','Huallanca',_binary '',1,-9.8994,-76.9444,8325,873.39),(148,'02','Ancash','05','Bolognesi','09','Huasta',_binary '',1,-10.1225,-77.1458,2610,387.91),(149,'02','Ancash','05','Bolognesi','10','Huayllacayan',_binary '',1,-10.2436,-77.4342,1076,127.99),(150,'02','Ancash','05','Bolognesi','11','La Primavera',_binary '',1,-10.3344,-77.1253,951,68.61),(151,'02','Ancash','05','Bolognesi','12','Mangas',_binary '',1,-10.3694,-77.1039,566,115.84),(152,'02','Ancash','05','Bolognesi','13','Pacllon',_binary '',1,-10.2333,-77.0722,1771,211.98),(153,'02','Ancash','05','Bolognesi','14','San Miguel de Corpanqui',_binary '',1,-10.285,-77.2,1298,43.78),(154,'02','Ancash','05','Bolognesi','15','Ticllos',_binary '',1,-10.2522,-77.1911,1291,89.41),(155,'02','Ancash','06','Carhuaz','01','Carhuaz',_binary '',1,-9.2806,-77.6469,15712,194.62),(156,'02','Ancash','06','Carhuaz','02','Acopampa',_binary '',1,-9.2942,-77.6225,2685,14.17),(157,'02','Ancash','06','Carhuaz','03','Amashca',_binary '',1,-9.2392,-77.6464,1571,11.99),(158,'02','Ancash','06','Carhuaz','04','Anta',_binary '',1,-9.3569,-77.5978,2510,40.77),(159,'02','Ancash','06','Carhuaz','05','Ataquero',_binary '',1,-9.2625,-77.6914,1353,47.22),(160,'02','Ancash','06','Carhuaz','06','Marcara',_binary '',1,-9.3211,-77.6033,9452,157.49),(161,'02','Ancash','06','Carhuaz','07','Pariahuanca',_binary '',1,-9.3642,-77.5828,1630,11.74),(162,'02','Ancash','06','Carhuaz','08','San Miguel de Aco',_binary '',1,-9.3678,-77.5644,2794,133.89),(163,'02','Ancash','06','Carhuaz','09','Shilla',_binary '',1,-9.2306,-77.6256,3318,130.19),(164,'02','Ancash','06','Carhuaz','10','Tinco',_binary '',1,-9.2711,-77.6819,3301,15.44),(165,'02','Ancash','06','Carhuaz','11','Yungar',_binary '',1,-9.3778,-77.5931,3462,46.43),(166,'02','Ancash','07','Carlos Fermin Fitzca','01','San Luis',_binary '',1,-9.0933,-77.3331,12689,256.45),(167,'02','Ancash','07','Carlos Fermin Fitzca','02','San Nicolas',_binary '',1,-8.9767,-77.1842,3690,197.39),(168,'02','Ancash','07','Carlos Fermin Fitzca','03','Yauya',_binary '',1,-8.9875,-77.2894,5591,170.41),(169,'02','Ancash','08','Casma','01','Casma',_binary '',1,-9.475,-78.3036,33648,1204.85),(170,'02','Ancash','08','Casma','02','Buena Vista Alta',_binary '',1,-9.4289,-78.2047,4250,476.62),(171,'02','Ancash','08','Casma','03','Comandante Noel',_binary '',1,-9.4622,-78.3831,2044,222.36),(172,'02','Ancash','08','Casma','04','Yautan',_binary '',1,-9.5097,-77.9956,8531,357.2),(173,'02','Ancash','09','Corongo','01','Corongo',_binary '',1,-8.5683,-77.8967,1420,143.13),(174,'02','Ancash','09','Corongo','02','Aco',_binary '',1,-8.5228,-77.8769,442,56.54),(175,'02','Ancash','09','Corongo','03','Bambas',_binary '',1,-8.6022,-77.9925,546,151.13),(176,'02','Ancash','09','Corongo','04','Cusca',_binary '',1,-8.5106,-77.8631,2985,411.55),(177,'02','Ancash','09','Corongo','05','La Pampa',_binary '',1,-8.6619,-77.9011,1004,93.94),(178,'02','Ancash','09','Corongo','06','Yanac',_binary '',1,-8.6178,-77.8636,704,45.85),(179,'02','Ancash','09','Corongo','07','Yupan',_binary '',1,-8.615,-77.9661,1041,85.87),(180,'02','Ancash','10','Huari','01','Huari',_binary '',1,-9.3478,-77.1725,10423,398.91),(181,'02','Ancash','10','Huari','02','Anra',_binary '',1,-9.2347,-76.9253,1581,80.31),(182,'02','Ancash','10','Huari','03','Cajay',_binary '',1,-9.3253,-77.1569,2552,159.35),(183,'02','Ancash','10','Huari','04','Chavin de Huantar',_binary '',1,-9.5869,-77.1772,9251,434.13),(184,'02','Ancash','10','Huari','05','Huacachi',_binary '',1,-9.3164,-76.9356,1826,86.7),(185,'02','Ancash','10','Huari','06','Huacchis',_binary '',1,-9.2,-76.7875,2079,72.16),(186,'02','Ancash','10','Huari','07','Huachis',_binary '',1,-9.4097,-77.1003,3466,153.89),(187,'02','Ancash','10','Huari','08','Huantar',_binary '',1,-9.4517,-77.175,3058,156.15),(188,'02','Ancash','10','Huari','09','Masin',_binary '',1,-9.3653,-77.0958,1652,75.33),(189,'02','Ancash','10','Huari','10','Paucas',_binary '',1,-9.1522,-76.8983,1827,135.31),(190,'02','Ancash','10','Huari','11','Ponto',_binary '',1,-9.325,-77.0047,3333,118.29),(191,'02','Ancash','10','Huari','12','Rahuapampa',_binary '',1,-9.3592,-77.0772,814,9.02),(192,'02','Ancash','10','Huari','13','Rapayan',_binary '',1,-9.2053,-76.7611,1800,143.34),(193,'02','Ancash','10','Huari','14','San Marcos',_binary '',1,-9.525,-77.1575,15094,556.75),(194,'02','Ancash','10','Huari','15','San Pedro de Chana',_binary '',1,-9.4025,-77.0117,2850,138.65),(195,'02','Ancash','10','Huari','16','Uco',_binary '',1,-9.1886,-76.9269,1668,53.61),(196,'02','Ancash','11','Huarmey','01','Huarmey',_binary '',1,-10.0697,-78.1517,24856,2894.38),(197,'02','Ancash','11','Huarmey','02','Cochapeti',_binary '',1,-9.9872,-77.6467,747,100.02),(198,'02','Ancash','11','Huarmey','03','Culebras',_binary '',1,-9.9486,-78.2247,3758,630.25),(199,'02','Ancash','11','Huarmey','04','Huayan',_binary '',1,-9.8761,-77.7081,1064,58.99),(200,'02','Ancash','11','Huarmey','05','Malvas',_binary '',1,-9.9294,-77.6581,905,219.52),(201,'02','Ancash','12','Huaylas','01','Caraz',_binary '',1,-9.0472,-77.8108,26740,246.52),(202,'02','Ancash','12','Huaylas','02','Huallanca',_binary '',1,-8.8194,-77.8653,686,178.8),(203,'02','Ancash','12','Huaylas','03','Huata',_binary '',1,-9.0167,-77.8625,1638,70.69),(204,'02','Ancash','12','Huaylas','04','Huaylas',_binary '',1,-8.8694,-77.8925,1421,56.89),(205,'02','Ancash','12','Huaylas','05','Mato',_binary '',1,-8.9617,-77.8456,2003,107.12),(206,'02','Ancash','12','Huaylas','06','Pamparomas',_binary '',1,-9.0731,-77.9819,9268,496.35),(207,'02','Ancash','12','Huaylas','07','Pueblo Libre',_binary '',1,-9.1117,-77.8025,7246,130.99),(208,'02','Ancash','12','Huaylas','08','Santa Cruz',_binary '',1,-8.9486,-77.815,5236,357.7),(209,'02','Ancash','12','Huaylas','09','Santo Toribio',_binary '',1,-8.8644,-77.915,1056,82.02),(210,'02','Ancash','12','Huaylas','10','Yuracmarca',_binary '',1,-8.7364,-77.9036,1760,565.7),(211,'02','Ancash','13','Mariscal Luzuriaga','01','Piscobamba',_binary '',1,-8.8611,-77.3567,3799,45.93),(212,'02','Ancash','13','Mariscal Luzuriaga','02','Casca',_binary '',1,-8.8553,-77.3919,4534,77.38),(213,'02','Ancash','13','Mariscal Luzuriaga','03','Eleazar Guzman Barron',_binary '',1,-8.8997,-77.2419,1381,93.96),(214,'02','Ancash','13','Mariscal Luzuriaga','04','Fidel Olivas Escudero',_binary '',1,-8.8067,-77.2806,2242,204.82),(215,'02','Ancash','13','Mariscal Luzuriaga','05','Llama',_binary '',1,-8.9142,-77.2994,1223,48.13),(216,'02','Ancash','13','Mariscal Luzuriaga','06','Llumpa',_binary '',1,-8.9467,-77.3669,6435,143.27),(217,'02','Ancash','13','Mariscal Luzuriaga','07','Lucma',_binary '',1,-8.9194,-77.4097,3262,77.37),(218,'02','Ancash','13','Mariscal Luzuriaga','08','Musga',_binary '',1,-8.9061,-77.3372,1014,39.72),(219,'02','Ancash','14','Ocros','01','Ocros',_binary '',1,-10.4058,-77.3958,1003,230.55),(220,'02','Ancash','14','Ocros','02','Acas',_binary '',1,-10.4592,-77.3283,1057,252.48),(221,'02','Ancash','14','Ocros','03','Cajamarquilla',_binary '',1,-10.355,-77.1997,600,75.52),(222,'02','Ancash','14','Ocros','04','Carhuapampa',_binary '',1,-10.4969,-77.2428,841,109.78),(223,'02','Ancash','14','Ocros','05','Cochas',_binary '',1,-10.535,-77.4236,1486,408.66),(224,'02','Ancash','14','Ocros','06','Congas',_binary '',1,-10.3361,-77.4419,1223,130.03),(225,'02','Ancash','14','Ocros','07','Llipa',_binary '',1,-10.3808,-77.2067,1814,33.69),(226,'02','Ancash','14','Ocros','08','San Cristobal de Rajan',_binary '',1,-10.3858,-77.2192,639,67.75),(227,'02','Ancash','14','Ocros','09','San Pedro',_binary '',1,-10.3706,-77.4875,2044,531.21),(228,'02','Ancash','14','Ocros','10','Santiago de Chilcas',_binary '',1,-10.4381,-77.3669,383,85.76),(229,'02','Ancash','15','Pallasca','01','Cabana',_binary '',1,-8.3928,-78.0089,2715,150.29),(230,'02','Ancash','15','Pallasca','02','Bolognesi',_binary '',1,-8.3517,-78.0506,1293,86.88),(231,'02','Ancash','15','Pallasca','03','Conchucos',_binary '',1,-8.2658,-77.8483,8458,585.24),(232,'02','Ancash','15','Pallasca','04','Huacaschuque',_binary '',1,-8.3061,-78.0031,563,63.59),(233,'02','Ancash','15','Pallasca','05','Huandoval',_binary '',1,-8.3272,-77.9728,1123,116),(234,'02','Ancash','15','Pallasca','06','Lacabamba',_binary '',1,-8.2583,-77.8958,559,64.68),(235,'02','Ancash','15','Pallasca','07','Llapo',_binary '',1,-8.5111,-78.0397,732,28.69),(236,'02','Ancash','15','Pallasca','08','Pallasca',_binary '',1,-8.2494,-77.9972,2417,59.77),(237,'02','Ancash','15','Pallasca','09','Pampas',_binary '',1,-8.1925,-77.8931,8780,438.18),(238,'02','Ancash','15','Pallasca','10','Santa Rosa',_binary '',1,-8.5239,-78.065,1038,298.77),(239,'02','Ancash','15','Pallasca','11','Tauca',_binary '',1,-8.4717,-78.0347,3170,209.12),(240,'02','Ancash','16','Pomabamba','01','Pomabamba',_binary '',1,-8.8147,-77.4592,16631,347.92),(241,'02','Ancash','16','Pomabamba','02','Huayllan',_binary '',1,-8.8547,-77.4336,3668,88.97),(242,'02','Ancash','16','Pomabamba','03','Parobamba',_binary '',1,-8.6886,-77.4294,7016,331.1),(243,'02','Ancash','16','Pomabamba','04','Quinuabamba',_binary '',1,-8.6944,-77.3978,2390,146.06),(244,'02','Ancash','17','Recuay','01','Recuay',_binary '',1,-9.7214,-77.455,4372,142.96),(245,'02','Ancash','17','Recuay','02','Catac',_binary '',1,-9.8017,-77.4303,4038,1018.27),(246,'02','Ancash','17','Recuay','03','Cotaparaco',_binary '',1,-9.9931,-77.5878,648,172.85),(247,'02','Ancash','17','Recuay','04','Huayllapampa',_binary '',1,-10.055,-77.535,1339,105.29),(248,'02','Ancash','17','Recuay','05','Llacllin',_binary '',1,-10.07,-77.6222,1872,101.1),(249,'02','Ancash','17','Recuay','06','Marca',_binary '',1,-10.0878,-77.4747,969,184.84),(250,'02','Ancash','17','Recuay','07','Pampas Chico',_binary '',1,-10.1147,-77.3981,2109,100.51),(251,'02','Ancash','17','Recuay','08','Pararin',_binary '',1,-10.0497,-77.6533,1403,254.85),(252,'02','Ancash','17','Recuay','09','Tapacocha',_binary '',1,-10.0097,-77.5681,452,81.23),(253,'02','Ancash','17','Recuay','10','Ticapampa',_binary '',1,-9.7578,-77.4444,2232,142.29),(254,'02','Ancash','18','Santa','01','Chimbote',_binary '',1,-9.0758,-78.5842,216037,1461.44),(255,'02','Ancash','18','Santa','02','Caceres del Peru',_binary '',1,-9.0131,-78.1403,4865,549.78),(256,'02','Ancash','18','Santa','03','Coishco',_binary '',1,-9.0239,-78.6181,16057,9.21),(257,'02','Ancash','18','Santa','04','Macate',_binary '',1,-8.7603,-78.0603,3325,584.65),(258,'02','Ancash','18','Santa','05','Moro',_binary '',1,-9.1378,-78.1844,7545,359.35),(259,'02','Ancash','18','Santa','06','Nepeña',_binary '',1,-9.1731,-78.3597,15949,458.24),(260,'02','Ancash','18','Santa','07','Samanco',_binary '',1,-8.9878,-78.6161,4676,153.98),(261,'02','Ancash','18','Santa','08','Santa',_binary '',1,-9.1156,-78.5314,21041,42.23),(262,'02','Ancash','18','Santa','09','Nuevo Chimbote',_binary '',1,-9.2606,-78.4994,157211,389.73),(263,'02','Ancash','19','Sihuas','01','Sihuas',_binary '',1,-8.5556,-77.6344,5750,43.81),(264,'02','Ancash','19','Sihuas','02','Acobamba',_binary '',1,-8.3264,-77.585,2234,153.04),(265,'02','Ancash','19','Sihuas','03','Alfonso Ugarte',_binary '',1,-8.455,-77.4292,762,80.71),(266,'02','Ancash','19','Sihuas','04','Cashapampa',_binary '',1,-8.5617,-77.6558,2833,66.96),(267,'02','Ancash','19','Sihuas','05','Chingalpo',_binary '',1,-8.3394,-77.5992,1034,173.2),(268,'02','Ancash','19','Sihuas','06','Huayllabamba',_binary '',1,-8.535,-77.5689,3982,287.58),(269,'02','Ancash','19','Sihuas','07','Quiches',_binary '',1,-8.3944,-77.4933,2958,146.98),(270,'02','Ancash','19','Sihuas','08','Ragash',_binary '',1,-8.5308,-77.6692,2613,208.45),(271,'02','Ancash','19','Sihuas','09','San Juan',_binary '',1,-8.6461,-77.5808,6568,209.24),(272,'02','Ancash','19','Sihuas','10','Sicsibamba',_binary '',1,-8.6236,-77.5367,1808,86),(273,'02','Ancash','20','Yungay','01','Yungay',_binary '',1,-9.1375,-77.7475,22323,276.68),(274,'02','Ancash','20','Yungay','02','Cascapara',_binary '',1,-9.2261,-77.7197,2332,138.32),(275,'02','Ancash','20','Yungay','03','Mancos',_binary '',1,-9.1911,-77.7164,6954,64.05),(276,'02','Ancash','20','Yungay','04','Matacoto',_binary '',1,-9.1775,-77.7494,1666,43.65),(277,'02','Ancash','20','Yungay','05','Quillo',_binary '',1,-9.3297,-78.0431,14134,373.83),(278,'02','Ancash','20','Yungay','06','Ranrahirca',_binary '',1,-9.1725,-77.725,2690,22.89),(279,'02','Ancash','20','Yungay','07','Shupluy',_binary '',1,-9.2183,-77.6975,2412,162.21),(280,'02','Ancash','20','Yungay','08','Yanama',_binary '',1,-9.0222,-77.4744,6986,279.85),(281,'03','Apurimac','01','Abancay','01','Abancay',_binary '',1,-13.6367,-72.8792,56871,313.07),(282,'03','Apurimac','01','Abancay','02','Chacoche',_binary '',1,-13.9417,-72.9897,1226,186.1),(283,'03','Apurimac','01','Abancay','03','Circa',_binary '',1,-13.8778,-72.8736,2515,641.68),(284,'03','Apurimac','01','Abancay','04','Curahuasi',_binary '',1,-13.5417,-72.6953,18422,817.98),(285,'03','Apurimac','01','Abancay','05','Huanipaca',_binary '',1,-13.4917,-72.9397,4770,432.62),(286,'03','Apurimac','01','Abancay','06','Lambrama',_binary '',1,-13.8706,-72.7728,5577,521.62),(287,'03','Apurimac','01','Abancay','07','Pichirhua',_binary '',1,-13.8606,-73.0736,4028,370.69),(288,'03','Apurimac','01','Abancay','08','San Pedro de Cachora',_binary '',1,-13.5144,-72.8161,3864,108.77),(289,'03','Apurimac','01','Abancay','09','Tamburco',_binary '',1,-13.6211,-72.8725,9894,54.6),(290,'03','Apurimac','02','Andahuaylas','01','Andahuaylas',_binary '',1,-13.6561,-73.3847,46760,174.11),(291,'03','Apurimac','02','Andahuaylas','02','Andarapa',_binary '',1,-13.5264,-73.3681,6335,172.05),(292,'03','Apurimac','02','Andahuaylas','03','Chiara',_binary '',1,-13.8681,-73.6681,1323,148.92),(293,'03','Apurimac','02','Andahuaylas','04','Huancarama',_binary '',1,-13.6467,-73.0856,7408,153.04),(294,'03','Apurimac','02','Andahuaylas','05','Huancaray',_binary '',1,-13.7578,-73.5275,4617,112.2),(295,'03','Apurimac','02','Andahuaylas','06','Huayana',_binary '',1,-14.0503,-73.6097,1060,96.87),(296,'03','Apurimac','02','Andahuaylas','07','Kishuara',_binary '',1,-13.6914,-73.1214,9356,309.91),(297,'03','Apurimac','02','Andahuaylas','08','Pacobamba',_binary '',1,-13.6167,-73.0872,4676,245.9),(298,'03','Apurimac','02','Andahuaylas','09','Pacucha',_binary '',1,-13.6089,-73.3442,9833,170.39),(299,'03','Apurimac','02','Andahuaylas','10','Pampachiri',_binary '',1,-14.1861,-73.5436,2820,602.5),(300,'03','Apurimac','02','Andahuaylas','11','Pomacocha',_binary '',1,-14.085,-73.5911,1048,129.19),(301,'03','Apurimac','02','Andahuaylas','12','San Antonio de Cachi',_binary '',1,-13.7733,-73.6036,3183,178.78),(302,'03','Apurimac','02','Andahuaylas','13','San Jeronimo',_binary '',1,-13.6506,-73.3656,29017,237.42),(303,'03','Apurimac','02','Andahuaylas','14','San Miguel de Chaccrampa',_binary '',1,-13.9594,-73.6086,2080,83.37),(304,'03','Apurimac','02','Andahuaylas','15','Santa Maria de Chicmo',_binary '',1,-13.6578,-73.4931,9864,162.14),(305,'03','Apurimac','02','Andahuaylas','16','Talavera',_binary '',1,-13.6536,-73.4278,18478,148.12),(306,'03','Apurimac','02','Andahuaylas','17','Tumay Huaraca',_binary '',1,-14.0539,-73.5689,2448,446.71),(307,'03','Apurimac','02','Andahuaylas','18','Turpo',_binary '',1,-13.7856,-73.4728,4152,121.67),(308,'03','Apurimac','02','Andahuaylas','19','Kaquiabamba',_binary '',1,-13.5369,-73.2878,3006,97.79),(309,'03','Apurimac','02','Andahuaylas','20','José María Arguedas',_binary '',1,-13.7336,-73.3503,3921,195.92),(310,'03','Apurimac','03','Antabamba','01','Antabamba',_binary '',1,-14.3653,-72.8778,3185,603.76),(311,'03','Apurimac','03','Antabamba','02','El Oro',_binary '',1,-14.2092,-73.0583,548,68.81),(312,'03','Apurimac','03','Antabamba','03','Huaquirca',_binary '',1,-14.3369,-72.8936,1568,337.6),(313,'03','Apurimac','03','Antabamba','04','Juan Espinoza Medrano',_binary '',1,-14.4286,-72.9147,2044,623.22),(314,'03','Apurimac','03','Antabamba','05','Oropesa',_binary '',1,-14.2628,-72.5639,3127,1180.12),(315,'03','Apurimac','03','Antabamba','06','Pachaconas',_binary '',1,-14.2244,-73.0147,1291,226.73),(316,'03','Apurimac','03','Antabamba','07','Sabaino',_binary '',1,-14.3122,-72.9442,1657,178.77),(317,'03','Apurimac','04','Aymaraes','01','Chalhuanca',_binary '',1,-14.295,-73.2431,5098,322.34),(318,'03','Apurimac','04','Aymaraes','02','Capaya',_binary '',1,-14.1181,-73.3217,1013,77.75),(319,'03','Apurimac','04','Aymaraes','03','Caraybamba',_binary '',1,-14.3783,-73.1608,1497,234.91),(320,'03','Apurimac','04','Aymaraes','04','Chapimarca',_binary '',1,-13.9747,-73.0644,2139,213.09),(321,'03','Apurimac','04','Aymaraes','05','Colcabamba',_binary '',1,-14.005,-73.2519,959,95.75),(322,'03','Apurimac','04','Aymaraes','06','Cotaruse',_binary '',1,-14.4164,-73.2053,5444,1749.83),(323,'03','Apurimac','04','Aymaraes','07','Huayllo',_binary '',1,-14.1331,-73.2686,739,72.89),(324,'03','Apurimac','04','Aymaraes','08','Justo Apu Sahuaraura',_binary '',1,-14.1489,-73.1758,1340,97.64),(325,'03','Apurimac','04','Aymaraes','09','Lucre',_binary '',1,-13.9506,-73.2253,2141,110.48),(326,'03','Apurimac','04','Aymaraes','10','Pocohuanca',_binary '',1,-14.22,-73.0881,1154,82.55),(327,'03','Apurimac','04','Aymaraes','11','San Juan de Chacña',_binary '',1,-13.9239,-73.1828,833,86.13),(328,'03','Apurimac','04','Aymaraes','12','Sañayca',_binary '',1,-14.2036,-73.3461,1455,448.91),(329,'03','Apurimac','04','Aymaraes','13','Soraya',_binary '',1,-14.1656,-73.3139,824,43.56),(330,'03','Apurimac','04','Aymaraes','14','Tapairihua',_binary '',1,-14.1408,-73.1431,2252,163.73),(331,'03','Apurimac','04','Aymaraes','15','Tintay',_binary '',1,-13.9592,-73.1867,3213,136.58),(332,'03','Apurimac','04','Aymaraes','16','Toraya',_binary '',1,-14.0522,-73.2958,2005,173.05),(333,'03','Apurimac','04','Aymaraes','17','Yanaca',_binary '',1,-14.225,-73.1589,1169,103.88),(334,'03','Apurimac','05','Cotabambas','01','Tambobamba',_binary '',1,-13.945,-72.1769,11793,722.23),(335,'03','Apurimac','05','Cotabambas','02','Cotabambas',_binary '',1,-13.7458,-72.3567,4274,331.96),(336,'03','Apurimac','05','Cotabambas','03','Coyllurqui',_binary '',1,-13.8367,-72.4339,8629,418.95),(337,'03','Apurimac','05','Cotabambas','04','Haquira',_binary '',1,-14.2153,-72.1903,11908,475.46),(338,'03','Apurimac','05','Cotabambas','05','Mara',_binary '',1,-14.0864,-72.1025,6718,224.17),(339,'03','Apurimac','05','Cotabambas','06','Challhuahuacho',_binary '',1,-14.1192,-72.2486,9998,439.96),(340,'03','Apurimac','06','Chincheros','01','Chincheros',_binary '',1,-13.5175,-73.7222,6998,132.4),(341,'03','Apurimac','06','Chincheros','02','Anco_Huallo',_binary '',1,-13.5328,-73.6769,12627,38.9),(342,'03','Apurimac','06','Chincheros','03','Cocharcas',_binary '',1,-13.61,-73.7408,2742,109.9),(343,'03','Apurimac','06','Chincheros','04','Huaccana',_binary '',1,-13.3872,-73.69,9142,472.12),(344,'03','Apurimac','06','Chincheros','05','Ocobamba',_binary '',1,-13.4828,-73.5617,8331,58.2),(345,'03','Apurimac','06','Chincheros','06','Ongoy',_binary '',1,-13.4031,-73.6697,3812,118.69),(346,'03','Apurimac','06','Chincheros','07','Uranmarca',_binary '',1,-13.6728,-73.6686,3748,148.73),(347,'03','Apurimac','06','Chincheros','08','Ranracancha',_binary '',1,-13.5322,-73.6056,5377,44.52),(348,'03','Apurimac','06','Chincheros','09','Rocchacc',_binary '',1,-13.44,-73.5997,3409,56.96),(349,'03','Apurimac','06','Chincheros','10','El Porvenir',_binary '',1,-13.3975,-73.595,2014,61.89),(350,'03','Apurimac','06','Chincheros','11','Los Chankas',_binary '',1,-13.4353,-73.8219,1276,142.22),(351,'03','Apurimac','07','Grau','01','Chuquibambilla',_binary '',1,-14.1042,-72.7086,5410,432.5),(352,'03','Apurimac','07','Grau','02','Curpahuasi',_binary '',1,-14.0631,-72.6714,2320,293.42),(353,'03','Apurimac','07','Grau','03','Gamarra',_binary '',1,-13.8728,-72.5122,3890,370.45),(354,'03','Apurimac','07','Grau','04','Huayllati',_binary '',1,-13.9283,-72.4847,1654,110.75),(355,'03','Apurimac','07','Grau','05','Mamara',_binary '',1,-14.2275,-72.5906,973,66.21),(356,'03','Apurimac','07','Grau','06','Micaela Bastidas',_binary '',1,-14.115,-72.6136,1689,110.14),(357,'03','Apurimac','07','Grau','07','Pataypampa',_binary '',1,-14.1775,-72.6706,1127,158.91),(358,'03','Apurimac','07','Grau','08','Progreso',_binary '',1,-14.0742,-72.4744,3342,254.59),(359,'03','Apurimac','07','Grau','09','San Antonio',_binary '',1,-14.1689,-72.6233,358,24.12),(360,'03','Apurimac','07','Grau','10','Santa Rosa',_binary '',1,-14.1408,-72.6586,700,36.16),(361,'03','Apurimac','07','Grau','11','Turpay',_binary '',1,-14.2283,-72.6253,746,52.34),(362,'03','Apurimac','07','Grau','12','Vilcabamba',_binary '',1,-14.0758,-72.625,1402,7.97),(363,'03','Apurimac','07','Grau','13','Virundo',_binary '',1,-14.2506,-72.6811,1305,117.19),(364,'03','Apurimac','07','Grau','14','Curasco',_binary '',1,-14.0606,-72.5672,1624,139.77),(365,'04','Arequipa','01','Arequipa','01','Arequipa',_binary '',1,-16.4008,-71.5378,52425,2.8),(366,'04','Arequipa','01','Arequipa','02','Alto Selva Alegre',_binary '',1,-16.3706,-71.5272,85223,6.98),(367,'04','Arequipa','01','Arequipa','03','Cayma',_binary '',1,-16.3881,-71.5492,96878,246.31),(368,'04','Arequipa','01','Arequipa','04','Cerro Colorado',_binary '',1,-16.375,-71.5611,158836,174.9),(369,'04','Arequipa','01','Arequipa','05','Characato',_binary '',1,-16.4706,-71.4897,10101,86),(370,'04','Arequipa','01','Arequipa','06','Chiguata',_binary '',1,-16.4025,-71.3939,3012,460.81),(371,'04','Arequipa','01','Arequipa','07','Jacobo Hunter',_binary '',1,-16.4467,-71.5556,48985,20.37),(372,'04','Arequipa','01','Arequipa','08','La Joya',_binary '',1,-16.4239,-71.8206,32048,670.22),(373,'04','Arequipa','01','Arequipa','09','Mariano Melgar',_binary '',1,-16.4058,-71.5117,52881,29.83),(374,'04','Arequipa','01','Arequipa','10','Miraflores',_binary '',1,-16.395,-71.5211,48242,28.68),(375,'04','Arequipa','01','Arequipa','11','Mollebaya',_binary '',1,-16.4883,-71.4686,1979,26.7),(376,'04','Arequipa','01','Arequipa','12','Paucarpata',_binary '',1,-16.4233,-71.5083,126053,31.07),(377,'04','Arequipa','01','Arequipa','13','Pocsi',_binary '',1,-16.5172,-71.3925,537,172.48),(378,'04','Arequipa','01','Arequipa','14','Polobaya',_binary '',1,-16.5606,-71.3747,1497,441.61),(379,'04','Arequipa','01','Arequipa','15','Quequeña',_binary '',1,-16.5586,-71.4544,1410,34.93),(380,'04','Arequipa','01','Arequipa','16','Sabandia',_binary '',1,-16.4561,-71.495,4234,36.63),(381,'04','Arequipa','01','Arequipa','17','Sachaca',_binary '',1,-16.4286,-71.5678,20059,26.63),(382,'04','Arequipa','01','Arequipa','18','San Juan de Siguas',_binary '',1,-16.3461,-72.1314,1591,93.31),(383,'04','Arequipa','01','Arequipa','19','San Juan de Tarucani',_binary '',1,-16.1839,-71.0656,2193,2264.59),(384,'04','Arequipa','01','Arequipa','20','Santa Isabel de Siguas',_binary '',1,-16.3197,-72.1028,1273,187.98),(385,'04','Arequipa','01','Arequipa','21','Santa Rita de Siguas',_binary '',1,-16.4928,-72.0944,5854,370.16),(386,'04','Arequipa','01','Arequipa','22','Socabaya',_binary '',1,-16.4522,-71.5308,83799,18.64),(387,'04','Arequipa','01','Arequipa','23','Tiabaya',_binary '',1,-16.4489,-71.5908,14812,31.62),(388,'04','Arequipa','01','Arequipa','24','Uchumayo',_binary '',1,-16.425,-71.6722,12950,227.14),(389,'04','Arequipa','01','Arequipa','25','Vitor',_binary '',1,-16.4658,-71.9389,2267,1543.5),(390,'04','Arequipa','01','Arequipa','26','Yanahuara',_binary '',1,-16.395,-71.5539,26233,2.2),(391,'04','Arequipa','01','Arequipa','27','Yarabamba',_binary '',1,-16.5481,-71.4775,1140,492.2),(392,'04','Arequipa','01','Arequipa','28','Yura',_binary '',1,-16.245,-71.6931,28556,1942.9),(393,'04','Arequipa','01','Arequipa','29','Jose Luis Bustamante y Rivero',_binary '',1,-16.4344,-71.5175,76905,10.83),(394,'04','Arequipa','02','Camana','01','Camana',_binary '',1,-16.6236,-72.7114,14409,11.67),(395,'04','Arequipa','02','Camana','02','Jose Maria Quimper',_binary '',1,-16.6031,-72.7275,4195,16.72),(396,'04','Arequipa','02','Camana','03','Mariano Nicolas Valcarcel',_binary '',1,-16.0303,-73.1625,7728,557.74),(397,'04','Arequipa','02','Camana','04','Mariscal Caceres',_binary '',1,-16.6183,-72.7361,6637,579.31),(398,'04','Arequipa','02','Camana','05','Nicolas de Pierola',_binary '',1,-16.5717,-72.7147,6387,391.84),(399,'04','Arequipa','02','Camana','06','Ocoña',_binary '',1,-16.4328,-73.1081,4862,1414.8),(400,'04','Arequipa','02','Camana','07','Quilca',_binary '',1,-16.7164,-72.4275,630,912.25),(401,'04','Arequipa','02','Camana','08','Samuel Pastor',_binary '',1,-16.615,-72.6989,15933,113.4),(402,'04','Arequipa','03','Caraveli','01','Caraveli',_binary '',1,-15.7728,-73.3681,3705,727.68),(403,'04','Arequipa','03','Caraveli','02','Acari',_binary '',1,-15.4325,-74.6172,3010,799.21),(404,'04','Arequipa','03','Caraveli','03','Atico',_binary '',1,-16.2089,-73.6258,4128,3146.24),(405,'04','Arequipa','03','Caraveli','04','Atiquipa',_binary '',1,-15.7956,-74.3658,945,423.55),(406,'04','Arequipa','03','Caraveli','05','Bella Union',_binary '',1,-15.4519,-74.6622,7296,1588.41),(407,'04','Arequipa','03','Caraveli','06','Cahuacho',_binary '',1,-15.5042,-73.4817,909,1412.1),(408,'04','Arequipa','03','Caraveli','07','Chala',_binary '',1,-15.8667,-74.2472,7186,378.38),(409,'04','Arequipa','03','Caraveli','08','Chaparra',_binary '',1,-15.8058,-73.9672,5814,1473.19),(410,'04','Arequipa','03','Caraveli','09','Huanuhuanu',_binary '',1,-15.6592,-74.0936,3469,708.52),(411,'04','Arequipa','03','Caraveli','10','Jaqui',_binary '',1,-15.4753,-74.4414,1163,424.73),(412,'04','Arequipa','03','Caraveli','11','Lomas',_binary '',1,-15.5719,-74.8533,1356,452.7),(413,'04','Arequipa','03','Caraveli','12','Quicacha',_binary '',1,-15.6253,-73.7978,1890,1048.42),(414,'04','Arequipa','03','Caraveli','13','Yauca',_binary '',1,-15.6606,-74.5269,1555,556.3),(415,'04','Arequipa','04','Castilla','01','Aplao',_binary '',1,-16.0761,-72.4925,8856,640.04),(416,'04','Arequipa','04','Castilla','02','Andagua',_binary '',1,-15.4975,-72.355,1116,480.74),(417,'04','Arequipa','04','Castilla','03','Ayo',_binary '',1,-15.6836,-72.2744,401,327.97),(418,'04','Arequipa','04','Castilla','04','Chachas',_binary '',1,-15.5017,-72.2719,1671,1190.49),(419,'04','Arequipa','04','Castilla','05','Chilcaymarca',_binary '',1,-15.2867,-72.3794,1376,181.37),(420,'04','Arequipa','04','Castilla','06','Choco',_binary '',1,-15.5761,-72.1331,985,904.33),(421,'04','Arequipa','04','Castilla','07','Huancarqui',_binary '',1,-16.0969,-72.4722,1288,803.65),(422,'04','Arequipa','04','Castilla','08','Machaguay',_binary '',1,-15.6486,-72.5056,681,246.89),(423,'04','Arequipa','04','Castilla','09','Orcopampa',_binary '',1,-15.2661,-72.3431,10039,724.37),(424,'04','Arequipa','04','Castilla','10','Pampacolca',_binary '',1,-15.7131,-72.5728,2612,205.19),(425,'04','Arequipa','04','Castilla','11','Tipan',_binary '',1,-15.7272,-72.5053,506,57.68),(426,'04','Arequipa','04','Castilla','12','Uñon',_binary '',1,-15.7275,-72.4317,464,296.93),(427,'04','Arequipa','04','Castilla','13','Uraca',_binary '',1,-16.2231,-72.4733,7235,713.83),(428,'04','Arequipa','04','Castilla','14','Viraco',_binary '',1,-15.6547,-72.5247,1647,141),(429,'04','Arequipa','05','Caylloma','01','Chivay',_binary '',1,-15.64,-71.6033,8073,240.64),(430,'04','Arequipa','05','Caylloma','02','Achoma',_binary '',1,-15.6611,-71.7017,869,393.54),(431,'04','Arequipa','05','Caylloma','03','Cabanaconde',_binary '',1,-15.6214,-71.9797,2332,460.55),(432,'04','Arequipa','05','Caylloma','04','Callalli',_binary '',1,-15.5067,-71.4483,1915,1485.1),(433,'04','Arequipa','05','Caylloma','05','Caylloma',_binary '',1,-15.1872,-71.7725,3021,1499),(434,'04','Arequipa','05','Caylloma','06','Coporaque',_binary '',1,-15.6275,-71.6483,1542,111.98),(435,'04','Arequipa','05','Caylloma','07','Huambo',_binary '',1,-15.7297,-72.1072,566,705.79),(436,'04','Arequipa','05','Caylloma','08','Huanca',_binary '',1,-16.0311,-71.8736,1383,391.16),(437,'04','Arequipa','05','Caylloma','09','Ichupampa',_binary '',1,-15.6503,-71.6892,648,74.89),(438,'04','Arequipa','05','Caylloma','10','Lari',_binary '',1,-15.6217,-71.7692,1548,384.02),(439,'04','Arequipa','05','Caylloma','11','Lluta',_binary '',1,-16.0156,-72.0161,1253,1226.46),(440,'04','Arequipa','05','Caylloma','12','Maca',_binary '',1,-15.6417,-71.7711,692,227.48),(441,'04','Arequipa','05','Caylloma','13','Madrigal',_binary '',1,-15.6086,-71.8103,463,160.09),(442,'04','Arequipa','05','Caylloma','14','San Antonio de Chuca',_binary '',1,-15.8403,-71.0903,1593,1531.27),(443,'04','Arequipa','05','Caylloma','15','Sibayo',_binary '',1,-15.4858,-71.4586,655,286.03),(444,'04','Arequipa','05','Caylloma','16','Tapay',_binary '',1,-15.5789,-71.9414,523,420.17),(445,'04','Arequipa','05','Caylloma','17','Tisco',_binary '',1,-15.3469,-71.4492,1388,1445.02),(446,'04','Arequipa','05','Caylloma','18','Tuti',_binary '',1,-15.5325,-71.5511,738,241.89),(447,'04','Arequipa','05','Caylloma','19','Yanque',_binary '',1,-15.65,-71.6614,2113,1108.58),(448,'04','Arequipa','05','Caylloma','20','Majes',_binary '',1,-16.3586,-72.1908,69348,1625.8),(449,'04','Arequipa','06','Condesuyos','01','Chuquibamba',_binary '',1,-15.8397,-72.6542,3279,1255.04),(450,'04','Arequipa','06','Condesuyos','02','Andaray',_binary '',1,-15.7961,-72.8597,657,847.56),(451,'04','Arequipa','06','Condesuyos','03','Cayarani',_binary '',1,-14.6731,-72.0231,3046,1395.67),(452,'04','Arequipa','06','Condesuyos','04','Chichas',_binary '',1,-15.5469,-72.9183,638,392.16),(453,'04','Arequipa','06','Condesuyos','05','Iray',_binary '',1,-15.8564,-72.625,633,247.62),(454,'04','Arequipa','06','Condesuyos','06','Rio Grande',_binary '',1,-15.9411,-73.1308,2606,527.48),(455,'04','Arequipa','06','Condesuyos','07','Salamanca',_binary '',1,-15.5042,-72.8333,841,1235.8),(456,'04','Arequipa','06','Condesuyos','08','Yanaquihua',_binary '',1,-15.7747,-72.8758,6061,1057.07),(457,'04','Arequipa','07','Islay','01','Mollendo',_binary '',1,-17.025,-72.0181,22008,960.83),(458,'04','Arequipa','07','Islay','02','Cocachacra',_binary '',1,-17.0942,-71.7711,8901,1536.96),(459,'04','Arequipa','07','Islay','03','Dean Valdivia',_binary '',1,-17.145,-71.8239,6703,134.08),(460,'04','Arequipa','07','Islay','04','Islay',_binary '',1,-17,-72.1017,7851,383.78),(461,'04','Arequipa','07','Islay','05','Mejia',_binary '',1,-17.1028,-71.9086,1014,100.78),(462,'04','Arequipa','07','Islay','06','Punta de Bombon',_binary '',1,-17.1728,-71.7928,6444,769.6),(463,'04','Arequipa','08','La Union','01','Cotahuasi',_binary '',1,-15.2111,-72.8911,2923,166.5),(464,'04','Arequipa','08','La Union','02','Alca',_binary '',1,-15.1342,-72.7647,1988,193.42),(465,'04','Arequipa','08','La Union','03','Charcana',_binary '',1,-15.2411,-73.0697,536,165.27),(466,'04','Arequipa','08','La Union','04','Huaynacotas',_binary '',1,-15.1744,-72.8514,2207,932.64),(467,'04','Arequipa','08','La Union','05','Pampamarca',_binary '',1,-15.185,-72.9072,1231,782.17),(468,'04','Arequipa','08','La Union','06','Puyca',_binary '',1,-15.0589,-72.6908,2797,1501.2),(469,'04','Arequipa','08','La Union','07','Quechualla',_binary '',1,-15.2758,-73.0233,228,138.37),(470,'04','Arequipa','08','La Union','08','Sayla',_binary '',1,-15.3211,-73.2214,592,66.55),(471,'04','Arequipa','08','La Union','09','Tauria',_binary '',1,-15.3553,-73.2319,317,314.68),(472,'04','Arequipa','08','La Union','10','Tomepampa',_binary '',1,-15.1728,-72.8297,813,94.16),(473,'04','Arequipa','08','La Union','11','Toro',_binary '',1,-15.2642,-72.9275,767,391.44),(474,'05','Ayacucho','01','Huamanga','01','Ayacucho',_binary '',1,-13.1542,-74.2228,96671,83.11),(475,'05','Ayacucho','01','Huamanga','02','Acocro',_binary '',1,-13.2183,-74.0411,11081,436.65),(476,'05','Ayacucho','01','Huamanga','03','Acos Vinchos',_binary '',1,-13.1125,-74.1017,6197,156.82),(477,'05','Ayacucho','01','Huamanga','04','Carmen Alto',_binary '',1,-13.1722,-74.2242,22397,17.52),(478,'05','Ayacucho','01','Huamanga','05','Chiara',_binary '',1,-13.2733,-74.2053,7216,461.61),(479,'05','Ayacucho','01','Huamanga','06','Ocros',_binary '',1,-13.3917,-73.9164,6466,305.41),(480,'05','Ayacucho','01','Huamanga','07','Pacaycasa',_binary '',1,-13.0564,-74.2142,3314,53.55),(481,'05','Ayacucho','01','Huamanga','08','Quinua',_binary '',1,-13.0497,-74.1397,6375,116.61),(482,'05','Ayacucho','01','Huamanga','09','San Jose de Ticllas',_binary '',1,-13.1328,-74.3331,2591,82.31),(483,'05','Ayacucho','01','Huamanga','10','San Juan Bautista',_binary '',1,-13.1658,-74.2222,52935,15.19),(484,'05','Ayacucho','01','Huamanga','11','Santiago de Pischa',_binary '',1,-13.085,-74.3911,1700,91.09),(485,'05','Ayacucho','01','Huamanga','12','Socos',_binary '',1,-13.215,-74.2894,7637,172.34),(486,'05','Ayacucho','01','Huamanga','13','Tambillo',_binary '',1,-13.1922,-74.1097,5462,153.23),(487,'05','Ayacucho','01','Huamanga','14','Vinchos',_binary '',1,-13.2417,-74.3536,17136,928.68),(488,'05','Ayacucho','01','Huamanga','15','Jesus Nazareno',_binary '',1,-13.1531,-74.2114,18815,16.12),(489,'05','Ayacucho','01','Huamanga','16','Andrés Avelino Cáceres Dorregaray',_binary '',1,-13.1617,-74.2106,22356,9.28),(490,'05','Ayacucho','02','Cangallo','01','Cangallo',_binary '',1,-13.6281,-74.1442,6866,187.05),(491,'05','Ayacucho','02','Cangallo','02','Chuschi',_binary '',1,-13.5831,-74.3536,8127,418.03),(492,'05','Ayacucho','02','Cangallo','03','Los Morochucos',_binary '',1,-13.5572,-74.1947,8316,253.22),(493,'05','Ayacucho','02','Cangallo','04','Maria Parado de Bellido',_binary '',1,-13.6039,-74.2347,2576,129.13),(494,'05','Ayacucho','02','Cangallo','05','Paras',_binary '',1,-13.5517,-74.6272,4636,789.09),(495,'05','Ayacucho','02','Cangallo','06','Totos',_binary '',1,-13.5681,-74.5242,3742,112.9),(496,'05','Ayacucho','03','Huanca Sancos','01','Sancos',_binary '',1,-13.9192,-74.3339,3632,1289.7),(497,'05','Ayacucho','03','Huanca Sancos','02','Carapo',_binary '',1,-13.8375,-74.3147,2543,241.34),(498,'05','Ayacucho','03','Huanca Sancos','03','Sacsamarca',_binary '',1,-13.9464,-74.315,1637,673.03),(499,'05','Ayacucho','03','Huanca Sancos','04','Santiago de Lucanamarca',_binary '',1,-13.8433,-74.3722,2683,658.26),(500,'05','Ayacucho','04','Huanta','01','Huanta',_binary '',1,-12.9386,-74.2486,42538,193.48),(501,'05','Ayacucho','04','Huanta','02','Ayahuanco',_binary '',1,-12.5981,-74.3231,6452,297.89),(502,'05','Ayacucho','04','Huanta','03','Huamanguilla',_binary '',1,-13.0108,-74.1731,5345,95.27),(503,'05','Ayacucho','04','Huanta','04','Iguain',_binary '',1,-12.9919,-74.2083,3327,61.44),(504,'05','Ayacucho','04','Huanta','05','Luricocha',_binary '',1,-12.8981,-74.2711,5359,130.04),(505,'05','Ayacucho','04','Huanta','06','Santillana',_binary '',1,-12.7656,-74.2528,4906,336.17),(506,'05','Ayacucho','04','Huanta','07','Sivia',_binary '',1,-12.5119,-73.8578,13511,1053.52),(507,'05','Ayacucho','04','Huanta','08','Llochegua',_binary '',1,-12.4114,-73.9097,11372,469.02),(508,'05','Ayacucho','04','Huanta','09','Canayre',_binary '',1,-12.2822,-74.0228,3091,244.69),(509,'05','Ayacucho','04','Huanta','10','Uchuraccay',_binary '',1,-12.7622,-74.1464,5759,300.28),(510,'05','Ayacucho','04','Huanta','11','Pucacolpa',_binary '',1,-15.255,-73.4136,8654,562.06),(511,'05','Ayacucho','04','Huanta','12','Chaca',_binary '',1,-12.7836,-74.2069,2580,124.46),(512,'05','Ayacucho','05','La Mar','01','San Miguel',_binary '',1,-13.0117,-73.9789,9248,457.88),(513,'05','Ayacucho','05','La Mar','02','Anco',_binary '',1,-13.0592,-73.7072,11144,802.86),(514,'05','Ayacucho','05','La Mar','03','Ayna',_binary '',1,-12.6244,-73.79,10559,290.51),(515,'05','Ayacucho','05','La Mar','04','Chilcas',_binary '',1,-13.1722,-73.9083,3081,156.58),(516,'05','Ayacucho','05','La Mar','05','Chungui',_binary '',1,-13.2222,-73.6242,5478,1093.05),(517,'05','Ayacucho','05','La Mar','06','Luis Carranza',_binary '',1,-13.2283,-73.8925,1041,135.84),(518,'05','Ayacucho','05','La Mar','07','Santa Rosa',_binary '',1,-12.6894,-73.735,11233,396.58),(519,'05','Ayacucho','05','La Mar','08','Tambo',_binary '',1,-12.9506,-74.0233,20429,313.82),(520,'05','Ayacucho','05','La Mar','09','Samugari',_binary '',1,-12.7908,-73.6414,10772,387.45),(521,'05','Ayacucho','05','La Mar','10','Anchihuay',_binary '',1,-12.8633,-73.5817,5640,272.07),(522,'05','Ayacucho','05','La Mar','11','Oronccoy',_binary '',1,-13.3808,-73.4358,1853,553.74),(523,'05','Ayacucho','06','Lucanas','01','Puquio',_binary '',1,-14.6914,-74.1283,14166,866.43),(524,'05','Ayacucho','06','Lucanas','02','Aucara',_binary '',1,-14.2681,-73.9703,5640,903.51),(525,'05','Ayacucho','06','Lucanas','03','Cabana',_binary '',1,-14.2897,-73.9667,4727,402.62),(526,'05','Ayacucho','06','Lucanas','04','Carmen Salcedo',_binary '',1,-14.3875,-73.9625,4159,473.66),(527,'05','Ayacucho','06','Lucanas','05','Chaviña',_binary '',1,-14.9778,-73.8364,2025,399.09),(528,'05','Ayacucho','06','Lucanas','06','Chipao',_binary '',1,-14.3661,-73.8786,3825,1166.91),(529,'05','Ayacucho','06','Lucanas','07','Huac-Huas',_binary '',1,-14.1308,-74.9419,2865,309.48),(530,'05','Ayacucho','06','Lucanas','08','Laramate',_binary '',1,-14.2858,-74.8425,1367,785.89),(531,'05','Ayacucho','06','Lucanas','09','Leoncio Prado',_binary '',1,-14.7278,-74.67,1364,1053.6),(532,'05','Ayacucho','06','Lucanas','10','Llauta',_binary '',1,-14.2439,-74.9192,1126,482.07),(533,'05','Ayacucho','06','Lucanas','11','Lucanas',_binary '',1,-14.6222,-74.2328,4240,1205.78),(534,'05','Ayacucho','06','Lucanas','12','Ocaña',_binary '',1,-14.3983,-74.8219,2932,848.36),(535,'05','Ayacucho','06','Lucanas','13','Otoca',_binary '',1,-14.4894,-74.6892,3149,720.2),(536,'05','Ayacucho','06','Lucanas','14','Saisa',_binary '',1,-14.9383,-74.4183,933,585.4),(537,'05','Ayacucho','06','Lucanas','15','San Cristobal',_binary '',1,-14.7425,-74.2217,2182,391.83),(538,'05','Ayacucho','06','Lucanas','16','San Juan',_binary '',1,-14.66,-74.2011,1636,44.59),(539,'05','Ayacucho','06','Lucanas','17','San Pedro',_binary '',1,-14.7708,-74.0972,3019,733.03),(540,'05','Ayacucho','06','Lucanas','18','San Pedro de Palco',_binary '',1,-14.4139,-74.65,1371,531.55),(541,'05','Ayacucho','06','Lucanas','19','Sancos',_binary '',1,-15.0619,-73.9511,7510,1520.87),(542,'05','Ayacucho','06','Lucanas','20','Santa Ana de Huaycahuacho',_binary '',1,-14.2281,-73.955,669,50.63),(543,'05','Ayacucho','06','Lucanas','21','Santa Lucia',_binary '',1,-14.9786,-74.5233,889,1019.14),(544,'05','Ayacucho','07','Parinacochas','01','Coracora',_binary '',1,-15.0161,-73.7819,15679,1399.41),(545,'05','Ayacucho','07','Parinacochas','02','Chumpi',_binary '',1,-15.0944,-73.7478,2680,366.3),(546,'05','Ayacucho','07','Parinacochas','03','Coronel Castañeda',_binary '',1,-14.81,-73.2886,1926,1108.04),(547,'05','Ayacucho','07','Parinacochas','04','Pacapausa',_binary '',1,-14.9492,-73.3678,2955,144.3),(548,'05','Ayacucho','07','Parinacochas','05','Pullo',_binary '',1,-15.2092,-73.8294,5003,1562.34),(549,'05','Ayacucho','07','Parinacochas','06','Puyusca',_binary '',1,-15.2492,-73.5703,2091,700.75),(550,'05','Ayacucho','07','Parinacochas','07','San Francisco de Ravacayco',_binary '',1,-14.9975,-73.3556,770,99.83),(551,'05','Ayacucho','07','Parinacochas','08','Upahuacho',_binary '',1,-14.9075,-73.3972,2817,587.35),(552,'05','Ayacucho','08','Paucar del Sara Sara','01','Pausa',_binary '',1,-15.2806,-73.3433,2845,242.78),(553,'05','Ayacucho','08','Paucar del Sara Sara','02','Colta',_binary '',1,-15.1631,-73.2939,1179,277.29),(554,'05','Ayacucho','08','Paucar del Sara Sara','03','Corculla',_binary '',1,-15.2617,-73.2,445,97.05),(555,'05','Ayacucho','08','Paucar del Sara Sara','04','Lampa',_binary '',1,-15.1847,-73.3472,2590,289.45),(556,'05','Ayacucho','08','Paucar del Sara Sara','05','Marcabamba',_binary '',1,-15.1492,-73.3436,786,122.53),(557,'05','Ayacucho','08','Paucar del Sara Sara','06','Oyolo',_binary '',1,-15.1797,-73.1881,1226,820.13),(558,'05','Ayacucho','08','Paucar del Sara Sara','07','Pararca',_binary '',1,-15.2169,-73.4653,669,57.91),(559,'05','Ayacucho','08','Paucar del Sara Sara','08','San Javier de Alpabamba',_binary '',1,-15.0539,-73.3103,551,92.87),(560,'05','Ayacucho','08','Paucar del Sara Sara','09','San Jose de Ushua',_binary '',1,-15.2242,-73.2258,179,17.33),(561,'05','Ayacucho','08','Paucar del Sara Sara','10','Sara Sara',_binary '',1,-15.2458,-73.4514,735,79.58),(562,'05','Ayacucho','09','Sucre','01','Querobamba',_binary '',1,-14.0136,-73.8408,2792,275.65),(563,'05','Ayacucho','09','Sucre','02','Belen',_binary '',1,-13.8094,-73.7578,772,41.46),(564,'05','Ayacucho','09','Sucre','03','Chalcos',_binary '',1,-13.8478,-73.7533,635,58.43),(565,'05','Ayacucho','09','Sucre','04','Chilcayoc',_binary '',1,-13.8825,-73.7275,568,33.06),(566,'05','Ayacucho','09','Sucre','05','Huacaña',_binary '',1,-14.1728,-73.8864,694,132.73),(567,'05','Ayacucho','09','Sucre','06','Morcolla',_binary '',1,-14.1097,-73.8736,1035,289.34),(568,'05','Ayacucho','09','Sucre','07','Paico',_binary '',1,-14.0386,-73.6433,837,79.65),(569,'05','Ayacucho','09','Sucre','08','San Pedro de Larcay',_binary '',1,-14.1697,-73.5758,1053,310.07),(570,'05','Ayacucho','09','Sucre','09','San Salvador de Quije',_binary '',1,-13.9703,-73.7314,1679,144.63),(571,'05','Ayacucho','09','Sucre','10','Santiago de Paucaray',_binary '',1,-14.0444,-73.6372,724,62.65),(572,'05','Ayacucho','09','Sucre','11','Soras',_binary '',1,-14.1153,-73.6056,1331,357.97),(573,'05','Ayacucho','10','Victor Fajardo','01','Huancapi',_binary '',1,-13.7528,-74.0669,2049,223.35),(574,'05','Ayacucho','10','Victor Fajardo','02','Alcamenca',_binary '',1,-13.6578,-74.1467,2428,125.11),(575,'05','Ayacucho','10','Victor Fajardo','03','Apongo',_binary '',1,-14.0147,-73.9342,1420,171.58),(576,'05','Ayacucho','10','Victor Fajardo','04','Asquipata',_binary '',1,-14.0536,-73.9094,444,70.72),(577,'05','Ayacucho','10','Victor Fajardo','05','Canaria',_binary '',1,-13.9231,-73.9053,4057,263.88),(578,'05','Ayacucho','10','Victor Fajardo','06','Cayara',_binary '',1,-13.7953,-73.9906,1204,69.25),(579,'05','Ayacucho','10','Victor Fajardo','07','Colca',_binary '',1,-13.7125,-74.0342,1078,69.57),(580,'05','Ayacucho','10','Victor Fajardo','08','Huamanquiquia',_binary '',1,-13.7283,-74.2731,1248,67.33),(581,'05','Ayacucho','10','Victor Fajardo','09','Huancaraylla',_binary '',1,-13.7175,-74.1028,1207,165.49),(582,'05','Ayacucho','10','Victor Fajardo','10','Huaya',_binary '',1,-13.8492,-73.9536,3284,162.23),(583,'05','Ayacucho','10','Victor Fajardo','11','Sarhua',_binary '',1,-13.6714,-74.3208,2778,373.14),(584,'05','Ayacucho','10','Victor Fajardo','12','Vilcanchos',_binary '',1,-13.6122,-74.5339,2733,498.54),(585,'05','Ayacucho','11','Vilcas Huaman','01','Vilcas Huaman',_binary '',1,-13.6533,-73.9528,8545,216.89),(586,'05','Ayacucho','11','Vilcas Huaman','02','Accomarca',_binary '',1,-13.8003,-73.9033,939,82.43),(587,'05','Ayacucho','11','Vilcas Huaman','03','Carhuanca',_binary '',1,-13.7425,-73.7892,1018,56.91),(588,'05','Ayacucho','11','Vilcas Huaman','04','Concepcion',_binary '',1,-13.5322,-73.875,3193,215.03),(589,'05','Ayacucho','11','Vilcas Huaman','05','Huambalpa',_binary '',1,-13.7494,-73.9339,2206,150.76),(590,'05','Ayacucho','11','Vilcas Huaman','06','Independencia',_binary '',1,-13.8581,-73.8878,1583,85.28),(591,'05','Ayacucho','11','Vilcas Huaman','07','Saurama',_binary '',1,-13.695,-73.7622,1297,95.15),(592,'05','Ayacucho','11','Vilcas Huaman','08','Vischongo',_binary '',1,-13.5881,-73.9983,4828,268.87),(593,'06','Cajamarca','01','Cajamarca','01','Cajamarca',_binary '',1,-7.1564,-78.5153,251097,382.74),(594,'06','Cajamarca','01','Cajamarca','02','Asuncion',_binary '',1,-7.3233,-78.5203,13508,210.18),(595,'06','Cajamarca','01','Cajamarca','03','Chetilla',_binary '',1,-7.1461,-78.6714,4319,73.94),(596,'06','Cajamarca','01','Cajamarca','04','Cospan',_binary '',1,-7.4264,-78.5433,7882,558.79),(597,'06','Cajamarca','01','Cajamarca','05','Encañada',_binary '',1,-7.0864,-78.3447,24290,635.06),(598,'06','Cajamarca','01','Cajamarca','06','Jesus',_binary '',1,-7.2456,-78.3778,14742,267.78),(599,'06','Cajamarca','01','Cajamarca','07','Llacanora',_binary '',1,-7.1928,-78.4269,5404,49.42),(600,'06','Cajamarca','01','Cajamarca','08','Los Baños del Inca',_binary '',1,-7.1617,-78.4633,43401,276.4),(601,'06','Cajamarca','01','Cajamarca','09','Magdalena',_binary '',1,-7.2508,-78.6564,9689,215.38),(602,'06','Cajamarca','01','Cajamarca','10','Matara',_binary '',1,-7.2564,-78.2636,3542,59.74),(603,'06','Cajamarca','01','Cajamarca','11','Namora',_binary '',1,-7.2017,-78.3247,10740,180.69),(604,'06','Cajamarca','01','Cajamarca','12','San Juan',_binary '',1,-7.2903,-78.4992,5232,69.66),(605,'06','Cajamarca','02','Cajabamba','01','Cajabamba',_binary '',1,-7.6222,-78.0472,30798,192.29),(606,'06','Cajamarca','02','Cajabamba','02','Cachachi',_binary '',1,-7.4494,-78.2703,26990,820.81),(607,'06','Cajamarca','02','Cajabamba','03','Condebamba',_binary '',1,-7.5736,-78.07,14006,204.6),(608,'06','Cajamarca','02','Cajabamba','04','Sitacocha',_binary '',1,-7.5211,-77.9714,8910,589.94),(609,'06','Cajamarca','03','Celendin','01','Celendin',_binary '',1,-6.8681,-78.1489,28319,409),(610,'06','Cajamarca','03','Celendin','02','Chumuch',_binary '',1,-6.6033,-78.2033,3198,196.3),(611,'06','Cajamarca','03','Celendin','03','Cortegana',_binary '',1,-6.4906,-78.3036,8878,233.31),(612,'06','Cajamarca','03','Celendin','04','Huasmin',_binary '',1,-6.8386,-78.2431,13621,437.5),(613,'06','Cajamarca','03','Celendin','05','Jorge Chavez',_binary '',1,-6.9414,-78.0914,593,53.34),(614,'06','Cajamarca','03','Celendin','06','Jose Galvez',_binary '',1,-6.9253,-78.1328,2497,58.01),(615,'06','Cajamarca','03','Celendin','07','Miguel Iglesias',_binary '',1,-6.6439,-78.2381,5613,235.73),(616,'06','Cajamarca','03','Celendin','08','Oxamarca',_binary '',1,-7.0397,-78.0725,6977,292.52),(617,'06','Cajamarca','03','Celendin','09','Sorochuco',_binary '',1,-6.9103,-78.2553,9881,170.02),(618,'06','Cajamarca','03','Celendin','10','Sucre',_binary '',1,-6.9408,-78.1369,6085,270.98),(619,'06','Cajamarca','03','Celendin','11','Utco',_binary '',1,-6.8964,-78.0639,1417,100.79),(620,'06','Cajamarca','03','Celendin','12','La Libertad de Pallan',_binary '',1,-6.7269,-78.2908,9101,184.09),(621,'06','Cajamarca','04','Chota','01','Chota',_binary '',1,-6.5631,-78.6508,48903,261.75),(622,'06','Cajamarca','04','Chota','02','Anguia',_binary '',1,-6.3422,-78.605,4296,123.01),(623,'06','Cajamarca','04','Chota','03','Chadin',_binary '',1,-6.4731,-78.4197,4104,66.53),(624,'06','Cajamarca','04','Chota','04','Chiguirip',_binary '',1,-6.4286,-78.7192,4663,51.44),(625,'06','Cajamarca','04','Chota','05','Chimban',_binary '',1,-6.2567,-78.4786,3684,198.99),(626,'06','Cajamarca','04','Chota','06','Choropampa',_binary '',1,-6.4372,-78.3503,2553,171.59),(627,'06','Cajamarca','04','Chota','07','Cochabamba',_binary '',1,-6.4731,-78.8878,6401,130.01),(628,'06','Cajamarca','04','Chota','08','Conchan',_binary '',1,-6.4444,-78.6572,7060,180.23),(629,'06','Cajamarca','04','Chota','09','Huambos',_binary '',1,-6.4522,-78.9639,9490,240.72),(630,'06','Cajamarca','04','Chota','10','Lajas',_binary '',1,-6.5617,-78.7389,12505,120.73),(631,'06','Cajamarca','04','Chota','11','Llama',_binary '',1,-6.5144,-79.1197,8037,494.94),(632,'06','Cajamarca','04','Chota','12','Miracosta',_binary '',1,-6.4053,-79.2831,3924,415.69),(633,'06','Cajamarca','04','Chota','13','Paccha',_binary '',1,-6.5022,-78.4211,5335,93.97),(634,'06','Cajamarca','04','Chota','14','Pion',_binary '',1,-6.1783,-78.4817,1566,141.05),(635,'06','Cajamarca','04','Chota','15','Querocoto',_binary '',1,-6.3586,-79.0356,8918,301.07),(636,'06','Cajamarca','04','Chota','16','San Juan de Licupis',_binary '',1,-6.4244,-79.2414,969,205.01),(637,'06','Cajamarca','04','Chota','17','Tacabamba',_binary '',1,-6.3931,-78.6125,20132,196.25),(638,'06','Cajamarca','04','Chota','18','Tocmoche',_binary '',1,-6.4125,-79.3606,993,222.38),(639,'06','Cajamarca','04','Chota','19','Chalamarca',_binary '',1,-6.4889,-78.4689,11274,179.74),(640,'06','Cajamarca','05','Contumaza','01','Contumaza',_binary '',1,-7.3653,-78.8064,8461,358.28),(641,'06','Cajamarca','05','Contumaza','02','Chilete',_binary '',1,-7.2222,-78.8406,2733,133.94),(642,'06','Cajamarca','05','Contumaza','03','Cupisnique',_binary '',1,-7.3492,-79.0297,1457,280.2),(643,'06','Cajamarca','05','Contumaza','04','Guzmango',_binary '',1,-7.3842,-78.8981,3146,49.88),(644,'06','Cajamarca','05','Contumaza','05','San Benito',_binary '',1,-7.4247,-78.9292,3845,486.55),(645,'06','Cajamarca','05','Contumaza','06','Santa Cruz de Toled',_binary '',1,-7.3436,-78.8403,1044,64.53),(646,'06','Cajamarca','05','Contumaza','07','Tantarica',_binary '',1,-7.3006,-78.9353,3303,149.7),(647,'06','Cajamarca','05','Contumaza','08','Yonan',_binary '',1,-7.2536,-79.13,7907,547.25),(648,'06','Cajamarca','06','Cutervo','01','Cutervo',_binary '',1,-6.3794,-78.8206,56382,422.27),(649,'06','Cajamarca','06','Cutervo','02','Callayuc',_binary '',1,-6.1764,-78.9047,10280,316.05),(650,'06','Cajamarca','06','Cutervo','03','Choros',_binary '',1,-5.9008,-78.6967,3595,276.96),(651,'06','Cajamarca','06','Cutervo','04','Cujillo',_binary '',1,-6.1072,-78.5725,3040,108.93),(652,'06','Cajamarca','06','Cutervo','05','La Ramada',_binary '',1,-6.2172,-78.5547,4862,30.27),(653,'06','Cajamarca','06','Cutervo','06','Pimpingos',_binary '',1,-6.0622,-78.7575,5697,186.04),(654,'06','Cajamarca','06','Cutervo','07','Querocotillo',_binary '',1,-6.2747,-79.0369,17001,697.1),(655,'06','Cajamarca','06','Cutervo','08','San Andres de Cutervo',_binary '',1,-6.2364,-78.7111,5240,133.4),(656,'06','Cajamarca','06','Cutervo','09','San Juan de Cutervo',_binary '',1,-6.1747,-78.6011,1981,60.87),(657,'06','Cajamarca','06','Cutervo','10','San Luis de Lucma',_binary '',1,-6.2956,-78.6056,4042,109.74),(658,'06','Cajamarca','06','Cutervo','11','Santa Cruz',_binary '',1,-6.0964,-78.8547,2889,128),(659,'06','Cajamarca','06','Cutervo','12','Santo Domingo de La Capilla',_binary '',1,-6.245,-78.8578,5649,103.74),(660,'06','Cajamarca','06','Cutervo','13','Santo Tomas',_binary '',1,-6.1544,-78.6908,7931,279.61),(661,'06','Cajamarca','06','Cutervo','14','Socota',_binary '',1,-6.3158,-78.7014,10720,134.83),(662,'06','Cajamarca','06','Cutervo','15','Toribio Casanova',_binary '',1,-6.0069,-78.6997,1262,40.65),(663,'06','Cajamarca','07','Hualgayoc','01','Bambamarca',_binary '',1,-6.6786,-78.5242,82744,451.38),(664,'06','Cajamarca','07','Hualgayoc','02','Chugur',_binary '',1,-6.6711,-78.7397,3601,99.6),(665,'06','Cajamarca','07','Hualgayoc','03','Hualgayoc',_binary '',1,-6.7656,-78.6119,16979,226.17),(666,'06','Cajamarca','08','Jaen','01','Jaen',_binary '',1,-5.7106,-78.8117,101726,537.25),(667,'06','Cajamarca','08','Jaen','02','Bellavista',_binary '',1,-5.6664,-78.6786,15310,870.55),(668,'06','Cajamarca','08','Jaen','03','Chontali',_binary '',1,-5.6458,-79.0878,10232,428.55),(669,'06','Cajamarca','08','Jaen','04','Colasay',_binary '',1,-5.9786,-79.0689,10447,735.73),(670,'06','Cajamarca','08','Jaen','05','Huabal',_binary '',1,-5.6133,-78.9122,6956,80.69),(671,'06','Cajamarca','08','Jaen','06','Las Pirias',_binary '',1,-5.6269,-78.8533,4009,60.41),(672,'06','Cajamarca','08','Jaen','07','Pomahuaca',_binary '',1,-5.9322,-79.2289,10190,732.8),(673,'06','Cajamarca','08','Jaen','08','Pucara',_binary '',1,-6.0414,-79.1283,7703,240.3),(674,'06','Cajamarca','08','Jaen','09','Sallique',_binary '',1,-5.6569,-79.315,8730,373.89),(675,'06','Cajamarca','08','Jaen','10','San Felipe',_binary '',1,-5.7697,-79.3136,6266,255.49),(676,'06','Cajamarca','08','Jaen','11','San Jose del Alto',_binary '',1,-5.3908,-79.0539,7209,634.11),(677,'06','Cajamarca','08','Jaen','12','Santa Rosa',_binary '',1,-5.4358,-78.5644,11363,282.8),(678,'06','Cajamarca','09','San Ignacio','01','San Ignacio',_binary '',1,-5.1403,-79.0003,37862,381.88),(679,'06','Cajamarca','09','San Ignacio','02','Chirinos',_binary '',1,-5.3028,-78.8983,14355,351.91),(680,'06','Cajamarca','09','San Ignacio','03','Huarango',_binary '',1,-5.2706,-78.7753,20589,922.35),(681,'06','Cajamarca','09','San Ignacio','04','La Coipa',_binary '',1,-5.3933,-78.9044,21056,376.09),(682,'06','Cajamarca','09','San Ignacio','05','Namballe',_binary '',1,-5.0089,-79.0856,11717,663.51),(683,'06','Cajamarca','09','San Ignacio','06','San Jose de Lourdes',_binary '',1,-5.1025,-78.9139,22147,1482.75),(684,'06','Cajamarca','09','San Ignacio','07','Tabaconas',_binary '',1,-5.3164,-79.2833,22002,798.59),(685,'06','Cajamarca','10','San Marcos','01','Pedro Galvez',_binary '',1,-7.3361,-78.1728,21549,238.74),(686,'06','Cajamarca','10','San Marcos','02','Chancay',_binary '',1,-7.3858,-78.1264,3337,61.8),(687,'06','Cajamarca','10','San Marcos','03','Eduardo Villanueva',_binary '',1,-7.4636,-78.1297,2288,63.13),(688,'06','Cajamarca','10','San Marcos','04','Gregorio Pita',_binary '',1,-7.2725,-78.1594,6666,212.81),(689,'06','Cajamarca','10','San Marcos','05','Ichocan',_binary '',1,-7.3669,-78.1283,1624,76.11),(690,'06','Cajamarca','10','San Marcos','06','Jose Manuel Quiroz',_binary '',1,-7.3472,-78.0467,3961,115.42),(691,'06','Cajamarca','10','San Marcos','07','Jose Sabogal',_binary '',1,-7.2833,-78.0167,15303,594.31),(692,'06','Cajamarca','11','San Miguel','01','San Miguel',_binary '',1,-6.9997,-78.8536,15894,368.26),(693,'06','Cajamarca','11','San Miguel','02','Bolivar',_binary '',1,-6.9772,-79.1789,1462,78.97),(694,'06','Cajamarca','11','San Miguel','03','Calquis',_binary '',1,-6.9797,-78.8522,4425,339),(695,'06','Cajamarca','11','San Miguel','04','Catilluc',_binary '',1,-6.7994,-78.7906,3495,197.31),(696,'06','Cajamarca','11','San Miguel','05','El Prado',_binary '',1,-7.0339,-79.0111,1300,71.44),(697,'06','Cajamarca','11','San Miguel','06','La Florida',_binary '',1,-6.8683,-79.1231,2157,61.33),(698,'06','Cajamarca','11','San Miguel','07','Llapa',_binary '',1,-6.9786,-78.8072,6086,132.68),(699,'06','Cajamarca','11','San Miguel','08','Nanchoc',_binary '',1,-6.9583,-79.2419,1550,358.94),(700,'06','Cajamarca','11','San Miguel','09','Niepos',_binary '',1,-6.9272,-79.1283,4001,158.88),(701,'06','Cajamarca','11','San Miguel','10','San Gregorio',_binary '',1,-7.0575,-79.0956,2263,308.05),(702,'06','Cajamarca','11','San Miguel','11','San Silvestre de Cochan',_binary '',1,-6.9778,-78.775,4449,131.62),(703,'06','Cajamarca','11','San Miguel','12','Tongod',_binary '',1,-6.7631,-78.8236,4900,163.89),(704,'06','Cajamarca','11','San Miguel','13','Union Agua Blanca',_binary '',1,-7.0447,-79.06,3577,171.71),(705,'06','Cajamarca','12','San Pablo','01','San Pablo',_binary '',1,-7.1181,-78.8231,13586,197.92),(706,'06','Cajamarca','12','San Pablo','02','San Bernardino',_binary '',1,-7.1681,-78.8311,4830,167.12),(707,'06','Cajamarca','12','San Pablo','03','San Luis',_binary '',1,-7.1583,-78.87,1255,42.88),(708,'06','Cajamarca','12','San Pablo','04','Tumbaden',_binary '',1,-7.0203,-78.7403,3590,264.37),(709,'06','Cajamarca','13','Santa Cruz','01','Santa Cruz',_binary '',1,-6.6267,-78.9464,12431,102.51),(710,'06','Cajamarca','13','Santa Cruz','02','Andabamba',_binary '',1,-6.6628,-78.8194,1494,7.61),(711,'06','Cajamarca','13','Santa Cruz','03','Catache',_binary '',1,-6.6753,-79.0325,10048,609.16),(712,'06','Cajamarca','13','Santa Cruz','04','Chancaybaños',_binary '',1,-6.5764,-78.8681,3899,120.04),(713,'06','Cajamarca','13','Santa Cruz','05','La Esperanza',_binary '',1,-6.5931,-78.895,2560,59.7),(714,'06','Cajamarca','13','Santa Cruz','06','Ninabamba',_binary '',1,-6.6497,-78.7894,2759,60.04),(715,'06','Cajamarca','13','Santa Cruz','07','Pulan',_binary '',1,-6.7397,-78.9231,4438,155.67),(716,'06','Cajamarca','13','Santa Cruz','08','Saucepampa',_binary '',1,-6.6928,-78.9183,1848,31.58),(717,'06','Cajamarca','13','Santa Cruz','09','Sexi',_binary '',1,-6.5636,-79.0514,571,192.87),(718,'06','Cajamarca','13','Santa Cruz','10','Uticyacu',_binary '',1,-6.6064,-78.7972,1606,43.38),(719,'06','Cajamarca','13','Santa Cruz','11','Yauyucan',_binary '',1,-6.6783,-78.82,3610,35.37),(720,'07','Callao','01','Callao','01','Callao',_binary '',1,-12.0603,-77.1492,410795,45.65),(721,'07','Callao','01','Callao','02','Bellavista',_binary '',1,-12.0625,-77.1317,72625,4.56),(722,'07','Callao','01','Callao','03','Carmen de La Legua',_binary '',1,-12.0461,-77.0969,40833,2.12),(723,'07','Callao','01','Callao','04','La Perla',_binary '',1,-12.0711,-77.1211,60011,2.75),(724,'07','Callao','01','Callao','05','La Punta',_binary '',1,-12.0717,-77.1692,3184,18.38),(725,'07','Callao','01','Callao','06','Ventanilla',_binary '',1,-11.8989,-77.1422,402038,69.93),(726,'07','Callao','01','Callao','07','Mi Peru',_binary '',1,-11.855,-77.125,63542,2.52),(727,'08','Cusco','01','Cusco','01','Cusco',_binary '',1,-13.5153,-71.98,121667,116.22),(728,'08','Cusco','01','Cusco','02','Ccorca',_binary '',1,-13.5842,-72.0594,2483,188.56),(729,'08','Cusco','01','Cusco','03','Poroy',_binary '',1,-13.4969,-72.0425,8020,14.96),(730,'08','Cusco','01','Cusco','04','San Jeronimo',_binary '',1,-13.5439,-71.8872,48224,103.34),(731,'08','Cusco','01','Cusco','05','San Sebastian',_binary '',1,-13.5311,-71.9333,118312,89.44),(732,'08','Cusco','01','Cusco','06','Santiago',_binary '',1,-13.5272,-71.9842,91838,69.72),(733,'08','Cusco','01','Cusco','07','Saylla',_binary '',1,-13.5703,-71.8264,5599,28.38),(734,'08','Cusco','01','Cusco','08','Wanchaq',_binary '',1,-13.5253,-71.9656,65188,6.38),(735,'08','Cusco','02','Acomayo','01','Acomayo',_binary '',1,-13.9189,-71.685,5627,141.27),(736,'08','Cusco','02','Acomayo','02','Acopia',_binary '',1,-14.0581,-71.4931,2336,91.72),(737,'08','Cusco','02','Acomayo','03','Acos',_binary '',1,-13.9506,-71.7383,2286,137.55),(738,'08','Cusco','02','Acomayo','04','Mosoc Llacta',_binary '',1,-14.1203,-71.4733,2321,43.61),(739,'08','Cusco','02','Acomayo','05','Pomacanchi',_binary '',1,-14.035,-71.5714,9092,275.56),(740,'08','Cusco','02','Acomayo','06','Rondocan',_binary '',1,-13.7786,-71.7822,2281,180.22),(741,'08','Cusco','02','Acomayo','07','Sangarara',_binary '',1,-13.9475,-71.6031,3733,78.29),(742,'08','Cusco','03','Anta','01','Anta',_binary '',1,-13.4636,-72.1469,16833,202.58),(743,'08','Cusco','03','Anta','02','Ancahuasi',_binary '',1,-13.4575,-72.2944,7015,123.58),(744,'08','Cusco','03','Anta','03','Cachimayo',_binary '',1,-13.4775,-72.0728,2274,43.28),(745,'08','Cusco','03','Anta','04','Chinchaypujio',_binary '',1,-13.6294,-72.2339,4434,390.58),(746,'08','Cusco','03','Anta','05','Huarocondo',_binary '',1,-13.4131,-72.2086,5875,228.62),(747,'08','Cusco','03','Anta','06','Limatambo',_binary '',1,-13.4808,-72.4458,9813,512.92),(748,'08','Cusco','03','Anta','07','Mollepata',_binary '',1,-13.5078,-72.5353,2674,284.48),(749,'08','Cusco','03','Anta','08','Pucyura',_binary '',1,-13.4803,-72.1119,4242,37.75),(750,'08','Cusco','03','Anta','09','Zurite',_binary '',1,-13.4556,-72.2558,3714,52.33),(751,'08','Cusco','04','Calca','01','Calca',_binary '',1,-13.3231,-71.9578,23824,311.01),(752,'08','Cusco','04','Calca','02','Coya',_binary '',1,-13.3867,-71.9011,4034,71.43),(753,'08','Cusco','04','Calca','03','Lamay',_binary '',1,-13.3642,-71.9228,5821,94.22),(754,'08','Cusco','04','Calca','04','Lares',_binary '',1,-13.1058,-72.0472,7227,527.26),(755,'08','Cusco','04','Calca','05','Pisac',_binary '',1,-13.4217,-71.85,10285,148.25),(756,'08','Cusco','04','Calca','06','San Salvador',_binary '',1,-13.4936,-71.78,5674,128.07),(757,'08','Cusco','04','Calca','07','Taray',_binary '',1,-13.4278,-71.8689,4745,53.78),(758,'08','Cusco','04','Calca','08','Yanatile',_binary '',1,-12.7008,-72.2322,13588,3080.47),(759,'08','Cusco','05','Canas','01','Yanaoca',_binary '',1,-14.22,-71.4317,10178,292.97),(760,'08','Cusco','05','Canas','02','Checca',_binary '',1,-14.4733,-71.3964,6315,503.76),(761,'08','Cusco','05','Canas','03','Kunturkanki',_binary '',1,-14.5331,-71.3064,5781,376.19),(762,'08','Cusco','05','Canas','04','Langui',_binary '',1,-14.4317,-71.2744,2567,187.1),(763,'08','Cusco','05','Canas','05','Layo',_binary '',1,-14.4942,-71.1556,6447,452.56),(764,'08','Cusco','05','Canas','06','Pampamarca',_binary '',1,-14.1453,-71.4603,2075,29.91),(765,'08','Cusco','05','Canas','07','Quehue',_binary '',1,-14.38,-71.455,3578,143.46),(766,'08','Cusco','05','Canas','08','Tupac Amaru',_binary '',1,-14.165,-71.4794,2961,117.81),(767,'08','Cusco','06','Canchis','01','Sicuani',_binary '',1,-14.2711,-71.2289,60903,645.88),(768,'08','Cusco','06','Canchis','02','Checacupe',_binary '',1,-14.0267,-71.4533,4984,962.34),(769,'08','Cusco','06','Canchis','03','Combapata',_binary '',1,-14.1008,-71.4308,5432,182.5),(770,'08','Cusco','06','Canchis','04','Marangani',_binary '',1,-14.3564,-71.1683,11287,432.65),(771,'08','Cusco','06','Canchis','05','Pitumarca',_binary '',1,-13.9778,-71.4147,7616,1117.54),(772,'08','Cusco','06','Canchis','06','San Pablo',_binary '',1,-14.2033,-71.3178,4557,524.06),(773,'08','Cusco','06','Canchis','07','San Pedro',_binary '',1,-14.1867,-71.3422,2773,54.91),(774,'08','Cusco','06','Canchis','08','Tinta',_binary '',1,-14.1447,-71.4067,5642,79.39),(775,'08','Cusco','07','Chumbivilcas','01','Santo Tomas',_binary '',1,-14.4503,-72.0833,26992,1924.08),(776,'08','Cusco','07','Chumbivilcas','02','Capacmarca',_binary '',1,-14.0078,-72.0008,4620,271.81),(777,'08','Cusco','07','Chumbivilcas','03','Chamaca',_binary '',1,-14.3028,-71.855,8971,674.19),(778,'08','Cusco','07','Chumbivilcas','04','Colquemarca',_binary '',1,-14.2839,-72.0411,8630,449.49),(779,'08','Cusco','07','Chumbivilcas','05','Livitaca',_binary '',1,-14.3131,-71.6892,13526,758.2),(780,'08','Cusco','07','Chumbivilcas','06','Llusco',_binary '',1,-14.3383,-72.1144,7173,315.42),(781,'08','Cusco','07','Chumbivilcas','07','Quiñota',_binary '',1,-14.3114,-72.1389,4990,221.05),(782,'08','Cusco','07','Chumbivilcas','08','Velille',_binary '',1,-14.5106,-71.8864,8580,756.84),(783,'08','Cusco','08','Espinar','01','Espinar',_binary '',1,-14.7931,-71.4133,33970,747.78),(784,'08','Cusco','08','Espinar','02','Condoroma',_binary '',1,-15.3075,-71.1319,1431,513.36),(785,'08','Cusco','08','Espinar','03','Coporaque',_binary '',1,-14.7972,-71.5311,18004,1564.46),(786,'08','Cusco','08','Espinar','04','Ocoruro',_binary '',1,-15.0522,-71.1292,1588,353.15),(787,'08','Cusco','08','Espinar','05','Pallpata',_binary '',1,-14.8894,-71.2103,5593,815.56),(788,'08','Cusco','08','Espinar','06','Pichigua',_binary '',1,-14.6786,-71.41,3629,288.76),(789,'08','Cusco','08','Espinar','07','Suyckutambo',_binary '',1,-15.0025,-71.6397,2781,652.13),(790,'08','Cusco','08','Espinar','08','Alto Pichigua',_binary '',1,-14.7789,-71.2542,3171,375.89),(791,'08','Cusco','09','La Convencion','01','Santa Ana',_binary '',1,-12.865,-72.6936,35206,359.4),(792,'08','Cusco','09','La Convencion','02','Echarate',_binary '',1,-12.7675,-72.5936,37130,19135.5),(793,'08','Cusco','09','La Convencion','03','Huayopata',_binary '',1,-13.0075,-72.5569,4539,524.02),(794,'08','Cusco','09','La Convencion','04','Maranura',_binary '',1,-12.9619,-72.6653,5949,150.3),(795,'08','Cusco','09','La Convencion','05','Ocobamba',_binary '',1,-12.8706,-72.4489,6852,840.93),(796,'08','Cusco','09','La Convencion','06','Quellouno',_binary '',1,-12.6325,-72.5517,18320,799.68),(797,'08','Cusco','09','La Convencion','07','Kimbiri',_binary '',1,-12.6097,-73.7811,14893,905.69),(798,'08','Cusco','09','La Convencion','08','Santa Teresa',_binary '',1,-13.1297,-72.5986,6418,1340.38),(799,'08','Cusco','09','La Convencion','09','Vilcabamba',_binary '',1,-13.0514,-72.9436,13869,3318.86),(800,'08','Cusco','09','La Convencion','10','Pichari',_binary '',1,-12.5158,-73.8269,20538,730.45),(801,'08','Cusco','09','La Convencion','11','Inkawasi',_binary '',1,-13.0035,-72.5182,5109,1101.65),(802,'08','Cusco','09','La Convencion','12','Villa Virgen',_binary '',1,-13.0031,-73.5167,2414,625.96),(803,'08','Cusco','09','La Convencion','13','Villa Kintiarina',_binary '',1,-12.9186,-73.5306,2151,229),(804,'08','Cusco','09','La Convencion','14','Megantoni',_binary '',1,-11.8047,-72.8594,8441,10708.2),(805,'08','Cusco','10','Paruro','01','Paruro',_binary '',1,-13.7617,-71.8478,3400,153.42),(806,'08','Cusco','10','Paruro','02','Accha',_binary '',1,-13.9681,-71.8322,3839,244.75),(807,'08','Cusco','10','Paruro','03','Ccapi',_binary '',1,-13.8533,-72.0803,3749,334.85),(808,'08','Cusco','10','Paruro','04','Colcha',_binary '',1,-13.8511,-71.8028,1189,139.98),(809,'08','Cusco','10','Paruro','05','Huanoquite',_binary '',1,-13.6828,-72.0147,5700,362.67),(810,'08','Cusco','10','Paruro','06','Omacha',_binary '',1,-14.0706,-71.7386,7205,436.21),(811,'08','Cusco','10','Paruro','07','Paccaritambo',_binary '',1,-13.7558,-71.9564,2076,142.61),(812,'08','Cusco','10','Paruro','08','Pillpinto',_binary '',1,-13.9531,-71.7619,1254,79.13),(813,'08','Cusco','10','Paruro','09','Yaurisque',_binary '',1,-13.6639,-71.9214,2522,90.8),(814,'08','Cusco','11','Paucartambo','01','Paucartambo',_binary '',1,-13.3189,-71.5997,13491,1079.23),(815,'08','Cusco','11','Paucartambo','02','Caicay',_binary '',1,-13.5969,-71.6961,2768,110.72),(816,'08','Cusco','11','Paucartambo','03','Challabamba',_binary '',1,-13.2114,-71.6531,11389,746.56),(817,'08','Cusco','11','Paucartambo','04','Colquepata',_binary '',1,-13.3594,-71.6731,10767,467.68),(818,'08','Cusco','11','Paucartambo','05','Huancarani',_binary '',1,-13.5033,-71.6539,7774,145.14),(819,'08','Cusco','11','Paucartambo','06','Kosñipata',_binary '',1,-13.0025,-71.4225,5692,3745.68),(820,'08','Cusco','12','Quispicanchi','01','Urcos',_binary '',1,-13.6883,-71.6258,9412,134.65),(821,'08','Cusco','12','Quispicanchi','02','Andahuaylillas',_binary '',1,-13.6733,-71.6767,5558,84.6),(822,'08','Cusco','12','Quispicanchi','03','Camanti',_binary '',1,-13.1936,-70.7478,2094,3174.93),(823,'08','Cusco','12','Quispicanchi','04','Ccarhuayo',_binary '',1,-13.5947,-71.3994,3173,313.89),(824,'08','Cusco','12','Quispicanchi','05','Ccatca',_binary '',1,-13.6053,-71.5619,18128,307.72),(825,'08','Cusco','12','Quispicanchi','06','Cusipata',_binary '',1,-13.9083,-71.5,4795,248.03),(826,'08','Cusco','12','Quispicanchi','07','Huaro',_binary '',1,-13.6903,-71.6406,4508,106.28),(827,'08','Cusco','12','Quispicanchi','08','Lucre',_binary '',1,-13.6356,-71.7378,4051,118.78),(828,'08','Cusco','12','Quispicanchi','09','Marcapata',_binary '',1,-13.515,-70.9458,4533,1687.91),(829,'08','Cusco','12','Quispicanchi','10','Ocongate',_binary '',1,-13.6286,-71.3864,15889,952.66),(830,'08','Cusco','12','Quispicanchi','11','Oropesa',_binary '',1,-13.5958,-71.7642,7428,74.44),(831,'08','Cusco','12','Quispicanchi','12','Quiquijana',_binary '',1,-13.8222,-71.5317,11100,360.9),(832,'08','Cusco','13','Urubamba','01','Urubamba',_binary '',1,-13.3061,-72.1161,21424,128.28),(833,'08','Cusco','13','Urubamba','02','Chinchero',_binary '',1,-13.3933,-72.0472,9896,94.57),(834,'08','Cusco','13','Urubamba','03','Huayllabamba',_binary '',1,-13.3386,-72.0644,5332,102.47),(835,'08','Cusco','13','Urubamba','04','Machupicchu',_binary '',1,-13.1533,-72.5242,8471,271.44),(836,'08','Cusco','13','Urubamba','05','Maras',_binary '',1,-13.3367,-72.1572,5900,131.85),(837,'08','Cusco','13','Urubamba','06','Ollantaytambo',_binary '',1,-13.2581,-72.2631,11347,640.25),(838,'08','Cusco','13','Urubamba','07','Yucay',_binary '',1,-13.3194,-72.0861,3390,70.57),(839,'09','Huancavelica','01','Huancavelica','01','Huancavelica',_binary '',1,-12.7869,-74.9756,41284,514.1),(840,'09','Huancavelica','01','Huancavelica','02','Acobambilla',_binary '',1,-12.6675,-75.3239,4730,758.32),(841,'09','Huancavelica','01','Huancavelica','03','Acoria',_binary '',1,-12.6433,-74.8664,37509,535.1),(842,'09','Huancavelica','01','Huancavelica','04','Conayca',_binary '',1,-12.5194,-75.0078,1212,37.79),(843,'09','Huancavelica','01','Huancavelica','05','Cuenca',_binary '',1,-12.4344,-75.0394,1942,50.25),(844,'09','Huancavelica','01','Huancavelica','06','Huachocolpa',_binary '',1,-13.0319,-74.9497,2886,336.28),(845,'09','Huancavelica','01','Huancavelica','07','Huayllahuara',_binary '',1,-12.4072,-75.1797,724,38.8),(846,'09','Huancavelica','01','Huancavelica','08','Izcuchaca',_binary '',1,-12.5011,-74.9961,868,12.19),(847,'09','Huancavelica','01','Huancavelica','09','Laria',_binary '',1,-12.5611,-75.0372,1453,78.45),(848,'09','Huancavelica','01','Huancavelica','10','Manta',_binary '',1,-12.6217,-75.2122,1876,154.14),(849,'09','Huancavelica','01','Huancavelica','11','Mariscal Caceres',_binary '',1,-12.5356,-74.9336,1058,5.63),(850,'09','Huancavelica','01','Huancavelica','12','Moya',_binary '',1,-12.4231,-75.1539,2539,94.08),(851,'09','Huancavelica','01','Huancavelica','13','Nuevo Occoro',_binary '',1,-12.595,-75.02,2728,211.56),(852,'09','Huancavelica','01','Huancavelica','14','Palca',_binary '',1,-12.6589,-74.9833,3214,82.08),(853,'09','Huancavelica','01','Huancavelica','15','Pilchaca',_binary '',1,-12.4019,-75.0839,487,42.97),(854,'09','Huancavelica','01','Huancavelica','16','Vilca',_binary '',1,-12.4786,-75.1867,3060,317.76),(855,'09','Huancavelica','01','Huancavelica','17','Yauli',_binary '',1,-12.7731,-74.8506,34557,319.92),(856,'09','Huancavelica','01','Huancavelica','18','Ascension',_binary '',1,-12.7842,-74.9806,12711,432.24),(857,'09','Huancavelica','01','Huancavelica','19','Huando',_binary '',1,-12.5653,-74.9469,7695,193.9),(858,'09','Huancavelica','02','Acobamba','01','Acobamba',_binary '',1,-12.8406,-74.5692,10258,123.02),(859,'09','Huancavelica','02','Acobamba','02','Andabamba',_binary '',1,-12.6953,-74.6242,5758,81.85),(860,'09','Huancavelica','02','Acobamba','03','Anta',_binary '',1,-12.8139,-74.6364,9711,91.36),(861,'09','Huancavelica','02','Acobamba','04','Caja',_binary '',1,-12.9183,-74.465,2837,82.39),(862,'09','Huancavelica','02','Acobamba','05','Marcas',_binary '',1,-12.8894,-74.3994,2402,155.87),(863,'09','Huancavelica','02','Acobamba','06','Paucara',_binary '',1,-12.7303,-74.6694,38507,225.6),(864,'09','Huancavelica','02','Acobamba','07','Pomacocha',_binary '',1,-12.8733,-74.5306,3941,53.66),(865,'09','Huancavelica','02','Acobamba','08','Rosario',_binary '',1,-12.7214,-74.5811,7985,97.07),(866,'09','Huancavelica','03','Angaraes','01','Lircay',_binary '',1,-12.9842,-74.7203,25333,818.84),(867,'09','Huancavelica','03','Angaraes','02','Anchonga',_binary '',1,-12.9122,-74.6922,8216,72.4),(868,'09','Huancavelica','03','Angaraes','03','Callanmarca',_binary '',1,-12.8678,-74.6228,757,26.02),(869,'09','Huancavelica','03','Angaraes','04','Ccochaccasa',_binary '',1,-12.9311,-74.7697,2665,116.6),(870,'09','Huancavelica','03','Angaraes','05','Chincho',_binary '',1,-12.9783,-74.3689,3578,182.7),(871,'09','Huancavelica','03','Angaraes','06','Congalla',_binary '',1,-12.9564,-74.4928,4165,215.64),(872,'09','Huancavelica','03','Angaraes','07','Huanca-Huanca',_binary '',1,-12.9172,-74.6106,1773,109.96),(873,'09','Huancavelica','03','Angaraes','08','Huayllay Grande',_binary '',1,-12.9417,-74.7011,2240,33.28),(874,'09','Huancavelica','03','Angaraes','09','Julcamarca',_binary '',1,-13.015,-74.4453,1801,48.61),(875,'09','Huancavelica','03','Angaraes','10','San Antonio de Antaparco',_binary '',1,-13.0775,-74.4119,7834,33.42),(876,'09','Huancavelica','03','Angaraes','11','Santo Tomas de Pata',_binary '',1,-13.1136,-74.4233,2735,133.57),(877,'09','Huancavelica','03','Angaraes','12','Secclla',_binary '',1,-13.0533,-74.4833,3885,167.99),(878,'09','Huancavelica','04','Castrovirreyna','01','Castrovirreyna',_binary '',1,-13.2825,-75.3175,3265,937.94),(879,'09','Huancavelica','04','Castrovirreyna','02','Arma',_binary '',1,-13.1256,-75.5419,1439,304.85),(880,'09','Huancavelica','04','Castrovirreyna','03','Aurahua',_binary '',1,-13.035,-75.5708,2275,360.97),(881,'09','Huancavelica','04','Castrovirreyna','04','Capillas',_binary '',1,-13.2931,-75.5425,1452,397.95),(882,'09','Huancavelica','04','Castrovirreyna','05','Chupamarca',_binary '',1,-13.0383,-75.6097,1233,373.78),(883,'09','Huancavelica','04','Castrovirreyna','06','Cocas',_binary '',1,-13.2758,-75.3733,916,87.95),(884,'09','Huancavelica','04','Castrovirreyna','07','Huachos',_binary '',1,-13.22,-75.5328,1676,172.01),(885,'09','Huancavelica','04','Castrovirreyna','08','Huamatambo',_binary '',1,-13.0961,-75.6806,379,54.16),(886,'09','Huancavelica','04','Castrovirreyna','09','Mollepampa',_binary '',1,-13.31,-75.4092,1695,165.65),(887,'09','Huancavelica','04','Castrovirreyna','10','San Juan',_binary '',1,-13.2039,-75.6342,440,207.25),(888,'09','Huancavelica','04','Castrovirreyna','11','Santa Ana',_binary '',1,-13.0719,-75.1403,2195,622.1),(889,'09','Huancavelica','04','Castrovirreyna','12','Tantara',_binary '',1,-13.0756,-75.6475,717,113.01),(890,'09','Huancavelica','04','Castrovirreyna','13','Ticrapo',_binary '',1,-13.3844,-75.4319,1598,187),(891,'09','Huancavelica','05','Churcampa','01','Churcampa',_binary '',1,-12.7403,-74.3869,5961,135.48),(892,'09','Huancavelica','05','Churcampa','02','Anco',_binary '',1,-12.6864,-74.5872,6609,150.18),(893,'09','Huancavelica','05','Churcampa','03','Chinchihuasi',_binary '',1,-12.5172,-74.5458,3410,162.21),(894,'09','Huancavelica','05','Churcampa','04','El Carmen',_binary '',1,-12.7347,-74.4792,3050,77.07),(895,'09','Huancavelica','05','Churcampa','05','La Merced',_binary '',1,-12.79,-74.3633,1639,73.32),(896,'09','Huancavelica','05','Churcampa','06','Locroja',_binary '',1,-12.7389,-74.4419,4179,92.48),(897,'09','Huancavelica','05','Churcampa','07','Paucarbamba',_binary '',1,-12.5542,-74.5314,7336,97.72),(898,'09','Huancavelica','05','Churcampa','08','San Miguel de Mayocc',_binary '',1,-12.805,-74.3922,1239,38.43),(899,'09','Huancavelica','05','Churcampa','09','San Pedro de Coris',_binary '',1,-12.5786,-74.4103,4451,128.9),(900,'09','Huancavelica','05','Churcampa','10','Pachamarca',_binary '',1,-12.5161,-74.5261,2917,156.29),(901,'09','Huancavelica','05','Churcampa','11','Cosme',_binary '',1,-12.5731,-74.6581,4141,106.34),(902,'09','Huancavelica','06','Huaytara','01','Huaytara',_binary '',1,-13.605,-75.3525,2108,401.25),(903,'09','Huancavelica','06','Huaytara','02','Ayavi',_binary '',1,-13.7031,-75.3539,597,201.26),(904,'09','Huancavelica','06','Huaytara','03','Cordova',_binary '',1,-14.04,-75.1833,2898,104.59),(905,'09','Huancavelica','06','Huaytara','04','Huayacundo Arma',_binary '',1,-13.5339,-75.3111,469,12.81),(906,'09','Huancavelica','06','Huaytara','05','Laramarca',_binary '',1,-13.9494,-75.0375,823,205.05),(907,'09','Huancavelica','06','Huaytara','06','Ocoyo',_binary '',1,-14.0086,-75.0225,2488,154.71),(908,'09','Huancavelica','06','Huaytara','07','Pilpichaca',_binary '',1,-13.3278,-75.0017,3765,2162.92),(909,'09','Huancavelica','06','Huaytara','08','Querco',_binary '',1,-13.9803,-74.9764,1044,697.31),(910,'09','Huancavelica','06','Huaytara','09','Quito-Arma',_binary '',1,-13.5289,-75.3294,767,222.32),(911,'09','Huancavelica','06','Huaytara','10','San Antonio de Cusicancha',_binary '',1,-13.5003,-75.2944,1676,255.86),(912,'09','Huancavelica','06','Huaytara','11','San Francisco de Sangayaico',_binary '',1,-13.7956,-75.25,557,70.7),(913,'09','Huancavelica','06','Huaytara','12','San Isidro',_binary '',1,-13.9569,-75.24,1194,174.95),(914,'09','Huancavelica','06','Huaytara','13','Santiago de Chocorvos',_binary '',1,-13.8272,-75.2578,2842,1150.2),(915,'09','Huancavelica','06','Huaytara','14','Santiago de Quirahuara',_binary '',1,-14.0547,-74.9783,658,169.32),(916,'09','Huancavelica','06','Huaytara','15','Santo Domingo de Capillas',_binary '',1,-13.7356,-75.245,982,248.56),(917,'09','Huancavelica','06','Huaytara','16','Tambo',_binary '',1,-13.6894,-75.2758,313,226.58),(918,'09','Huancavelica','07','Tayacaja','01','Pampas',_binary '',1,-12.3956,-74.8672,9335,109.07),(919,'09','Huancavelica','07','Tayacaja','02','Acostambo',_binary '',1,-12.3653,-75.0572,4110,168.06),(920,'09','Huancavelica','07','Tayacaja','03','Acraquia',_binary '',1,-12.4097,-74.9031,5014,110.27),(921,'09','Huancavelica','07','Tayacaja','04','Ahuaycha',_binary '',1,-12.4081,-74.8919,5619,90.96),(922,'09','Huancavelica','07','Tayacaja','05','Colcabamba',_binary '',1,-12.4114,-74.6814,12376,312.18),(923,'09','Huancavelica','07','Tayacaja','06','Daniel Hernandez',_binary '',1,-12.3936,-74.8625,10381,106.92),(924,'09','Huancavelica','07','Tayacaja','07','Huachocolpa',_binary '',1,-12.0486,-74.5953,6534,292),(925,'09','Huancavelica','07','Tayacaja','09','Huaribamba',_binary '',1,-12.2794,-74.9406,4472,150.69),(926,'09','Huancavelica','07','Tayacaja','10','Ñahuimpuquio',_binary '',1,-12.3322,-75.0708,1876,67.39),(927,'09','Huancavelica','07','Tayacaja','11','Pazos',_binary '',1,-12.2589,-75.07,7281,227.86),(928,'09','Huancavelica','07','Tayacaja','13','Quishuar',_binary '',1,-12.2408,-74.7792,904,31.54),(929,'09','Huancavelica','07','Tayacaja','14','Salcabamba',_binary '',1,-12.2011,-74.7825,4584,192.52),(930,'09','Huancavelica','07','Tayacaja','15','Salcahuasi',_binary '',1,-12.1031,-74.7508,3294,117.98),(931,'09','Huancavelica','07','Tayacaja','16','San Marcos de Rocchac',_binary '',1,-12.0939,-74.8656,2856,281.71),(932,'09','Huancavelica','07','Tayacaja','17','Surcubamba',_binary '',1,-12.1169,-74.63,4926,271.75),(933,'09','Huancavelica','07','Tayacaja','18','Tintay Puncu',_binary '',1,-12.1531,-74.5456,9140,257.73),(934,'09','Huancavelica','07','Tayacaja','19','Quichuas',_binary '',1,-12.4681,-74.7847,4145,114.16),(935,'09','Huancavelica','07','Tayacaja','20','Andaymarca',_binary '',1,-12.3147,-74.6364,2283,144.94),(936,'09','Huancavelica','07','Tayacaja','21','Roble',_binary '',1,-12.2169,-74.49,4440,186.03),(937,'09','Huancavelica','07','Tayacaja','22','Pichos',_binary '',1,-12.2347,-74.9444,3501,144.6),(938,'09','Huancavelica','07','Tayacaja','23','Santiago de Túcuma',_binary '',1,-12.3122,-74.9169,2117,34.02),(939,'10','Huanuco','01','Huanuco','01','Huanuco',_binary '',1,-9.9269,-76.2403,88542,126.23),(940,'10','Huanuco','01','Huanuco','02','Amarilis',_binary '',1,-9.9456,-76.2417,79545,131.68),(941,'10','Huanuco','01','Huanuco','03','Chinchao',_binary '',1,-9.8019,-76.0689,14099,795.78),(942,'10','Huanuco','01','Huanuco','04','Churubamba',_binary '',1,-9.8258,-76.1375,28908,507.31),(943,'10','Huanuco','01','Huanuco','05','Margos',_binary '',1,-10.0061,-76.5214,10021,206.57),(944,'10','Huanuco','01','Huanuco','06','Quisqui',_binary '',1,-9.9231,-76.3561,8392,172.74),(945,'10','Huanuco','01','Huanuco','07','San Francisco de Cayran',_binary '',1,-9.9822,-76.2847,5575,146.24),(946,'10','Huanuco','01','Huanuco','08','San Pedro de Chaulan',_binary '',1,-10.0581,-76.4822,8121,266.36),(947,'10','Huanuco','01','Huanuco','09','Santa Maria del Valle',_binary '',1,-9.8628,-76.1703,20984,446.63),(948,'10','Huanuco','01','Huanuco','10','Yarumayo',_binary '',1,-10.0022,-76.4683,3139,60.94),(949,'10','Huanuco','01','Huanuco','11','Pillco Marca',_binary '',1,-9.9578,-76.2492,28110,76.61),(950,'10','Huanuco','01','Huanuco','12','Yacus',_binary '',1,-9.9858,-76.5044,7390,69.9),(951,'10','Huanuco','01','Huanuco','13','San Pablo de Pillao',_binary '',1,-9.7894,-75.9986,12223,584.6),(952,'10','Huanuco','02','Ambo','01','Ambo',_binary '',1,-10.1294,-76.2047,17328,288.8),(953,'10','Huanuco','02','Ambo','02','Cayna',_binary '',1,-10.2717,-76.3872,3377,166.05),(954,'10','Huanuco','02','Ambo','03','Colpas',_binary '',1,-10.2672,-76.4144,2388,174.34),(955,'10','Huanuco','02','Ambo','04','Conchamarca',_binary '',1,-10.0367,-76.2156,6938,104.81),(956,'10','Huanuco','02','Ambo','05','Huacar',_binary '',1,-10.1614,-76.2356,7642,234.23),(957,'10','Huanuco','02','Ambo','06','San Francisco',_binary '',1,-10.3419,-76.2914,3233,121.21),(958,'10','Huanuco','02','Ambo','07','San Rafael',_binary '',1,-10.3403,-76.1828,12278,443.63),(959,'10','Huanuco','02','Ambo','08','Tomay Kichwa',_binary '',1,-10.0789,-76.2131,3857,42.11),(960,'10','Huanuco','03','Dos de Mayo','01','La Union',_binary '',1,-9.8278,-76.8003,6302,167.1),(961,'10','Huanuco','03','Dos de Mayo','07','Chuquis',_binary '',1,-9.6775,-76.7033,6030,151.25),(962,'10','Huanuco','03','Dos de Mayo','11','Marias',_binary '',1,-9.6061,-76.705,9957,637.24),(963,'10','Huanuco','03','Dos de Mayo','13','Pachas',_binary '',1,-9.7061,-76.7722,13450,264.74),(964,'10','Huanuco','03','Dos de Mayo','16','Quivilla',_binary '',1,-9.5967,-76.7253,3296,33.6),(965,'10','Huanuco','03','Dos de Mayo','17','Ripan',_binary '',1,-9.8261,-76.8033,7150,75.04),(966,'10','Huanuco','03','Dos de Mayo','21','Shunqui',_binary '',1,-9.7311,-76.7833,2478,32.26),(967,'10','Huanuco','03','Dos de Mayo','22','Sillapata',_binary '',1,-9.7581,-76.7742,2430,70.53),(968,'10','Huanuco','03','Dos de Mayo','23','Yanas',_binary '',1,-9.7144,-76.7489,3339,36.31),(969,'10','Huanuco','04','Huacaybamba','01','Huacaybamba',_binary '',1,-9.0372,-76.9519,7290,586.21),(970,'10','Huanuco','04','Huacaybamba','02','Canchabamba',_binary '',1,-8.8836,-77.1228,3324,186.83),(971,'10','Huanuco','04','Huacaybamba','03','Cochabamba',_binary '',1,-9.0922,-76.835,3650,684.87),(972,'10','Huanuco','04','Huacaybamba','04','Pinra',_binary '',1,-8.9239,-77.0125,8974,283.71),(973,'10','Huanuco','05','Huamalies','01','Llata',_binary '',1,-9.5506,-76.8156,15299,411.35),(974,'10','Huanuco','05','Huamalies','02','Arancay',_binary '',1,-9.1708,-76.7483,1603,158.33),(975,'10','Huanuco','05','Huamalies','03','Chavin de Pariarca',_binary '',1,-9.4231,-76.7692,3721,89.25),(976,'10','Huanuco','05','Huamalies','04','Jacas Grande',_binary '',1,-9.5397,-76.7358,5998,236.99),(977,'10','Huanuco','05','Huamalies','05','Jircan',_binary '',1,-9.2472,-76.7161,3739,84.81),(978,'10','Huanuco','05','Huamalies','06','Miraflores',_binary '',1,-9.4928,-76.8189,3592,96.74),(979,'10','Huanuco','05','Huamalies','07','Monzon',_binary '',1,-9.2842,-76.3978,29863,1521.39),(980,'10','Huanuco','05','Huamalies','08','Punchao',_binary '',1,-9.4614,-76.8192,2599,42.24),(981,'10','Huanuco','05','Huamalies','09','Puños',_binary '',1,-9.5,-76.885,4316,101.75),(982,'10','Huanuco','05','Huamalies','10','Singa',_binary '',1,-9.3881,-76.8125,3342,151.7),(983,'10','Huanuco','05','Huamalies','11','Tantamayo',_binary '',1,-9.3928,-76.7183,3035,249.95),(984,'10','Huanuco','06','Leoncio Prado','01','Rupa-Rupa',_binary '',1,-9.2944,-75.9969,51713,266.52),(985,'10','Huanuco','06','Leoncio Prado','02','Daniel Alomias Robles',_binary '',1,-9.1839,-75.9406,8011,702.46),(986,'10','Huanuco','06','Leoncio Prado','03','Hermilio Valdizan',_binary '',1,-9.1525,-75.8261,4065,112.2),(987,'10','Huanuco','06','Leoncio Prado','04','Jose Crespo y Castillo',_binary '',1,-8.9319,-76.1147,25403,2120.66),(988,'10','Huanuco','06','Leoncio Prado','05','Luyando',_binary '',1,-9.2469,-75.9919,10078,100.32),(989,'10','Huanuco','06','Leoncio Prado','06','Mariano Damaso Beraun',_binary '',1,-9.4164,-75.9661,9433,766.27),(990,'10','Huanuco','06','Leoncio Prado','07','Pucayacu',_binary '',1,-8.7492,-76.1253,4790,768.35),(991,'10','Huanuco','06','Leoncio Prado','08','Castillo Grande',_binary '',1,-9.2792,-76.0117,13409,106.11),(992,'10','Huanuco','06','Leoncio Prado','09','Pueblo Nuevo',_binary '',1,-9.0089,-76.0714,5745,320.38),(993,'10','Huanuco','06','Leoncio Prado','10','Santo Domingo de Anda',_binary '',1,-9.0089,-76.0714,3767,283.54),(994,'10','Huanuco','07','Marañon','01','Huacrachuco',_binary '',1,-8.6044,-77.1489,15942,704.63),(995,'10','Huanuco','07','Marañon','02','Cholon',_binary '',1,-8.6594,-76.8481,10428,2125.19),(996,'10','Huanuco','07','Marañon','03','San Buenaventura',_binary '',1,-8.7681,-77.1867,2744,86.54),(997,'10','Huanuco','07','Marañon','04','La Morada',_binary '',1,-8.7933,-76.2497,1863,878.94),(998,'10','Huanuco','07','Marañon','05','Santa Rosa de Alto Yanajanca',_binary '',1,-8.6364,-76.3439,2337,1005.96),(999,'10','Huanuco','08','Pachitea','01','Panao',_binary '',1,-9.8956,-75.9769,25270,1580.86),(1000,'10','Huanuco','08','Pachitea','02','Chaglla',_binary '',1,-9.8281,-75.9064,14914,1103.58),(1001,'10','Huanuco','08','Pachitea','03','Molino',_binary '',1,-9.9119,-76.0175,15486,235.5),(1002,'10','Huanuco','08','Pachitea','04','Umari',_binary '',1,-9.8614,-76.0422,22098,149.08),(1003,'10','Huanuco','09','Puerto Inca','01','Puerto Inca',_binary '',1,-9.3775,-74.9733,7538,2147.18),(1004,'10','Huanuco','09','Puerto Inca','02','Codo del Pozuzo',_binary '',1,-9.6758,-75.4533,6630,3322.04),(1005,'10','Huanuco','09','Puerto Inca','03','Honoria',_binary '',1,-8.7694,-74.7089,6330,798.05),(1006,'10','Huanuco','09','Puerto Inca','04','Tournavista',_binary '',1,-8.9289,-74.7053,4559,2228.46),(1007,'10','Huanuco','09','Puerto Inca','05','Yuyapichis',_binary '',1,-9.6297,-74.9744,6616,1845.62),(1008,'10','Huanuco','10','Lauricocha','01','Jesus',_binary '',1,-10.0803,-76.6303,5712,449.9),(1009,'10','Huanuco','10','Lauricocha','02','Baños',_binary '',1,-10.0769,-76.7356,7184,152.66),(1010,'10','Huanuco','10','Lauricocha','03','Jivia',_binary '',1,-10.0236,-76.6811,2925,61.31),(1011,'10','Huanuco','10','Lauricocha','04','Queropalca',_binary '',1,-10.1811,-76.8042,3090,131.15),(1012,'10','Huanuco','10','Lauricocha','05','Rondos',_binary '',1,-9.9836,-76.6889,7687,169.42),(1013,'10','Huanuco','10','Lauricocha','06','San Francisco de Asis',_binary '',1,-9.9772,-76.6758,2126,84.3),(1014,'10','Huanuco','10','Lauricocha','07','San Miguel de Cauri',_binary '',1,-10.1431,-76.625,10381,811.75),(1015,'10','Huanuco','11','Yarowilca','01','Chavinillo',_binary '',1,-9.8447,-76.6236,5943,205.16),(1016,'10','Huanuco','11','Yarowilca','02','Cahuac',_binary '',1,-9.8494,-76.6319,4687,29.5),(1017,'10','Huanuco','11','Yarowilca','03','Chacabamba',_binary '',1,-9.9014,-76.6097,3760,16.53),(1018,'10','Huanuco','11','Yarowilca','04','Aparicio Pomares',_binary '',1,-9.7486,-76.6478,5488,183.14),(1019,'10','Huanuco','11','Yarowilca','05','Jacas Chico',_binary '',1,-9.8872,-76.5017,2038,36.16),(1020,'10','Huanuco','11','Yarowilca','06','Obas',_binary '',1,-9.7953,-76.6658,5435,123.16),(1021,'10','Huanuco','11','Yarowilca','07','Pampamarca',_binary '',1,-9.7061,-76.7028,2039,72.68),(1022,'10','Huanuco','11','Yarowilca','08','Choras',_binary '',1,-9.9108,-76.6036,3665,61.14),(1023,'11','Ica','01','Ica','01','Ica',_binary '',1,-14.0678,-75.7319,134249,887.51),(1024,'11','Ica','01','Ica','02','La Tinguiña',_binary '',1,-14.035,-75.7092,36909,98.34),(1025,'11','Ica','01','Ica','03','Los Aquijes',_binary '',1,-14.0978,-75.6911,19987,90.92),(1026,'11','Ica','01','Ica','04','Ocucaje',_binary '',1,-14.3433,-75.6608,3816,1417.12),(1027,'11','Ica','01','Ica','05','Pachacutec',_binary '',1,-14.1528,-75.6925,6949,34.47),(1028,'11','Ica','01','Ica','06','Parcona',_binary '',1,-14.0453,-75.7058,56336,17.39),(1029,'11','Ica','01','Ica','07','Pueblo Nuevo',_binary '',1,-14.1275,-75.7031,4843,33.12),(1030,'11','Ica','01','Ica','08','Salas',_binary '',1,-13.9861,-75.7733,24557,651.72),(1031,'11','Ica','01','Ica','09','San Jose de los Molinos',_binary '',1,-13.9283,-75.6669,6360,363.2),(1032,'11','Ica','01','Ica','10','San Juan Bautista',_binary '',1,-14.0114,-75.7372,15214,26.39),(1033,'11','Ica','01','Ica','11','Santiago',_binary '',1,-14.1922,-75.7142,30313,2783.73),(1034,'11','Ica','01','Ica','12','Subtanjalla',_binary '',1,-14.0194,-75.7597,29063,193.97),(1035,'11','Ica','01','Ica','13','Tate',_binary '',1,-14.1528,-75.7092,4719,7.07),(1036,'11','Ica','01','Ica','14','Yauca del Rosario',_binary '',1,-14.1014,-75.4783,972,1289.1),(1037,'11','Ica','02','Chincha','01','Chincha Alta',_binary '',1,-13.42,-76.1356,65322,238.34),(1038,'11','Ica','02','Chincha','02','Alto Laran',_binary '',1,-13.4444,-76.1067,7663,298.83),(1039,'11','Ica','02','Chincha','03','Chavin',_binary '',1,-13.0789,-75.9119,1470,426.17),(1040,'11','Ica','02','Chincha','04','Chincha Baja',_binary '',1,-13.4597,-76.1647,12536,72.52),(1041,'11','Ica','02','Chincha','05','El Carmen',_binary '',1,-13.5019,-76.0536,13734,789.9),(1042,'11','Ica','02','Chincha','06','Grocio Prado',_binary '',1,-13.3986,-76.1592,24910,190.53),(1043,'11','Ica','02','Chincha','07','Pueblo Nuevo',_binary '',1,-13.4019,-76.1269,63297,209.45),(1044,'11','Ica','02','Chincha','08','San Juan de Yanac',_binary '',1,-13.2108,-75.7861,269,500.4),(1045,'11','Ica','02','Chincha','09','San Pedro de Huacarpana',_binary '',1,-13.0492,-75.6483,1700,222.45),(1046,'11','Ica','02','Chincha','10','Sunampe',_binary '',1,-13.4269,-76.1647,28435,16.76),(1047,'11','Ica','02','Chincha','11','Tambo de Mora',_binary '',1,-13.4592,-76.1839,5110,22),(1048,'11','Ica','03','Nazca','01','Nazca',_binary '',1,-14.8328,-74.9361,27249,1252.25),(1049,'11','Ica','03','Nazca','02','Changuillo',_binary '',1,-14.6653,-75.2253,1457,946.94),(1050,'11','Ica','03','Nazca','03','El Ingenio',_binary '',1,-14.6464,-75.06,2697,552.39),(1051,'11','Ica','03','Nazca','04','Marcona',_binary '',1,-15.3619,-75.1681,12510,1955.2),(1052,'11','Ica','03','Nazca','05','Vista Alegre',_binary '',1,-14.8453,-74.9469,15935,527.3),(1053,'11','Ica','04','Palpa','01','Palpa',_binary '',1,-14.5339,-75.1839,7279,147.44),(1054,'11','Ica','04','Palpa','02','Llipata',_binary '',1,-14.5636,-75.2078,1516,186.18),(1055,'11','Ica','04','Palpa','03','Rio Grande',_binary '',1,-14.5194,-75.2006,2236,315.52),(1056,'11','Ica','04','Palpa','04','Santa Cruz',_binary '',1,-14.4914,-75.2639,987,255.7),(1057,'11','Ica','04','Palpa','05','Tibillo',_binary '',1,-14.0931,-75.1728,316,328.04),(1058,'11','Ica','05','Pisco','01','Pisco',_binary '',1,-13.7086,-76.2075,54716,24.56),(1059,'11','Ica','05','Pisco','02','Huancano',_binary '',1,-13.5992,-75.6203,1577,905.14),(1060,'11','Ica','05','Pisco','03','Humay',_binary '',1,-13.7222,-75.885,6041,1112.96),(1061,'11','Ica','05','Pisco','04','Independencia',_binary '',1,-13.6939,-76.0256,14928,272.34),(1062,'11','Ica','05','Pisco','05','Paracas',_binary '',1,-13.8428,-76.2503,7390,1420),(1063,'11','Ica','05','Pisco','06','San Andres',_binary '',1,-13.7311,-76.2211,13733,39.45),(1064,'11','Ica','05','Pisco','07','San Clemente',_binary '',1,-13.6839,-76.1592,22548,127.22),(1065,'11','Ica','05','Pisco','08','Tupac Amaru Inca',_binary '',1,-13.7119,-76.1492,18366,55.48),(1066,'12','Junin','01','Huancayo','01','Huancayo',_binary '',1,-12.0703,-75.2139,119025,237.55),(1067,'12','Junin','01','Huancayo','04','Carhuacallanga',_binary '',1,-12.3544,-75.2033,1398,13.78),(1068,'12','Junin','01','Huancayo','05','Chacapampa',_binary '',1,-12.3444,-75.2472,810,120.72),(1069,'12','Junin','01','Huancayo','06','Chicche',_binary '',1,-12.2961,-75.2964,901,45.92),(1070,'12','Junin','01','Huancayo','07','Chilca',_binary '',1,-12.0817,-75.2028,87993,8.3),(1071,'12','Junin','01','Huancayo','08','Chongos Alto',_binary '',1,-12.3128,-75.2925,1339,701.75),(1072,'12','Junin','01','Huancayo','11','Chupuro',_binary '',1,-12.1561,-75.245,1752,13.56),(1073,'12','Junin','01','Huancayo','12','Colca',_binary '',1,-12.3169,-75.2258,2068,113.25),(1074,'12','Junin','01','Huancayo','13','Cullhuas',_binary '',1,-12.2233,-75.1747,2204,108.01),(1075,'12','Junin','01','Huancayo','14','El Tambo',_binary '',1,-12.055,-75.2206,166163,73.56),(1076,'12','Junin','01','Huancayo','16','Huacrapuquio',_binary '',1,-12.1725,-75.2236,1274,24.1),(1077,'12','Junin','01','Huancayo','17','Hualhuas',_binary '',1,-11.9692,-75.2536,4630,24.82),(1078,'12','Junin','01','Huancayo','19','Huancan',_binary '',1,-12.1064,-75.2186,21744,12),(1079,'12','Junin','01','Huancayo','20','Huasicancha',_binary '',1,-12.3331,-75.2844,842,47.61),(1080,'12','Junin','01','Huancayo','21','Huayucachi',_binary '',1,-12.1367,-75.2247,8665,13.13),(1081,'12','Junin','01','Huancayo','22','Ingenio',_binary '',1,-11.8903,-75.2686,2507,53.29),(1082,'12','Junin','01','Huancayo','24','Pariahuanca',_binary '',1,-11.9792,-74.8967,5767,617.5),(1083,'12','Junin','01','Huancayo','25','Pilcomayo',_binary '',1,-12.0497,-75.2528,17062,20.18),(1084,'12','Junin','01','Huancayo','26','Pucara',_binary '',1,-12.1719,-75.1475,5008,110.49),(1085,'12','Junin','01','Huancayo','27','Quichuay',_binary '',1,-11.8875,-75.2872,1745,34.79),(1086,'12','Junin','01','Huancayo','28','Quilcas',_binary '',1,-11.9383,-75.2611,4268,167.98),(1087,'12','Junin','01','Huancayo','29','San Agustin',_binary '',1,-11.9914,-75.2481,11955,23.09),(1088,'12','Junin','01','Huancayo','30','San Jeronimo de Tunan',_binary '',1,-11.9483,-75.2856,10420,20.99),(1089,'12','Junin','01','Huancayo','32','Saño',_binary '',1,-11.955,-75.2606,4082,11.59),(1090,'12','Junin','01','Huancayo','33','Sapallanga',_binary '',1,-12.1403,-75.1597,12879,119.02),(1091,'12','Junin','01','Huancayo','34','Sicaya',_binary '',1,-12.0125,-75.2833,8166,42.73),(1092,'12','Junin','01','Huancayo','35','Santo Domingo de Acobamba',_binary '',1,-11.7689,-74.7953,7776,778.02),(1093,'12','Junin','01','Huancayo','36','Viques',_binary '',1,-12.1603,-75.2342,2247,3.57),(1094,'12','Junin','02','Concepcion','01','Concepcion',_binary '',1,-11.9181,-75.3161,15010,18.29),(1095,'12','Junin','02','Concepcion','02','Aco',_binary '',1,-11.9594,-75.3636,1592,37.8),(1096,'12','Junin','02','Concepcion','03','Andamarca',_binary '',1,-11.7319,-74.8058,4536,694.9),(1097,'12','Junin','02','Concepcion','04','Chambara',_binary '',1,-12.0286,-75.3783,2882,113.21),(1098,'12','Junin','02','Concepcion','05','Cochas',_binary '',1,-11.6597,-75.1033,1757,165.05),(1099,'12','Junin','02','Concepcion','06','Comas',_binary '',1,-11.7183,-75.0839,6073,825.29),(1100,'12','Junin','02','Concepcion','07','Heroinas Toledo',_binary '',1,-11.8353,-75.2911,1193,25.83),(1101,'12','Junin','02','Concepcion','08','Manzanares',_binary '',1,-12.0217,-75.3489,1391,20.58),(1102,'12','Junin','02','Concepcion','09','Mariscal Castilla',_binary '',1,-11.6158,-75.0942,1652,743.84),(1103,'12','Junin','02','Concepcion','10','Matahuasi',_binary '',1,-11.8917,-75.3539,5171,24.74),(1104,'12','Junin','02','Concepcion','11','Mito',_binary '',1,-11.9375,-75.3417,1369,25.21),(1105,'12','Junin','02','Concepcion','12','Nueve de Julio',_binary '',1,-11.9019,-75.3217,1485,7.28),(1106,'12','Junin','02','Concepcion','13','Orcotuna',_binary '',1,-11.9681,-75.3131,4168,44.61),(1107,'12','Junin','02','Concepcion','14','San Jose de Quero',_binary '',1,-12.0856,-75.5383,6106,314.8),(1108,'12','Junin','02','Concepcion','15','Santa Rosa de Ocopa',_binary '',1,-11.8769,-75.2944,2030,13.91),(1109,'12','Junin','03','Chanchamayo','01','Chanchamayo',_binary '',1,-11.0558,-75.3292,24866,919.72),(1110,'12','Junin','03','Chanchamayo','02','Perene',_binary '',1,-10.9522,-75.2244,77635,1191.16),(1111,'12','Junin','03','Chanchamayo','03','Pichanaqui',_binary '',1,-10.9303,-74.8728,71598,1496.59),(1112,'12','Junin','03','Chanchamayo','04','San Luis de Shuaro',_binary '',1,-10.8894,-75.2911,7395,212.49),(1113,'12','Junin','03','Chanchamayo','05','San Ramon',_binary '',1,-11.1214,-75.3528,27630,591.67),(1114,'12','Junin','03','Chanchamayo','06','Vitoc',_binary '',1,-11.2083,-75.3372,1734,313.85),(1115,'12','Junin','04','Jauja','01','Jauja',_binary '',1,-11.7761,-75.4992,14536,10.1),(1116,'12','Junin','04','Jauja','02','Acolla',_binary '',1,-11.7317,-75.5489,7215,122.4),(1117,'12','Junin','04','Jauja','03','Apata',_binary '',1,-11.8558,-75.3569,4084,421.62),(1118,'12','Junin','04','Jauja','04','Ataura',_binary '',1,-11.8022,-75.4411,1155,5.9),(1119,'12','Junin','04','Jauja','05','Canchayllo',_binary '',1,-11.8011,-75.72,1658,974.69),(1120,'12','Junin','04','Jauja','06','Curicaca',_binary '',1,-11.7842,-75.6781,1645,64.68),(1121,'12','Junin','04','Jauja','07','El Mantaro',_binary '',1,-11.8222,-75.3942,2562,17.76),(1122,'12','Junin','04','Jauja','08','Huamali',_binary '',1,-11.8083,-75.4269,1809,20.19),(1123,'12','Junin','04','Jauja','09','Huaripampa',_binary '',1,-11.8086,-75.4739,836,14.19),(1124,'12','Junin','04','Jauja','10','Huertas',_binary '',1,-11.7686,-75.4769,1644,11.82),(1125,'12','Junin','04','Jauja','11','Janjaillo',_binary '',1,-11.7658,-75.6275,681,31.57),(1126,'12','Junin','04','Jauja','12','Julcan',_binary '',1,-11.7608,-75.4392,671,24.78),(1127,'12','Junin','04','Jauja','13','Leonor Ordoñez',_binary '',1,-11.8633,-75.4169,1480,20.34),(1128,'12','Junin','04','Jauja','14','Llocllapampa',_binary '',1,-11.8189,-75.6261,1001,110.6),(1129,'12','Junin','04','Jauja','15','Marco',_binary '',1,-11.7419,-75.5639,1590,28.8),(1130,'12','Junin','04','Jauja','16','Masma',_binary '',1,-11.7867,-75.4289,2065,14.26),(1131,'12','Junin','04','Jauja','17','Masma Chicche',_binary '',1,-11.7864,-75.38,757,29.86),(1132,'12','Junin','04','Jauja','18','Molinos',_binary '',1,-11.7378,-75.4467,1522,312.17),(1133,'12','Junin','04','Jauja','19','Monobamba',_binary '',1,-11.3606,-75.3278,1055,295.83),(1134,'12','Junin','04','Jauja','20','Muqui',_binary '',1,-11.8342,-75.4369,960,11.74),(1135,'12','Junin','04','Jauja','21','Muquiyauyo',_binary '',1,-11.8147,-75.4581,2210,19.86),(1136,'12','Junin','04','Jauja','22','Paca',_binary '',1,-11.7117,-75.5189,988,34.22),(1137,'12','Junin','04','Jauja','23','Paccha',_binary '',1,-11.8553,-75.5111,1805,90.86),(1138,'12','Junin','04','Jauja','24','Pancan',_binary '',1,-11.7503,-75.4883,1280,10.89),(1139,'12','Junin','04','Jauja','25','Parco',_binary '',1,-11.8022,-75.5469,1152,32.82),(1140,'12','Junin','04','Jauja','26','Pomacancha',_binary '',1,-11.7381,-75.6264,1975,281.61),(1141,'12','Junin','04','Jauja','27','Ricran',_binary '',1,-11.5411,-75.5289,1567,319.95),(1142,'12','Junin','04','Jauja','28','San Lorenzo',_binary '',1,-11.8472,-75.3842,2509,22.15),(1143,'12','Junin','04','Jauja','29','San Pedro de Chunan',_binary '',1,-11.7247,-75.4894,839,8.44),(1144,'12','Junin','04','Jauja','30','Sausa',_binary '',1,-11.7939,-75.4872,3081,4.5),(1145,'12','Junin','04','Jauja','31','Sincos',_binary '',1,-11.8917,-75.3903,4912,236.74),(1146,'12','Junin','04','Jauja','32','Tunan Marca',_binary '',1,-11.7269,-75.5731,1165,30.07),(1147,'12','Junin','04','Jauja','33','Yauli',_binary '',1,-11.7117,-75.4725,1304,93.15),(1148,'12','Junin','04','Jauja','34','Yauyos',_binary '',1,-11.7822,-75.4989,9360,20.54),(1149,'12','Junin','05','Junin','01','Junin',_binary '',1,-11.1597,-75.9956,9492,883.8),(1150,'12','Junin','05','Junin','02','Carhuamayo',_binary '',1,-10.9233,-76.0569,7768,219.68),(1151,'12','Junin','05','Junin','03','Ondores',_binary '',1,-11.0878,-76.1486,1828,254.46),(1152,'12','Junin','05','Junin','04','Ulcumayo',_binary '',1,-10.9689,-75.8778,5783,1129.37),(1153,'12','Junin','06','Satipo','01','Satipo',_binary '',1,-11.2531,-74.6372,43554,732.02),(1154,'12','Junin','06','Satipo','02','Coviriali',_binary '',1,-11.2906,-74.6283,6332,145.13),(1155,'12','Junin','06','Satipo','03','Llaylla',_binary '',1,-11.3808,-74.5906,6417,180.39),(1156,'12','Junin','06','Satipo','04','Mazamari',_binary '',1,-11.4056,-74.7519,65014,2219.63),(1157,'12','Junin','06','Satipo','05','Pampa Hermosa',_binary '',1,-11.4056,-74.7519,10899,566.82),(1158,'12','Junin','06','Satipo','06','Pangoa',_binary '',1,-11.2086,-74.6597,60587,3679.4),(1159,'12','Junin','06','Satipo','07','Rio Negro',_binary '',1,-11.1469,-74.31,29250,714.98),(1160,'12','Junin','06','Satipo','08','Rio Tambo',_binary '',1,-11.2531,-74.6372,61259,10349.9),(1161,'12','Junin','06','Satipo','09','Vizcatán del Ene',_binary '',1,-12.2153,-74.0158,3573,631.21),(1162,'12','Junin','07','Tarma','01','Tarma',_binary '',1,-11.4206,-75.6908,46130,459.95),(1163,'12','Junin','07','Tarma','02','Acobamba',_binary '',1,-11.3528,-75.6592,13586,97.84),(1164,'12','Junin','07','Tarma','03','Huaricolca',_binary '',1,-11.5089,-75.6514,3251,162.31),(1165,'12','Junin','07','Tarma','04','Huasahuasi',_binary '',1,-11.2667,-75.6522,15398,652.15),(1166,'12','Junin','07','Tarma','05','La Union',_binary '',1,-11.3756,-75.7547,3124,140.4),(1167,'12','Junin','07','Tarma','06','Palca',_binary '',1,-11.3469,-75.5681,5585,378.08),(1168,'12','Junin','07','Tarma','07','Palcamayo',_binary '',1,-11.2956,-75.7731,9573,169.24),(1169,'12','Junin','07','Tarma','08','San Pedro de Cajas',_binary '',1,-11.2503,-75.8647,5669,537.31),(1170,'12','Junin','07','Tarma','09','Tapo',_binary '',1,-11.3903,-75.5636,6073,151.88),(1171,'12','Junin','08','Yauli','01','La Oroya',_binary '',1,-11.5206,-75.9014,12577,388.42),(1172,'12','Junin','08','Yauli','02','Chacapalpa',_binary '',1,-11.7328,-75.7556,704,183.06),(1173,'12','Junin','08','Yauli','03','Huay-Huay',_binary '',1,-11.7219,-75.9042,1474,179.94),(1174,'12','Junin','08','Yauli','04','Marcapomacocha',_binary '',1,-11.4056,-76.3364,1297,888.56),(1175,'12','Junin','08','Yauli','05','Morococha',_binary '',1,-11.5972,-76.14,4262,265.67),(1176,'12','Junin','08','Yauli','06','Paccha',_binary '',1,-11.4794,-75.9669,1649,323.69),(1177,'12','Junin','08','Yauli','07','Santa Barbara de Carhuacayan',_binary '',1,-11.2008,-76.2883,2374,646.29),(1178,'12','Junin','08','Yauli','08','Santa Rosa de Sacco',_binary '',1,-11.5617,-75.95,10413,101.09),(1179,'12','Junin','08','Yauli','09','Suitucancha',_binary '',1,-11.7875,-75.9358,1014,216.47),(1180,'12','Junin','08','Yauli','10','Yauli',_binary '',1,-11.6672,-76.0883,5113,424.16),(1181,'12','Junin','09','Chupaca','01','Chupaca',_binary '',1,-12.0625,-75.2897,22407,21.7),(1182,'12','Junin','09','Chupaca','02','Ahuac',_binary '',1,-12.0789,-75.3197,5932,70.44),(1183,'12','Junin','09','Chupaca','03','Chongos Bajo',_binary '',1,-12.1361,-75.2681,4006,100.95),(1184,'12','Junin','09','Chupaca','04','Huachac',_binary '',1,-12.0225,-75.3436,4027,22.01),(1185,'12','Junin','09','Chupaca','05','Huamancaca Chico',_binary '',1,-12.0797,-75.245,6126,9.4),(1186,'12','Junin','09','Chupaca','06','San Juan de Yscos',_binary '',1,-12.1014,-75.2922,2123,24.7),(1187,'12','Junin','09','Chupaca','07','San Juan de Jarpa',_binary '',1,-12.1239,-75.44,3597,137.02),(1188,'12','Junin','09','Chupaca','08','Tres de Diciembre',_binary '',1,-12.1108,-75.2547,2111,14.66),(1189,'12','Junin','09','Chupaca','09','Yanacancha',_binary '',1,-12.2008,-75.3864,3547,743.4),(1190,'13','La Libertad','01','Trujillo','01','Trujillo',_binary '',1,-8.1094,-79.0333,329127,39.36),(1191,'13','La Libertad','01','Trujillo','02','El Porvenir',_binary '',1,-8.0819,-79.0025,196333,36.7),(1192,'13','La Libertad','01','Trujillo','03','Florencia de Mora',_binary '',1,-8.0808,-79.0236,42978,1.99),(1193,'13','La Libertad','01','Trujillo','04','Huanchaco',_binary '',1,-8.0814,-79.1214,72237,332.14),(1194,'13','La Libertad','01','Trujillo','05','La Esperanza',_binary '',1,-8.0781,-79.0453,190881,15.55),(1195,'13','La Libertad','01','Trujillo','06','Laredo',_binary '',1,-8.0911,-78.9611,36353,335.44),(1196,'13','La Libertad','01','Trujillo','07','Moche',_binary '',1,-8.1722,-79.0111,35945,25.25),(1197,'13','La Libertad','01','Trujillo','08','Poroto',_binary '',1,-8.0114,-78.7697,3127,276.01),(1198,'13','La Libertad','01','Trujillo','09','Salaverry',_binary '',1,-8.2231,-78.9781,19095,295.88),(1199,'13','La Libertad','01','Trujillo','10','Simbal',_binary '',1,-7.9767,-78.8147,4433,390.55),(1200,'13','La Libertad','01','Trujillo','11','Victor Larco Herrera',_binary '',1,-8.1439,-79.0558,66607,18.02),(1201,'13','La Libertad','02','Ascope','01','Ascope',_binary '',1,-7.7131,-79.1156,6676,290.18),(1202,'13','La Libertad','02','Ascope','02','Chicama',_binary '',1,-7.8442,-79.1461,15796,870.58),(1203,'13','La Libertad','02','Ascope','03','Chocope',_binary '',1,-7.7914,-79.2225,9342,95.73),(1204,'13','La Libertad','02','Ascope','04','Magdalena de Cao',_binary '',1,-7.8767,-79.2947,3347,163.01),(1205,'13','La Libertad','02','Ascope','05','Paijan',_binary '',1,-7.7319,-79.3019,26433,79.69),(1206,'13','La Libertad','02','Ascope','06','Razuri',_binary '',1,-7.7025,-79.4406,9358,317.3),(1207,'13','La Libertad','02','Ascope','07','Santiago de Cao',_binary '',1,-7.9608,-79.2392,19896,154.55),(1208,'13','La Libertad','02','Ascope','08','Casa Grande',_binary '',1,-7.7442,-79.1869,31875,687.6),(1209,'13','La Libertad','03','Bolivar','01','Bolivar',_binary '',1,-7.1547,-77.7044,4921,740.58),(1210,'13','La Libertad','03','Bolivar','02','Bambamarca',_binary '',1,-7.4414,-77.6947,3992,165.2),(1211,'13','La Libertad','03','Bolivar','03','Condormarca',_binary '',1,-7.5556,-77.5981,2047,331.26),(1212,'13','La Libertad','03','Bolivar','04','Longotea',_binary '',1,-7.0428,-77.8744,2242,192.88),(1213,'13','La Libertad','03','Bolivar','05','Uchumarca',_binary '',1,-7.0481,-77.8078,2762,190.53),(1214,'13','La Libertad','03','Bolivar','06','Ucuncha',_binary '',1,-7.1656,-77.8617,787,98.41),(1215,'13','La Libertad','04','Chepen','01','Chepen',_binary '',1,-7.2267,-79.4292,49927,287.34),(1216,'13','La Libertad','04','Chepen','02','Pacanga',_binary '',1,-7.1731,-79.4867,24913,583.93),(1217,'13','La Libertad','04','Chepen','03','Pueblo Nuevo',_binary '',1,-7.1883,-79.5142,15458,271.16),(1218,'13','La Libertad','05','Julcan','01','Julcan',_binary '',1,-8.0439,-78.4881,11630,208.49),(1219,'13','La Libertad','05','Julcan','02','Calamarca',_binary '',1,-8.1644,-78.4153,5604,207.57),(1220,'13','La Libertad','05','Julcan','03','Carabamba',_binary '',1,-8.1108,-78.6092,6418,254.28),(1221,'13','La Libertad','05','Julcan','04','Huaso',_binary '',1,-8.2233,-78.4158,7304,431.05),(1222,'13','La Libertad','06','Otuzco','01','Otuzco',_binary '',1,-7.9022,-78.5669,28048,444.13),(1223,'13','La Libertad','06','Otuzco','02','Agallpampa',_binary '',1,-7.9853,-78.5481,9997,258.56),(1224,'13','La Libertad','06','Otuzco','04','Charat',_binary '',1,-7.8247,-78.4506,2814,68.89),(1225,'13','La Libertad','06','Otuzco','05','Huaranchal',_binary '',1,-7.6908,-78.4444,5138,149.65),(1226,'13','La Libertad','06','Otuzco','06','La Cuesta',_binary '',1,-7.9189,-78.7081,690,39.25),(1227,'13','La Libertad','06','Otuzco','08','Mache',_binary '',1,-8.0303,-78.5367,3129,37.32),(1228,'13','La Libertad','06','Otuzco','10','Paranday',_binary '',1,-7.8847,-78.7119,746,21.46),(1229,'13','La Libertad','06','Otuzco','11','Salpo',_binary '',1,-8.0053,-78.6064,6142,192.74),(1230,'13','La Libertad','06','Otuzco','13','Sinsicap',_binary '',1,-7.8517,-78.7561,8808,452.95),(1231,'13','La Libertad','06','Otuzco','14','Usquil',_binary '',1,-7.8156,-78.4192,27986,445.82),(1232,'13','La Libertad','07','Pacasmayo','01','San Pedro de Lloc',_binary '',1,-7.4278,-79.5036,17017,697.01),(1233,'13','La Libertad','07','Pacasmayo','02','Guadalupe',_binary '',1,-7.2428,-79.4717,45031,165.37),(1234,'13','La Libertad','07','Pacasmayo','03','Jequetepeque',_binary '',1,-7.3369,-79.5628,3997,50.98),(1235,'13','La Libertad','07','Pacasmayo','04','Pacasmayo',_binary '',1,-7.4006,-79.5686,28458,30.84),(1236,'13','La Libertad','07','Pacasmayo','05','San Jose',_binary '',1,-7.3494,-79.4569,12790,181.06),(1237,'13','La Libertad','08','Pataz','01','Tayabamba',_binary '',1,-8.2769,-77.2986,15100,339.13),(1238,'13','La Libertad','08','Pataz','02','Buldibuyo',_binary '',1,-8.1281,-77.3981,3823,227.39),(1239,'13','La Libertad','08','Pataz','03','Chillia',_binary '',1,-8.1258,-77.5169,14060,300.04),(1240,'13','La Libertad','08','Pataz','04','Huancaspata',_binary '',1,-8.4575,-77.3011,6532,247.48),(1241,'13','La Libertad','08','Pataz','05','Huaylillas',_binary '',1,-8.1867,-77.3447,3691,89.73),(1242,'13','La Libertad','08','Pataz','06','Huayo',_binary '',1,-8.0053,-77.5936,4527,124.63),(1243,'13','La Libertad','08','Pataz','07','Ongon',_binary '',1,-8.1689,-76.9664,1817,1394.89),(1244,'13','La Libertad','08','Pataz','08','Parcoy',_binary '',1,-8.035,-77.4817,22442,304.99),(1245,'13','La Libertad','08','Pataz','09','Pataz',_binary '',1,-7.7856,-77.5942,9408,467.44),(1246,'13','La Libertad','08','Pataz','10','Pias',_binary '',1,-7.8728,-77.5494,1293,371.67),(1247,'13','La Libertad','08','Pataz','11','Santiago de Challas',_binary '',1,-8.4389,-77.3239,2520,129.44),(1248,'13','La Libertad','08','Pataz','12','Taurija',_binary '',1,-8.3083,-77.425,3067,130.09),(1249,'13','La Libertad','08','Pataz','13','Urpay',_binary '',1,-8.3478,-77.3917,2809,99.61),(1250,'13','La Libertad','09','Sanchez Carrion','01','Huamachuco',_binary '',1,-7.8153,-78.0525,65142,424.13),(1251,'13','La Libertad','09','Sanchez Carrion','02','Chugay',_binary '',1,-7.7825,-77.8694,19316,416.31),(1252,'13','La Libertad','09','Sanchez Carrion','03','Cochorco',_binary '',1,-7.8058,-77.72,9588,258.04),(1253,'13','La Libertad','09','Sanchez Carrion','04','Curgos',_binary '',1,-7.8592,-77.9431,8712,99.5),(1254,'13','La Libertad','09','Sanchez Carrion','05','Marcabal',_binary '',1,-7.7053,-78.0306,17296,229.57),(1255,'13','La Libertad','09','Sanchez Carrion','06','Sanagoran',_binary '',1,-7.7856,-78.1411,15424,324.38),(1256,'13','La Libertad','09','Sanchez Carrion','07','Sarin',_binary '',1,-7.9122,-77.9044,10241,340.08),(1257,'13','La Libertad','09','Sanchez Carrion','08','Sartimbamba',_binary '',1,-7.6994,-77.7411,14090,394.37),(1258,'13','La Libertad','10','Santiago de Chuco','01','Santiago de Chuco',_binary '',1,-8.1456,-78.1753,20781,1073.63),(1259,'13','La Libertad','10','Santiago de Chuco','02','Angasmarca',_binary '',1,-8.1331,-78.0547,7592,153.45),(1260,'13','La Libertad','10','Santiago de Chuco','03','Cachicadan',_binary '',1,-8.0917,-78.1467,8320,266.5),(1261,'13','La Libertad','10','Santiago de Chuco','04','Mollebamba',_binary '',1,-8.1706,-77.9764,2411,69.69),(1262,'13','La Libertad','10','Santiago de Chuco','05','Mollepata',_binary '',1,-8.1908,-77.9558,2682,71.2),(1263,'13','La Libertad','10','Santiago de Chuco','06','Quiruvilca',_binary '',1,-8.0025,-78.3108,14549,549.14),(1264,'13','La Libertad','10','Santiago de Chuco','07','Santa Cruz de Chuca',_binary '',1,-8.1194,-78.1411,3222,165.12),(1265,'13','La Libertad','10','Santiago de Chuco','08','Sitabamba',_binary '',1,-8.0231,-77.7314,3367,310.23),(1266,'13','La Libertad','11','Gran Chimu','01','Cascas',_binary '',1,-7.4803,-78.8167,14386,465.67),(1267,'13','La Libertad','11','Gran Chimu','02','Lucma',_binary '',1,-7.6406,-78.5511,7210,280.38),(1268,'13','La Libertad','11','Gran Chimu','03','Compin',_binary '',1,-7.6981,-78.6256,2054,300.25),(1269,'13','La Libertad','11','Gran Chimu','04','Sayapullo',_binary '',1,-7.5964,-78.4681,7994,238.47),(1270,'13','La Libertad','12','Viru','01','Viru',_binary '',1,-8.4156,-78.7511,71152,1072.95),(1271,'13','La Libertad','12','Viru','02','Chao',_binary '',1,-8.5394,-78.6825,42779,1736.87),(1272,'13','La Libertad','12','Viru','03','Guadalupito',_binary '',1,-8.9519,-78.6258,10166,404.72),(1273,'14','Lambayeque','01','Chiclayo','01','Chiclayo',_binary '',1,-6.7736,-79.8397,298467,50.35),(1274,'14','Lambayeque','01','Chiclayo','02','Chongoyape',_binary '',1,-6.6428,-79.3842,18101,712),(1275,'14','Lambayeque','01','Chiclayo','03','Eten',_binary '',1,-6.9072,-79.8644,10599,84.78),(1276,'14','Lambayeque','01','Chiclayo','04','Eten Puerto',_binary '',1,-6.9269,-79.8664,2160,14.48),(1277,'14','Lambayeque','01','Chiclayo','05','Jose Leonardo Ortiz',_binary '',1,-6.7592,-79.8408,199144,28.22),(1278,'14','Lambayeque','01','Chiclayo','06','La Victoria',_binary '',1,-6.7883,-79.8367,93069,29.36),(1279,'14','Lambayeque','01','Chiclayo','07','Lagunas',_binary '',1,-6.9911,-79.6244,10436,429.27),(1280,'14','Lambayeque','01','Chiclayo','08','Monsefu',_binary '',1,-6.8786,-79.8714,32314,44.94),(1281,'14','Lambayeque','01','Chiclayo','09','Nueva Arica',_binary '',1,-6.8731,-79.3386,2331,208.63),(1282,'14','Lambayeque','01','Chiclayo','10','Oyotun',_binary '',1,-6.8458,-79.2981,9879,455.4),(1283,'14','Lambayeque','01','Chiclayo','11','Picsi',_binary '',1,-6.7186,-79.7708,9965,56.92),(1284,'14','Lambayeque','01','Chiclayo','12','Pimentel',_binary '',1,-6.8369,-79.9361,46075,66.53),(1285,'14','Lambayeque','01','Chiclayo','13','Reque',_binary '',1,-6.8644,-79.8181,15386,47.03),(1286,'14','Lambayeque','01','Chiclayo','14','Santa Rosa',_binary '',1,-6.88,-79.9231,13030,14.09),(1287,'14','Lambayeque','01','Chiclayo','15','Saña',_binary '',1,-6.9233,-79.5839,12397,313.9),(1288,'14','Lambayeque','01','Chiclayo','16','Cayalti',_binary '',1,-6.8917,-79.5617,15915,162.86),(1289,'14','Lambayeque','01','Chiclayo','17','Patapo',_binary '',1,-6.7386,-79.6406,22843,182.81),(1290,'14','Lambayeque','01','Chiclayo','18','Pomalca',_binary '',1,-6.7667,-79.7728,25831,80.35),(1291,'14','Lambayeque','01','Chiclayo','19','Pucala',_binary '',1,-6.78,-79.6122,8958,175.81),(1292,'14','Lambayeque','01','Chiclayo','20','Tuman',_binary '',1,-6.7478,-79.7017,30713,130.34),(1293,'14','Lambayeque','02','Ferreñafe','01','Ferreñafe',_binary '',1,-6.6394,-79.7911,35919,62.18),(1294,'14','Lambayeque','02','Ferreñafe','02','Cañaris',_binary '',1,-6.0447,-79.2647,14787,284.88),(1295,'14','Lambayeque','02','Ferreñafe','03','Incahuasi',_binary '',1,-6.2372,-79.315,15733,443.91),(1296,'14','Lambayeque','02','Ferreñafe','04','Manuel Antonio Mesones Muro',_binary '',1,-6.6456,-79.7361,4254,200.57),(1297,'14','Lambayeque','02','Ferreñafe','05','Pitipo',_binary '',1,-6.5664,-79.7808,24214,558.18),(1298,'14','Lambayeque','02','Ferreñafe','06','Pueblo Nuevo',_binary '',1,-6.6367,-79.7947,13619,28.88),(1299,'14','Lambayeque','03','Lambayeque','01','Lambayeque',_binary '',1,-6.7006,-79.9072,79914,330.73),(1300,'14','Lambayeque','03','Lambayeque','02','Chochope',_binary '',1,-6.1586,-79.6469,1122,79.27),(1301,'14','Lambayeque','03','Lambayeque','03','Illimo',_binary '',1,-6.4733,-79.8531,9415,24.37),(1302,'14','Lambayeque','03','Lambayeque','04','Jayanca',_binary '',1,-6.3881,-79.8211,18039,680.96),(1303,'14','Lambayeque','03','Lambayeque','05','Mochumi',_binary '',1,-6.5467,-79.8647,19467,103.7),(1304,'14','Lambayeque','03','Lambayeque','06','Morrope',_binary '',1,-6.54,-80.0128,47455,1041.66),(1305,'14','Lambayeque','03','Lambayeque','07','Motupe',_binary '',1,-6.1536,-79.7153,26985,557.37),(1306,'14','Lambayeque','03','Lambayeque','08','Olmos',_binary '',1,-5.9883,-79.75,41587,5583.47),(1307,'14','Lambayeque','03','Lambayeque','09','Pacora',_binary '',1,-6.4275,-79.84,7299,87.79),(1308,'14','Lambayeque','03','Lambayeque','10','Salas',_binary '',1,-6.2736,-79.6044,13056,991.8),(1309,'14','Lambayeque','03','Lambayeque','11','San Jose',_binary '',1,-6.7703,-79.9686,16851,46.73),(1310,'14','Lambayeque','03','Lambayeque','12','Tucume',_binary '',1,-6.5097,-79.8594,23288,67),(1311,'15','Lima','01','Lima','01','Lima',_binary '',1,-12.0467,-77.0322,269858,21.98),(1312,'15','Lima','01','Lima','02','Ancon',_binary '',1,-11.7764,-77.1703,42124,285.45),(1313,'15','Lima','01','Lima','03','Ate',_binary '',1,-12.0256,-76.9242,672160,77.72),(1314,'15','Lima','01','Lima','04','Barranco',_binary '',1,-12.1494,-77.0247,29424,3.33),(1315,'15','Lima','01','Lima','05','Breña',_binary '',1,-12.0567,-77.0536,75882,3.22),(1316,'15','Lima','01','Lima','06','Carabayllo',_binary '',1,-11.8583,-77.0419,322936,303.31),(1317,'15','Lima','01','Lima','07','Chaclacayo',_binary '',1,-11.9783,-76.7642,44890,39.5),(1318,'15','Lima','01','Lima','08','Chorrillos',_binary '',1,-12.1742,-77.0247,341322,38.94),(1319,'15','Lima','01','Lima','09','Cieneguilla',_binary '',1,-12.1178,-76.8125,50486,240.33),(1320,'15','Lima','01','Lima','10','Comas',_binary '',1,-11.95,-77.05,545685,48.75),(1321,'15','Lima','01','Lima','11','El Agustino',_binary '',1,-12.0433,-76.9986,198366,12.54),(1322,'15','Lima','01','Lima','12','Independencia',_binary '',1,-12.0008,-77.0522,223827,14.56),(1323,'15','Lima','01','Lima','13','Jesus Maria',_binary '',1,-12.0697,-77.045,72804,4.57),(1324,'15','Lima','01','Lima','14','La Molina',_binary '',1,-12.0875,-76.9339,182603,65.75),(1325,'15','Lima','01','Lima','15','La Victoria',_binary '',1,-12.0653,-77.0308,169270,8.74),(1326,'15','Lima','01','Lima','16','Lince',_binary '',1,-12.0811,-77.0306,49833,3.03),(1327,'15','Lima','01','Lima','17','Los Olivos',_binary '',1,-11.9828,-77.0694,390742,18.25),(1328,'15','Lima','01','Lima','18','Lurigancho',_binary '',1,-11.9372,-76.7036,232902,236.47),(1329,'15','Lima','01','Lima','19','Lurin',_binary '',1,-12.2686,-76.8847,90818,180.26),(1330,'15','Lima','01','Lima','20','Magdalena del Mar',_binary '',1,-12.0967,-77.0747,55786,3.61),(1331,'15','Lima','01','Lima','21','Pueblo Libre',_binary '',1,-12.0733,-77.0631,77322,4.38),(1332,'15','Lima','01','Lima','22','Miraflores',_binary '',1,-12.1175,-77.0453,82898,9.62),(1333,'15','Lima','01','Lima','23','Pachacamac',_binary '',1,-12.2286,-76.8597,139067,160.23),(1334,'15','Lima','01','Lima','24','Pucusana',_binary '',1,-12.4825,-76.7964,18284,37.39),(1335,'15','Lima','01','Lima','25','Puente Piedra',_binary '',1,-11.8464,-77.1058,378910,72.81),(1336,'15','Lima','01','Lima','26','Punta Hermosa',_binary '',1,-12.3375,-76.8258,8104,119.5),(1337,'15','Lima','01','Lima','27','Punta Negra',_binary '',1,-12.3661,-76.7947,8500,130.5),(1338,'15','Lima','01','Lima','28','Rimac',_binary '',1,-12.0294,-77.0436,165451,11.87),(1339,'15','Lima','01','Lima','29','San Bartolo',_binary '',1,-12.3883,-76.7806,8200,45.01),(1340,'15','Lima','01','Lima','30','San Borja',_binary '',1,-12.1078,-76.9989,114479,9.96),(1341,'15','Lima','01','Lima','31','San Isidro',_binary '',1,-12.0989,-77.0344,54298,11.1),(1342,'15','Lima','01','Lima','32','San Juan de Lurigancho',_binary '',1,-12.0244,-77.0025,1156300,131.25),(1343,'15','Lima','01','Lima','33','San Juan de Miraflores',_binary '',1,-12.1589,-76.9722,422389,22.97),(1344,'15','Lima','01','Lima','34','San Luis',_binary '',1,-12.0728,-76.9975,59377,3.49),(1345,'15','Lima','01','Lima','35','San Martin de Porres',_binary '',1,-12.0303,-77.0469,741417,36.82),(1346,'15','Lima','01','Lima','36','San Miguel',_binary '',1,-12.09,-77.0864,139399,10.72),(1347,'15','Lima','01','Lima','37','Santa Anita',_binary '',1,-12.0433,-76.985,242026,10.69),(1348,'15','Lima','01','Lima','38','Santa Maria del Mar',_binary '',1,-12.4092,-76.7758,1721,9.81),(1349,'15','Lima','01','Lima','39','Santa Rosa',_binary '',1,-11.7983,-77.1775,20112,21.35),(1350,'15','Lima','01','Lima','40','Santiago de Surco',_binary '',1,-12.1506,-77.0078,363183,35.89),(1351,'15','Lima','01','Lima','41','Surquillo',_binary '',1,-12.1136,-77.0081,92908,3.46),(1352,'15','Lima','01','Lima','42','Villa El Salvador',_binary '',1,-12.2164,-76.9433,489583,35.46),(1353,'15','Lima','01','Lima','43','Villa Maria del Triunfo',_binary '',1,-12.1572,-76.9528,473036,70.57),(1354,'15','Lima','02','Barranca','01','Barranca',_binary '',1,-10.7564,-77.7603,73485,158.82),(1355,'15','Lima','02','Barranca','02','Paramonga',_binary '',1,-10.6742,-77.8197,22373,408.59),(1356,'15','Lima','02','Barranca','03','Pativilca',_binary '',1,-10.6961,-77.7792,20032,278.64),(1357,'15','Lima','02','Barranca','04','Supe',_binary '',1,-10.7992,-77.7133,23345,512.92),(1358,'15','Lima','02','Barranca','05','Supe Puerto',_binary '',1,-10.8003,-77.7447,11898,11.51),(1359,'15','Lima','03','Cajatambo','01','Cajatambo',_binary '',1,-10.4722,-76.9939,2260,567.96),(1360,'15','Lima','03','Cajatambo','02','Copa',_binary '',1,-10.3856,-77.0789,803,212.16),(1361,'15','Lima','03','Cajatambo','03','Gorgor',_binary '',1,-10.6214,-77.0389,2774,309.95),(1362,'15','Lima','03','Cajatambo','04','Huancapon',_binary '',1,-10.5483,-77.1128,982,146.1),(1363,'15','Lima','03','Cajatambo','05','Manas',_binary '',1,-10.5953,-77.1669,982,279.04),(1364,'15','Lima','04','Canta','01','Canta',_binary '',1,-11.4675,-76.6231,2900,123.09),(1365,'15','Lima','04','Canta','02','Arahuay',_binary '',1,-11.6222,-76.6731,796,134.29),(1366,'15','Lima','04','Canta','03','Huamantanga',_binary '',1,-11.4997,-76.7489,1349,488.09),(1367,'15','Lima','04','Canta','04','Huaros',_binary '',1,-11.4058,-76.5761,785,333.45),(1368,'15','Lima','04','Canta','05','Lachaqui',_binary '',1,-11.5567,-76.6244,904,137.87),(1369,'15','Lima','04','Canta','06','San Buenaventura',_binary '',1,-11.4897,-76.6631,567,106.26),(1370,'15','Lima','04','Canta','07','Santa Rosa de Quives',_binary '',1,-11.6928,-76.8444,8388,408.11),(1371,'15','Lima','05','Cañete','01','San Vicente de Cañete',_binary '',1,-13.0825,-76.3883,58091,513.15),(1372,'15','Lima','05','Cañete','02','Asia',_binary '',1,-12.7789,-76.5572,9902,277.36),(1373,'15','Lima','05','Cañete','03','Calango',_binary '',1,-12.5256,-76.5433,2434,530.89),(1374,'15','Lima','05','Cañete','04','Cerro Azul',_binary '',1,-13.0267,-76.4794,8489,105.08),(1375,'15','Lima','05','Cañete','05','Chilca',_binary '',1,-12.5172,-76.7361,16350,475.47),(1376,'15','Lima','05','Cañete','06','Coayllo',_binary '',1,-12.7258,-76.4606,1097,590.99),(1377,'15','Lima','05','Cañete','07','Imperial',_binary '',1,-13.0608,-76.35,41037,53.16),(1378,'15','Lima','05','Cañete','08','Lunahuana',_binary '',1,-12.9597,-76.1392,4921,500.33),(1379,'15','Lima','05','Cañete','09','Mala',_binary '',1,-12.6553,-76.63,35929,129.31),(1380,'15','Lima','05','Cañete','10','Nuevo Imperial',_binary '',1,-13.0742,-76.3158,24623,329.3),(1381,'15','Lima','05','Cañete','11','Pacaran',_binary '',1,-12.8636,-76.0519,1842,258.72),(1382,'15','Lima','05','Cañete','12','Quilmana',_binary '',1,-12.95,-76.3828,15823,437.4),(1383,'15','Lima','05','Cañete','13','San Antonio',_binary '',1,-12.6431,-76.65,4371,37.15),(1384,'15','Lima','05','Cañete','14','San Luis',_binary '',1,-13.0508,-76.4294,13420,38.53),(1385,'15','Lima','05','Cañete','15','Santa Cruz de Flores',_binary '',1,-12.6194,-76.6397,2898,100.06),(1386,'15','Lima','05','Cañete','16','Zuñiga',_binary '',1,-12.8581,-76.0225,1912,198.01),(1387,'15','Lima','06','Huaral','01','Huaral',_binary '',1,-11.4914,-77.2053,104610,640.76),(1388,'15','Lima','06','Huaral','02','Atavillos Alto',_binary '',1,-11.2331,-76.6561,626,347.69),(1389,'15','Lima','06','Huaral','03','Atavillos Bajo',_binary '',1,-11.3533,-76.8231,1135,164.89),(1390,'15','Lima','06','Huaral','04','Aucallama',_binary '',1,-11.5592,-77.1744,20446,729.41),(1391,'15','Lima','06','Huaral','05','Chancay',_binary '',1,-11.5669,-77.2658,65014,150.11),(1392,'15','Lima','06','Huaral','06','Ihuari',_binary '',1,-11.1889,-76.9519,2344,467.67),(1393,'15','Lima','06','Huaral','07','Lampian',_binary '',1,-11.2369,-76.8386,389,144.97),(1394,'15','Lima','06','Huaral','08','Pacaraos',_binary '',1,-11.1833,-76.6464,385,294.04),(1395,'15','Lima','06','Huaral','09','San Miguel de Acos',_binary '',1,-11.2736,-76.8214,777,48.16),(1396,'15','Lima','06','Huaral','10','Santa Cruz de Andamarca',_binary '',1,-11.1947,-76.6336,1469,216.92),(1397,'15','Lima','06','Huaral','11','Sumbilca',_binary '',1,-11.4072,-76.8194,948,259.38),(1398,'15','Lima','06','Huaral','12','Veintisiete de Noviembre',_binary '',1,-11.1919,-76.7786,414,204.27),(1399,'15','Lima','07','Huarochiri','01','Matucana',_binary '',1,-11.8458,-76.3878,3584,179.44),(1400,'15','Lima','07','Huarochiri','02','Antioquia',_binary '',1,-12.0814,-76.5133,1246,387.98),(1401,'15','Lima','07','Huarochiri','03','Callahuanca',_binary '',1,-11.8275,-76.6203,4357,57.47),(1402,'15','Lima','07','Huarochiri','04','Carampoma',_binary '',1,-11.6561,-76.5181,1907,234.21),(1403,'15','Lima','07','Huarochiri','05','Chicla',_binary '',1,-11.7078,-76.2711,7881,244.1),(1404,'15','Lima','07','Huarochiri','06','Cuenca',_binary '',1,-12.1336,-76.4378,397,60.02),(1405,'15','Lima','07','Huarochiri','07','Huachupampa',_binary '',1,-11.7228,-76.59,3003,76.02),(1406,'15','Lima','07','Huarochiri','08','Huanza',_binary '',1,-11.6561,-76.5069,2851,227.01),(1407,'15','Lima','07','Huarochiri','09','Huarochiri',_binary '',1,-12.1381,-76.2344,1251,249.09),(1408,'15','Lima','07','Huarochiri','10','Lahuaytambo',_binary '',1,-12.0969,-76.3911,651,81.88),(1409,'15','Lima','07','Huarochiri','11','Langa',_binary '',1,-12.1253,-76.4233,822,80.99),(1410,'15','Lima','07','Huarochiri','12','Laraos',_binary '',1,-11.6647,-76.5422,2452,104.51),(1411,'15','Lima','07','Huarochiri','13','Mariatana',_binary '',1,-12.2378,-76.3261,1325,168.63),(1412,'15','Lima','07','Huarochiri','14','Ricardo Palma',_binary '',1,-11.925,-76.6617,6358,34.59),(1413,'15','Lima','07','Huarochiri','15','San Andres de Tupicocha',_binary '',1,-12.0008,-76.4778,1272,83.35),(1414,'15','Lima','07','Huarochiri','16','San Antonio',_binary '',1,-11.7439,-76.6519,5785,563.59),(1415,'15','Lima','07','Huarochiri','17','San Bartolome',_binary '',1,-11.9114,-76.5275,2409,43.91),(1416,'15','Lima','07','Huarochiri','18','San Damian',_binary '',1,-12.0178,-76.3936,1137,343.22),(1417,'15','Lima','07','Huarochiri','19','San Juan de Iris',_binary '',1,-11.6847,-76.5275,1891,124.31),(1418,'15','Lima','07','Huarochiri','20','San Juan de Tantaranche',_binary '',1,-12.1136,-76.185,477,137.16),(1419,'15','Lima','07','Huarochiri','21','San Lorenzo de Quinti',_binary '',1,-12.1453,-76.2133,1547,467.58),(1420,'15','Lima','07','Huarochiri','22','San Mateo',_binary '',1,-11.7589,-76.3031,5120,425.6),(1421,'15','Lima','07','Huarochiri','23','San Mateo de Otao',_binary '',1,-11.8686,-76.5475,1599,123.91),(1422,'15','Lima','07','Huarochiri','24','San Pedro de Casta',_binary '',1,-11.7583,-76.5989,1325,79.91),(1423,'15','Lima','07','Huarochiri','25','San Pedro de Huancayre',_binary '',1,-12.1311,-76.2186,248,41.75),(1424,'15','Lima','07','Huarochiri','26','Sangallaya',_binary '',1,-12.1606,-76.2297,569,81.92),(1425,'15','Lima','07','Huarochiri','27','Santa Cruz de Cocachacra',_binary '',1,-11.9108,-76.5406,2541,41.5),(1426,'15','Lima','07','Huarochiri','28','Santa Eulalia',_binary '',1,-11.9106,-76.6656,12476,111.12),(1427,'15','Lima','07','Huarochiri','29','Santiago de Anchucaya',_binary '',1,-12.0961,-76.2325,526,94.01),(1428,'15','Lima','07','Huarochiri','30','Santiago de Tuna',_binary '',1,-11.985,-76.5275,762,54.25),(1429,'15','Lima','07','Huarochiri','31','Santo Domingo de los Olleros',_binary '',1,-12.2203,-76.5161,5026,552.32),(1430,'15','Lima','07','Huarochiri','32','Surco',_binary '',1,-11.885,-76.4425,1973,102.58),(1431,'15','Lima','08','Huaura','01','Huacho',_binary '',1,-11.1069,-77.61,60196,717.02),(1432,'15','Lima','08','Huaura','02','Ambar',_binary '',1,-10.7572,-77.2694,2761,929.68),(1433,'15','Lima','08','Huaura','03','Caleta de Carquin',_binary '',1,-11.0917,-77.6278,7055,2.04),(1434,'15','Lima','08','Huaura','04','Checras',_binary '',1,-10.935,-76.8336,1864,166.37),(1435,'15','Lima','08','Huaura','05','Hualmay',_binary '',1,-11.1014,-77.61,29448,5.81),(1436,'15','Lima','08','Huaura','06','Huaura',_binary '',1,-11.0692,-77.6003,36793,484.43),(1437,'15','Lima','08','Huaura','07','Leoncio Prado',_binary '',1,-11.0586,-76.9308,2004,300.13),(1438,'15','Lima','08','Huaura','08','Paccho',_binary '',1,-10.9567,-76.9336,2225,229.25),(1439,'15','Lima','08','Huaura','09','Santa Leonor',_binary '',1,-10.9483,-76.7447,1462,375.49),(1440,'15','Lima','08','Huaura','10','Santa Maria',_binary '',1,-11.0883,-77.5883,35132,127.51),(1441,'15','Lima','08','Huaura','11','Sayan',_binary '',1,-11.1364,-77.1917,24941,1310.77),(1442,'15','Lima','08','Huaura','12','Vegueta',_binary '',1,-11.0225,-77.6425,23091,253.7),(1443,'15','Lima','09','Oyon','01','Oyon',_binary '',1,-10.6692,-76.7728,15066,890.43),(1444,'15','Lima','09','Oyon','02','Andajes',_binary '',1,-10.7914,-76.91,1058,148.18),(1445,'15','Lima','09','Oyon','03','Caujul',_binary '',1,-10.8053,-76.9786,1076,105.5),(1446,'15','Lima','09','Oyon','04','Cochamarca',_binary '',1,-10.8617,-77.1278,1653,265.55),(1447,'15','Lima','09','Oyon','05','Navan',_binary '',1,-10.8353,-77.0122,1235,227.16),(1448,'15','Lima','09','Oyon','06','Pachangara',_binary '',1,-10.8125,-76.8744,3485,252.05),(1449,'15','Lima','10','Yauyos','01','Yauyos',_binary '',1,-12.46,-75.9217,2905,327.17),(1450,'15','Lima','10','Yauyos','02','Alis',_binary '',1,-12.2803,-75.7864,1233,142.06),(1451,'15','Lima','10','Yauyos','03','Ayauca',_binary '',1,-12.5922,-76.0367,2293,438.79),(1452,'15','Lima','10','Yauyos','04','Ayaviri',_binary '',1,-12.3825,-76.1389,675,238.83),(1453,'15','Lima','10','Yauyos','05','Azangaro',_binary '',1,-12.9994,-75.8367,519,79.84),(1454,'15','Lima','10','Yauyos','06','Cacra',_binary '',1,-12.8119,-75.7828,383,213.79),(1455,'15','Lima','10','Yauyos','07','Carania',_binary '',1,-12.3444,-75.8717,378,122.13),(1456,'15','Lima','10','Yauyos','08','Catahuasi',_binary '',1,-12.8003,-75.8911,943,123.86),(1457,'15','Lima','10','Yauyos','09','Chocos',_binary '',1,-12.9133,-75.8631,1236,213.37),(1458,'15','Lima','10','Yauyos','10','Cochas',_binary '',1,-12.2964,-76.1589,449,27.73),(1459,'15','Lima','10','Yauyos','11','Colonia',_binary '',1,-12.6319,-75.8906,1288,323.96),(1460,'15','Lima','10','Yauyos','12','Hongos',_binary '',1,-12.8108,-75.7647,388,103.8),(1461,'15','Lima','10','Yauyos','13','Huampara',_binary '',1,-12.3608,-76.1661,175,54.03),(1462,'15','Lima','10','Yauyos','14','Huancaya',_binary '',1,-12.2028,-75.7992,1424,283.6),(1463,'15','Lima','10','Yauyos','15','Huangascar',_binary '',1,-12.8997,-75.8311,549,50.46),(1464,'15','Lima','10','Yauyos','16','Huantan',_binary '',1,-12.4572,-75.8106,943,516.35),(1465,'15','Lima','10','Yauyos','17','Huañec',_binary '',1,-12.2939,-76.1386,485,37.54),(1466,'15','Lima','10','Yauyos','18','Laraos',_binary '',1,-12.3456,-75.7856,725,402.85),(1467,'15','Lima','10','Yauyos','19','Lincha',_binary '',1,-12.8,-75.6658,966,221.22),(1468,'15','Lima','10','Yauyos','20','Madean',_binary '',1,-12.945,-75.7775,804,220.72),(1469,'15','Lima','10','Yauyos','21','Miraflores',_binary '',1,-12.2747,-75.8536,447,226.24),(1470,'15','Lima','10','Yauyos','22','Omas',_binary '',1,-12.5172,-76.2903,562,295.35),(1471,'15','Lima','10','Yauyos','23','Putinza',_binary '',1,-12.6689,-75.9494,489,66.44),(1472,'15','Lima','10','Yauyos','24','Quinches',_binary '',1,-12.3075,-76.1422,961,113.33),(1473,'15','Lima','10','Yauyos','25','Quinocay',_binary '',1,-12.3642,-76.2264,530,153.13),(1474,'15','Lima','10','Yauyos','26','San Joaquin',_binary '',1,-12.2844,-76.1464,452,41.24),(1475,'15','Lima','10','Yauyos','27','San Pedro de Pilas',_binary '',1,-12.4544,-76.2267,364,97.39),(1476,'15','Lima','10','Yauyos','28','Tanta',_binary '',1,-12.1214,-76.0122,504,347.15),(1477,'15','Lima','10','Yauyos','29','Tauripampa',_binary '',1,-12.6156,-76.16,405,530.86),(1478,'15','Lima','10','Yauyos','30','Tomas',_binary '',1,-12.2372,-75.7461,1151,297.93),(1479,'15','Lima','10','Yauyos','31','Tupe',_binary '',1,-12.7403,-75.8089,648,321.15),(1480,'15','Lima','10','Yauyos','32','Viñac',_binary '',1,-12.9311,-75.7794,1906,165.23),(1481,'15','Lima','10','Yauyos','33','Vitis',_binary '',1,-12.2236,-75.8069,665,101.79),(1482,'16','Loreto','01','Maynas','01','Iquitos',_binary '',1,-3.7497,-73.2619,151072,358.15),(1483,'16','Loreto','01','Maynas','02','Alto Nanay',_binary '',1,-3.8869,-73.7003,3064,14290.8),(1484,'16','Loreto','01','Maynas','03','Fernando Lores',_binary '',1,-4.0064,-73.1525,20646,4476.19),(1485,'16','Loreto','01','Maynas','04','Indiana',_binary '',1,-3.4983,-73.0444,11273,3297.76),(1486,'16','Loreto','01','Maynas','05','Las Amazonas',_binary '',1,-3.4136,-72.7689,9926,6593.64),(1487,'16','Loreto','01','Maynas','06','Mazan',_binary '',1,-3.4978,-73.1142,14057,9884.28),(1488,'16','Loreto','01','Maynas','07','Napo',_binary '',1,-2.4936,-73.6806,16695,24049.9),(1489,'16','Loreto','01','Maynas','08','Punchana',_binary '',1,-3.7289,-73.2447,94201,1573.39),(1490,'16','Loreto','01','Maynas','10','Torres Causana',_binary '',1,-0.9642,-75.1814,5238,6795.14),(1491,'16','Loreto','01','Maynas','12','Belen',_binary '',1,-3.7644,-73.2444,77641,632.8),(1492,'16','Loreto','01','Maynas','13','San Juan Bautista',_binary '',1,-3.7742,-73.2864,161819,3117.05),(1493,'16','Loreto','02','Alto Amazonas','01','Yurimaguas',_binary '',1,-5.8944,-76.1094,74047,2187.67),(1494,'16','Loreto','02','Alto Amazonas','02','Balsapuerto',_binary '',1,-5.8314,-76.5597,18042,2954.17),(1495,'16','Loreto','02','Alto Amazonas','05','Jeberos',_binary '',1,-5.2939,-76.2836,5453,4253.68),(1496,'16','Loreto','02','Alto Amazonas','06','Lagunas',_binary '',1,-5.23,-75.6775,14584,5929.16),(1497,'16','Loreto','02','Alto Amazonas','10','Santa Cruz',_binary '',1,-5.5125,-75.8572,4535,2222.31),(1498,'16','Loreto','02','Alto Amazonas','11','Teniente Cesar Lopez Rojas',_binary '',1,-6.0272,-75.8742,6743,1292.03),(1499,'16','Loreto','03','Loreto','01','Nauta',_binary '',1,-4.4567,-73.5261,30631,6672.35),(1500,'16','Loreto','03','Loreto','02','Parinari',_binary '',1,-4.56,-74.4844,7331,12934.7),(1501,'16','Loreto','03','Loreto','03','Tigre',_binary '',1,-3.5503,-74.6903,8664,19785.7),(1502,'16','Loreto','03','Loreto','04','Trompeteros',_binary '',1,-3.8028,-75.0597,11196,12246),(1503,'16','Loreto','03','Loreto','05','Urarinas',_binary '',1,-4.5333,-74.7597,15270,15434.5),(1504,'16','Loreto','04','Mariscal Ramon Castilla','01','Ramon Castilla',_binary '',1,-3.9078,-70.5178,25020,7163.07),(1505,'16','Loreto','04','Mariscal Ramon Castilla','02','Pebas',_binary '',1,-3.3192,-71.8631,17653,11048.3),(1506,'16','Loreto','04','Mariscal Ramon Castilla','03','Yavari',_binary '',1,-4.3567,-70.0408,16315,13807.5),(1507,'16','Loreto','04','Mariscal Ramon Castilla','04','San Pablo',_binary '',1,-4.0164,-71.1022,16675,5045.58),(1508,'16','Loreto','05','Requena','01','Requena',_binary '',1,-5.0589,-73.8525,31004,3038.56),(1509,'16','Loreto','05','Requena','02','Alto Tapiche',_binary '',1,-6.0256,-74.0908,2139,9013.8),(1510,'16','Loreto','05','Requena','03','Capelo',_binary '',1,-5.4072,-74.1592,4564,842.37),(1511,'16','Loreto','05','Requena','04','Emilio San Martin',_binary '',1,-5.7936,-74.2864,7637,4572.56),(1512,'16','Loreto','05','Requena','05','Maquia',_binary '',1,-5.7892,-74.5503,8508,4792.06),(1513,'16','Loreto','05','Requena','06','Puinahua',_binary '',1,-5.2533,-74.3433,6170,6149.49),(1514,'16','Loreto','05','Requena','07','Saquena',_binary '',1,-4.7261,-73.5333,5025,2081.42),(1515,'16','Loreto','05','Requena','08','Soplin',_binary '',1,-6.005,-73.6911,707,4711.38),(1516,'16','Loreto','05','Requena','09','Tapiche',_binary '',1,-5.6644,-74.1886,1245,2014.23),(1517,'16','Loreto','05','Requena','10','Jenaro Herrera',_binary '',1,-4.9053,-73.6728,5754,1517.43),(1518,'16','Loreto','05','Requena','11','Yaquerana',_binary '',1,-5.1494,-72.8761,3090,10947.2),(1519,'16','Loreto','06','Ucayali','01','Contamana',_binary '',1,-7.325,-75.0414,28098,10675.1),(1520,'16','Loreto','06','Ucayali','02','Inahuaya',_binary '',1,-7.1164,-75.2667,2751,646.04),(1521,'16','Loreto','06','Ucayali','03','Padre Marquez',_binary '',1,-7.9444,-74.8403,7901,2475.66),(1522,'16','Loreto','06','Ucayali','04','Pampa Hermosa',_binary '',1,-7.195,-75.2969,11081,7346.98),(1523,'16','Loreto','06','Ucayali','05','Sarayacu',_binary '',1,-6.3958,-75.1178,16913,6303.17),(1524,'16','Loreto','06','Ucayali','06','Vargas Guerra',_binary '',1,-6.9094,-75.1594,9125,1846.49),(1525,'16','Loreto','07','Datem del Marañon','01','Barranca',_binary '',1,-4.8219,-76.5642,14043,7235.53),(1526,'16','Loreto','07','Datem del Marañon','02','Cahuapanas',_binary '',1,-5.2711,-76.9858,8639,4685.11),(1527,'16','Loreto','07','Datem del Marañon','03','Manseriche',_binary '',1,-4.565,-77.4183,10707,3493.77),(1528,'16','Loreto','07','Datem del Marañon','04','Morona',_binary '',1,-4.3247,-77.2147,13609,10777),(1529,'16','Loreto','07','Datem del Marañon','05','Pastaza',_binary '',1,-4.6442,-76.5981,6496,8908.91),(1530,'16','Loreto','07','Datem del Marañon','06','Andoas',_binary '',1,-3.475,-76.4344,12869,11540.7),(1531,'16','Loreto','08','Maynas','01','Putumayo',_binary '',1,-2.4497,-72.6556,4341,10886.4),(1532,'16','Loreto','08','Maynas','02','Rosa Panduro',_binary '',1,-1.7964,-73.4078,745,7038.69),(1533,'16','Loreto','08','Maynas','03','Teniente Manuel Clavero',_binary '',1,-0.3783,-74.6753,5926,9488.52),(1534,'16','Loreto','08','Maynas','04','Yaguas',_binary '',1,-2.4114,-71.1836,1252,17725),(1535,'17','Madre de Dios','01','Tambopata','01','Tambopata',_binary '',1,-12.5972,-69.1875,84207,22218.6),(1536,'17','Madre de Dios','01','Tambopata','02','Inambari',_binary '',1,-13.1,-70.3678,10818,4256.82),(1537,'17','Madre de Dios','01','Tambopata','03','Las Piedras',_binary '',1,-12.2781,-69.1536,6101,7032.21),(1538,'17','Madre de Dios','01','Tambopata','04','Laberinto',_binary '',1,-12.7172,-69.59,5329,2760.9),(1539,'17','Madre de Dios','02','Manu','01','Manu',_binary '',1,-12.8381,-71.3633,3321,8166.65),(1540,'17','Madre de Dios','02','Manu','02','Fitzcarrald',_binary '',1,-12.2678,-70.9336,1641,10955.3),(1541,'17','Madre de Dios','02','Manu','03','Madre de Dios',_binary '',1,-12.6181,-70.3936,13835,7234.81),(1542,'17','Madre de Dios','02','Manu','04','Huepetuhe',_binary '',1,-12.9975,-70.5336,6802,1478.42),(1543,'17','Madre de Dios','03','Tahuamanu','01','Iñapari',_binary '',1,-10.9544,-69.5814,1659,14853.7),(1544,'17','Madre de Dios','03','Tahuamanu','02','Iberia',_binary '',1,-11.4072,-69.4889,9486,2549.32),(1545,'17','Madre de Dios','03','Tahuamanu','03','Tahuamanu',_binary '',1,-11.455,-69.3214,3658,3793.9),(1546,'18','Moquegua','01','Mariscal Nieto','01','Moquegua',_binary '',1,-17.195,-70.9369,59387,3949.04),(1547,'18','Moquegua','01','Mariscal Nieto','02','Carumas',_binary '',1,-16.8106,-70.6953,5805,2256.31),(1548,'18','Moquegua','01','Mariscal Nieto','03','Cuchumbaya',_binary '',1,-16.7525,-70.6878,2228,67.58),(1549,'18','Moquegua','01','Mariscal Nieto','04','Samegua',_binary '',1,-17.1797,-70.9008,6581,62.55),(1550,'18','Moquegua','01','Mariscal Nieto','05','San Cristobal',_binary '',1,-16.7406,-70.6831,4190,542.73),(1551,'18','Moquegua','01','Mariscal Nieto','06','Torata',_binary '',1,-17.0767,-70.8442,5784,1793.37),(1552,'18','Moquegua','02','General Sanchez Cerr','01','Omate',_binary '',1,-16.6739,-70.9719,4661,250.64),(1553,'18','Moquegua','02','General Sanchez Cerr','02','Chojata',_binary '',1,-16.3894,-70.7286,2685,847.94),(1554,'18','Moquegua','02','General Sanchez Cerr','03','Coalaque',_binary '',1,-16.6486,-71.0239,1104,247.58),(1555,'18','Moquegua','02','General Sanchez Cerr','04','Ichuña',_binary '',1,-16.1411,-70.5392,5048,1017.74),(1556,'18','Moquegua','02','General Sanchez Cerr','05','La Capilla',_binary '',1,-16.7581,-71.1767,2326,776.04),(1557,'18','Moquegua','02','General Sanchez Cerr','06','Lloque',_binary '',1,-16.3239,-70.7381,2087,254.45),(1558,'18','Moquegua','02','General Sanchez Cerr','07','Matalaque',_binary '',1,-16.4819,-70.8278,1236,557.23),(1559,'18','Moquegua','02','General Sanchez Cerr','08','Puquina',_binary '',1,-16.6211,-71.1842,2469,550.99),(1560,'18','Moquegua','02','General Sanchez Cerr','09','Quinistaquillas',_binary '',1,-16.7486,-70.8808,1487,193.79),(1561,'18','Moquegua','02','General Sanchez Cerr','10','Ubinas',_binary '',1,-16.3856,-70.8581,3714,874.57),(1562,'18','Moquegua','02','General Sanchez Cerr','11','Yunga',_binary '',1,-16.1964,-70.6814,2514,110.74),(1563,'18','Moquegua','03','Ilo','01','Ilo',_binary '',1,-17.6444,-71.345,69079,295.51),(1564,'18','Moquegua','03','Ilo','02','El Algarrobal',_binary '',1,-17.6228,-71.2703,332,747),(1565,'18','Moquegua','03','Ilo','03','Pacocha',_binary '',1,-17.6161,-71.34,3319,338.08),(1566,'19','Pasco','01','Pasco','01','Chaupimarca',_binary '',1,-10.6828,-76.2556,25724,6.66),(1567,'19','Pasco','01','Pasco','02','Huachon',_binary '',1,-10.6378,-75.9522,4762,846.3),(1568,'19','Pasco','01','Pasco','03','Huariaca',_binary '',1,-10.4428,-76.1889,8278,133.07),(1569,'19','Pasco','01','Pasco','04','Huayllay',_binary '',1,-11.0044,-76.3681,11564,1026.87),(1570,'19','Pasco','01','Pasco','05','Ninacaca',_binary '',1,-10.8617,-76.1131,3297,508.92),(1571,'19','Pasco','01','Pasco','06','Pallanchacra',_binary '',1,-10.4147,-76.2356,5040,73.69),(1572,'19','Pasco','01','Pasco','07','Paucartambo',_binary '',1,-10.7731,-75.8128,25070,782.19),(1573,'19','Pasco','01','Pasco','08','San Francisco de Asis de Yarusyacan',_binary '',1,-10.4914,-76.1964,9518,117.7),(1574,'19','Pasco','01','Pasco','09','Simon Bolivar',_binary '',1,-10.6897,-76.3175,11404,697.15),(1575,'19','Pasco','01','Pasco','10','Ticlacayan',_binary '',1,-10.5344,-76.1625,14863,748.43),(1576,'19','Pasco','01','Pasco','11','Tinyahuarco',_binary '',1,-10.7689,-76.2733,6346,94.49),(1577,'19','Pasco','01','Pasco','12','Vicco',_binary '',1,-10.8414,-76.2375,2173,173.3),(1578,'19','Pasco','01','Pasco','13','Yanacancha',_binary '',1,-10.6689,-76.2556,30792,165.11),(1579,'19','Pasco','02','Daniel Alcides Carri','01','Yanahuanca',_binary '',1,-10.4925,-76.5169,12963,921.06),(1580,'19','Pasco','02','Daniel Alcides Carri','02','Chacayan',_binary '',1,-10.435,-76.4383,4439,198.58),(1581,'19','Pasco','02','Daniel Alcides Carri','03','Goyllarisquizga',_binary '',1,-10.4733,-76.4078,4234,23.17),(1582,'19','Pasco','02','Daniel Alcides Carri','04','Paucar',_binary '',1,-10.3697,-76.445,1721,134.18),(1583,'19','Pasco','02','Daniel Alcides Carri','05','San Pedro de Pillao',_binary '',1,-10.4392,-76.4972,1883,92.17),(1584,'19','Pasco','02','Daniel Alcides Carri','06','Santa Ana de Tusi',_binary '',1,-10.4719,-76.3547,23892,353.11),(1585,'19','Pasco','02','Daniel Alcides Carri','07','Tapuc',_binary '',1,-10.4558,-76.4617,4533,60.19),(1586,'19','Pasco','02','Daniel Alcides Carri','08','Vilcabamba',_binary '',1,-10.4789,-76.4492,1563,102.35),(1587,'19','Pasco','03','Oxapampa','01','Oxapampa',_binary '',1,-10.5728,-75.4039,14438,419.85),(1588,'19','Pasco','03','Oxapampa','02','Chontabamba',_binary '',1,-10.6044,-75.4633,3598,457.09),(1589,'19','Pasco','03','Oxapampa','03','Huancabamba',_binary '',1,-10.4261,-75.5131,6628,1182.15),(1590,'19','Pasco','03','Oxapampa','04','Palcazu',_binary '',1,-10.1878,-75.1458,11282,2912.16),(1591,'19','Pasco','03','Oxapampa','05','Pozuzo',_binary '',1,-10.0653,-75.5569,9818,750.87),(1592,'19','Pasco','03','Oxapampa','06','Puerto Bermudez',_binary '',1,-10.2964,-74.9358,18016,8014.31),(1593,'19','Pasco','03','Oxapampa','07','Villa Rica',_binary '',1,-10.7364,-75.2722,20633,859.23),(1594,'19','Pasco','03','Oxapampa','08','Constitución',_binary '',1,-9.8458,-74.9986,12105,3171.49),(1595,'20','Piura','01','Piura','01','Piura',_binary '',1,-5.1942,-80.6289,158034,196.15),(1596,'20','Piura','01','Piura','04','Castilla',_binary '',1,-5.2006,-80.6211,147546,656.69),(1597,'20','Piura','01','Piura','05','Catacaos',_binary '',1,-5.2697,-80.6764,74562,2286.97),(1598,'20','Piura','01','Piura','07','Cura Mori',_binary '',1,-5.325,-80.6656,19168,217.41),(1599,'20','Piura','01','Piura','08','El Tallan',_binary '',1,-5.4128,-80.68,5215,100.98),(1600,'20','Piura','01','Piura','09','La Arena',_binary '',1,-5.3464,-80.7108,38483,171.24),(1601,'20','Piura','01','Piura','10','La Union',_binary '',1,-5.4031,-80.7433,41736,320.9),(1602,'20','Piura','01','Piura','11','Las Lomas',_binary '',1,-4.6578,-80.2442,27290,557.69),(1603,'20','Piura','01','Piura','14','Tambo Grande',_binary '',1,-4.9331,-80.3414,123352,1496.75),(1604,'20','Piura','01','Piura','15','26 de Octubre',_binary '',1,-5.1847,-80.6703,151916,72.01),(1605,'20','Piura','02','Ayabaca','01','Ayabaca',_binary '',1,-4.6392,-79.7161,38963,1549.99),(1606,'20','Piura','02','Ayabaca','02','Frias',_binary '',1,-4.9342,-79.9431,24461,565.31),(1607,'20','Piura','02','Ayabaca','03','Jilili',_binary '',1,-4.5839,-79.7989,2768,104.73),(1608,'20','Piura','02','Ayabaca','04','Lagunas',_binary '',1,-4.79,-79.8456,7425,190.82),(1609,'20','Piura','02','Ayabaca','05','Montero',_binary '',1,-4.6303,-79.8275,6619,130.57),(1610,'20','Piura','02','Ayabaca','06','Pacaipampa',_binary '',1,-4.9953,-79.67,25060,981.5),(1611,'20','Piura','02','Ayabaca','07','Paimas',_binary '',1,-4.6269,-79.9453,10504,319.67),(1612,'20','Piura','02','Ayabaca','08','Sapillica',_binary '',1,-4.7786,-79.9831,12442,267.09),(1613,'20','Piura','02','Ayabaca','09','Sicchez',_binary '',1,-4.5703,-79.765,1829,33.1),(1614,'20','Piura','02','Ayabaca','10','Suyo',_binary '',1,-4.5139,-80.0031,12471,1078.61),(1615,'20','Piura','03','Huancabamba','01','Huancabamba',_binary '',1,-5.2394,-79.4508,30956,446.75),(1616,'20','Piura','03','Huancabamba','02','Canchaque',_binary '',1,-5.3758,-79.6097,8173,306.41),(1617,'20','Piura','03','Huancabamba','03','El Carmen de La Frontera',_binary '',1,-5.1481,-79.4347,14195,702.81),(1618,'20','Piura','03','Huancabamba','04','Huarmaca',_binary '',1,-5.5683,-79.5247,41688,1908.22),(1619,'20','Piura','03','Huancabamba','05','Lalaquiz',_binary '',1,-5.2128,-79.6783,4666,138.95),(1620,'20','Piura','03','Huancabamba','06','San Miguel de El Faique',_binary '',1,-5.4022,-79.6053,9067,201.6),(1621,'20','Piura','03','Huancabamba','07','Sondor',_binary '',1,-5.315,-79.4106,8679,336.53),(1622,'20','Piura','03','Huancabamba','08','Sondorillo',_binary '',1,-5.3394,-79.43,10910,226.09),(1623,'20','Piura','04','Morropon','01','Chulucanas',_binary '',1,-5.0969,-80.1642,76815,842.26),(1624,'20','Piura','04','Morropon','02','Buenos Aires',_binary '',1,-5.2678,-79.9708,8147,245.12),(1625,'20','Piura','04','Morropon','03','Chalaco',_binary '',1,-5.0417,-79.7958,9190,151.96),(1626,'20','Piura','04','Morropon','04','La Matanza',_binary '',1,-5.2114,-80.0906,12912,1043.61),(1627,'20','Piura','04','Morropon','05','Morropon',_binary '',1,-5.1861,-79.9717,14240,169.96),(1628,'20','Piura','04','Morropon','06','Salitral',_binary '',1,-5.3419,-79.8319,8470,614.03),(1629,'20','Piura','04','Morropon','07','San Juan de Bigote',_binary '',1,-5.3189,-79.7875,6747,245.21),(1630,'20','Piura','04','Morropon','08','Santa Catalina de Mossa',_binary '',1,-5.1031,-79.8872,4187,76.76),(1631,'20','Piura','04','Morropon','09','Santo Domingo',_binary '',1,-5.0292,-79.8756,7335,187.32),(1632,'20','Piura','04','Morropon','10','Yamango',_binary '',1,-5.1814,-79.7528,9715,216.91),(1633,'20','Piura','05','Paita','01','Paita',_binary '',1,-5.0883,-81.1164,96707,706.31),(1634,'20','Piura','05','Paita','02','Amotape',_binary '',1,-4.8822,-81.0178,2336,90.82),(1635,'20','Piura','05','Paita','03','Arenal',_binary '',1,-4.8842,-81.0269,1049,8.19),(1636,'20','Piura','05','Paita','04','Colan',_binary '',1,-4.9092,-81.0572,12625,124.93),(1637,'20','Piura','05','Paita','05','La Huaca',_binary '',1,-4.9117,-80.9608,11921,599.51),(1638,'20','Piura','05','Paita','06','Tamarindo',_binary '',1,-4.8792,-80.9739,4632,63.67),(1639,'20','Piura','05','Paita','07','Vichayal',_binary '',1,-4.8653,-81.0719,4901,134.36),(1640,'20','Piura','06','Sullana','01','Sullana',_binary '',1,-4.9044,-80.7047,180896,529.73),(1641,'20','Piura','06','Sullana','02','Bellavista',_binary '',1,-4.8908,-80.6808,38621,3.09),(1642,'20','Piura','06','Sullana','03','Ignacio Escudero',_binary '',1,-4.8458,-80.8747,20502,306.53),(1643,'20','Piura','06','Sullana','04','Lancones',_binary '',1,-4.5767,-80.4778,13525,2152.99),(1644,'20','Piura','06','Sullana','05','Marcavelica',_binary '',1,-4.8814,-80.7061,29411,1687.98),(1645,'20','Piura','06','Sullana','06','Miguel Checa',_binary '',1,-4.9025,-80.8169,8861,480.26),(1646,'20','Piura','06','Sullana','07','Querecotillo',_binary '',1,-4.84,-80.6519,25675,270.08),(1647,'20','Piura','06','Sullana','08','Salitral',_binary '',1,-4.8583,-80.6794,6834,28.27),(1648,'20','Piura','07','Talara','01','Pariñas',_binary '',1,-4.5811,-81.2747,91278,1116.99),(1649,'20','Piura','07','Talara','02','El Alto',_binary '',1,-4.2697,-81.2239,7114,491.33),(1650,'20','Piura','07','Talara','03','La Brea',_binary '',1,-4.6564,-81.3069,11926,692.96),(1651,'20','Piura','07','Talara','04','Lobitos',_binary '',1,-4.4531,-81.2783,1685,233.01),(1652,'20','Piura','07','Talara','05','Los Organos',_binary '',1,-4.1789,-81.1322,9510,165.01),(1653,'20','Piura','07','Talara','06','Mancora',_binary '',1,-4.1083,-81.0556,13045,100.19),(1654,'20','Piura','08','Sechura','01','Sechura',_binary '',1,-5.5567,-80.8217,44407,5710.85),(1655,'20','Piura','08','Sechura','02','Bellavista de La Union',_binary '',1,-5.4394,-80.7547,4498,13.88),(1656,'20','Piura','08','Sechura','03','Bernal',_binary '',1,-5.4608,-80.7422,7477,71.74),(1657,'20','Piura','08','Sechura','04','Cristo Nos Valga',_binary '',1,-5.4939,-80.7414,4067,234.37),(1658,'20','Piura','08','Sechura','05','Vice',_binary '',1,-5.4231,-80.7767,14475,261.01),(1659,'20','Piura','08','Sechura','06','Rinconada Llicuar',_binary '',1,-5.4572,-80.7614,3298,19.44),(1660,'21','Puno','01','Puno','01','Puno',_binary '',1,-15.8406,-70.0278,146095,460.63),(1661,'21','Puno','01','Puno','02','Acora',_binary '',1,-15.9736,-69.7978,28363,1941.09),(1662,'21','Puno','01','Puno','03','Amantani',_binary '',1,-15.6572,-69.7194,4538,15),(1663,'21','Puno','01','Puno','04','Atuncolla',_binary '',1,-15.6878,-70.1436,5778,124.74),(1664,'21','Puno','01','Puno','05','Capachica',_binary '',1,-15.6431,-69.8303,11436,117.06),(1665,'21','Puno','01','Puno','06','Chucuito',_binary '',1,-15.8947,-69.8922,6807,121.18),(1666,'21','Puno','01','Puno','07','Coata',_binary '',1,-15.5711,-69.9503,8265,104),(1667,'21','Puno','01','Puno','08','Huata',_binary '',1,-15.6144,-69.9722,10988,130.37),(1668,'21','Puno','01','Puno','09','Mañazo',_binary '',1,-15.7992,-70.3458,5400,410.67),(1669,'21','Puno','01','Puno','10','Paucarcolla',_binary '',1,-15.7461,-70.0556,5254,170.04),(1670,'21','Puno','01','Puno','11','Pichacani',_binary '',1,-16.1508,-70.0642,5298,1633.48),(1671,'21','Puno','01','Puno','12','Plateria',_binary '',1,-15.9475,-69.8356,7674,238.59),(1672,'21','Puno','01','Puno','13','San Antonio',_binary '',1,-16.1414,-70.3458,4025,376.75),(1673,'21','Puno','01','Puno','14','Tiquillaca',_binary '',1,-15.7978,-70.1872,1725,455.71),(1674,'21','Puno','01','Puno','15','Vilque',_binary '',1,-15.7661,-70.2594,3163,193.29),(1675,'21','Puno','02','Azangaro','01','Azangaro',_binary '',1,-14.9083,-70.1969,28809,706.13),(1676,'21','Puno','02','Azangaro','02','Achaya',_binary '',1,-15.2847,-70.1608,4619,132.23),(1677,'21','Puno','02','Azangaro','03','Arapa',_binary '',1,-15.1411,-70.1117,7707,329.85),(1678,'21','Puno','02','Azangaro','04','Asillo',_binary '',1,-14.7864,-70.3544,17767,392.38),(1679,'21','Puno','02','Azangaro','05','Caminaca',_binary '',1,-15.3239,-70.0747,3543,146.88),(1680,'21','Puno','02','Azangaro','06','Chupa',_binary '',1,-15.1069,-69.9861,13200,143.21),(1681,'21','Puno','02','Azangaro','07','Jose Domingo Choquehuanca',_binary '',1,-15.0336,-70.3381,5595,69.73),(1682,'21','Puno','02','Azangaro','08','Muñani',_binary '',1,-14.7689,-69.9528,8367,764.49),(1683,'21','Puno','02','Azangaro','09','Potoni',_binary '',1,-14.3944,-70.1136,6586,602.95),(1684,'21','Puno','02','Azangaro','10','Saman',_binary '',1,-15.2917,-70.0169,14541,188.59),(1685,'21','Puno','02','Azangaro','11','San Anton',_binary '',1,-14.5922,-70.3125,10186,514.84),(1686,'21','Puno','02','Azangaro','12','San Jose',_binary '',1,-14.6817,-70.1606,5838,372.73),(1687,'21','Puno','02','Azangaro','13','San Juan de Salinas',_binary '',1,-14.9911,-70.1056,4430,106),(1688,'21','Puno','02','Azangaro','14','Santiago de Pupuja',_binary '',1,-15.0547,-70.2792,5400,301.27),(1689,'21','Puno','02','Azangaro','15','Tirapata',_binary '',1,-14.9544,-70.4028,3141,198.73),(1690,'21','Puno','03','Carabaya','01','Macusani',_binary '',1,-14.0686,-70.4308,13291,1029.56),(1691,'21','Puno','03','Carabaya','02','Ajoyani',_binary '',1,-14.2294,-70.2264,2140,413.11),(1692,'21','Puno','03','Carabaya','03','Ayapata',_binary '',1,-13.7781,-70.325,12540,1091.61),(1693,'21','Puno','03','Carabaya','04','Coasa',_binary '',1,-13.9853,-70.0197,16619,3572.92),(1694,'21','Puno','03','Carabaya','05','Corani',_binary '',1,-13.8686,-70.6042,4035,852.99),(1695,'21','Puno','03','Carabaya','06','Crucero',_binary '',1,-14.3619,-70.025,9497,836.37),(1696,'21','Puno','03','Carabaya','07','Ituata',_binary '',1,-13.8761,-70.2178,6501,1200.79),(1697,'21','Puno','03','Carabaya','08','Ollachea',_binary '',1,-13.7944,-70.4756,5765,595.79),(1698,'21','Puno','03','Carabaya','09','San Gaban',_binary '',1,-13.4333,-70.3889,4199,2029.22),(1699,'21','Puno','03','Carabaya','10','Usicayos',_binary '',1,-14.1256,-69.9672,24668,644.04),(1700,'21','Puno','04','Chucuito','01','Juli',_binary '',1,-16.215,-69.4619,21619,720.38),(1701,'21','Puno','04','Chucuito','02','Desaguadero',_binary '',1,-16.5653,-69.0433,32339,178.21),(1702,'21','Puno','04','Chucuito','03','Huacullani',_binary '',1,-16.6292,-69.325,23781,705.28),(1703,'21','Puno','04','Chucuito','04','Kelluyo',_binary '',1,-16.7208,-69.2492,26051,485.77),(1704,'21','Puno','04','Chucuito','05','Pisacoma',_binary '',1,-16.9092,-69.3736,13871,959.34),(1705,'21','Puno','04','Chucuito','06','Pomata',_binary '',1,-16.2728,-69.2933,16206,382.58),(1706,'21','Puno','04','Chucuito','07','Zepita',_binary '',1,-16.4964,-69.105,19161,546.57),(1707,'21','Puno','05','El Collao','01','Ilave',_binary '',1,-16.0867,-69.6386,59120,874.57),(1708,'21','Puno','05','El Collao','02','Capazo',_binary '',1,-17.1828,-69.7439,2351,1039.25),(1709,'21','Puno','05','El Collao','03','Pilcuyo',_binary '',1,-16.11,-69.5547,13172,157),(1710,'21','Puno','05','El Collao','04','Santa Rosa',_binary '',1,-16.7414,-69.7175,7989,2524.02),(1711,'21','Puno','05','El Collao','05','Conduriri',_binary '',1,-16.6156,-69.7025,4496,1005.67),(1712,'21','Puno','06','Huancane','01','Huancane',_binary '',1,-15.2017,-69.7614,18727,381.62),(1713,'21','Puno','06','Huancane','02','Cojata',_binary '',1,-15.0161,-69.3647,4501,881.18),(1714,'21','Puno','06','Huancane','03','Huatasani',_binary '',1,-15.0589,-69.8042,5634,106.73),(1715,'21','Puno','06','Huancane','04','Inchupalla',_binary '',1,-15.0089,-69.6822,3422,289.03),(1716,'21','Puno','06','Huancane','05','Pusi',_binary '',1,-15.4419,-69.9294,6515,148.42),(1717,'21','Puno','06','Huancane','06','Rosaspata',_binary '',1,-15.2347,-69.5303,5326,301.47),(1718,'21','Puno','06','Huancane','07','Taraco',_binary '',1,-15.2978,-69.9792,14483,198.02),(1719,'21','Puno','06','Huancane','08','Vilque Chico',_binary '',1,-15.2144,-69.6886,8480,499.38),(1720,'21','Puno','07','Lampa','01','Lampa',_binary '',1,-15.3636,-70.3653,10351,675.82),(1721,'21','Puno','07','Lampa','02','Cabanilla',_binary '',1,-15.6194,-70.3489,5383,443.04),(1722,'21','Puno','07','Lampa','03','Calapuja',_binary '',1,-15.31,-70.2217,1506,141.3),(1723,'21','Puno','07','Lampa','04','Nicasio',_binary '',1,-15.2361,-70.2622,2710,134.35),(1724,'21','Puno','07','Lampa','05','Ocuviri',_binary '',1,-15.1128,-70.9117,3246,878.26),(1725,'21','Puno','07','Lampa','06','Palca',_binary '',1,-15.235,-70.5992,2871,483.96),(1726,'21','Puno','07','Lampa','07','Paratia',_binary '',1,-15.4539,-70.6008,9675,745.08),(1727,'21','Puno','07','Lampa','08','Pucara',_binary '',1,-15.0419,-70.3689,5201,537.6),(1728,'21','Puno','07','Lampa','09','Santa Lucia',_binary '',1,-15.6986,-70.6061,7620,1595.67),(1729,'21','Puno','07','Lampa','10','Vilavila',_binary '',1,-15.1883,-70.6606,4449,156.65),(1730,'21','Puno','08','Melgar','01','Ayaviri',_binary '',1,-14.8811,-70.5897,22568,1013.14),(1731,'21','Puno','08','Melgar','02','Antauta',_binary '',1,-14.3,-70.295,4447,636.17),(1732,'21','Puno','08','Melgar','03','Cupi',_binary '',1,-14.9058,-70.8683,3519,214.25),(1733,'21','Puno','08','Melgar','04','Llalli',_binary '',1,-14.9339,-70.8792,5003,216.36),(1734,'21','Puno','08','Melgar','05','Macari',_binary '',1,-14.7706,-70.9033,8772,673.78),(1735,'21','Puno','08','Melgar','06','Nuñoa',_binary '',1,-14.4767,-70.6372,11106,2200.16),(1736,'21','Puno','08','Melgar','07','Orurillo',_binary '',1,-14.7261,-70.5133,11009,379.05),(1737,'21','Puno','08','Melgar','08','Santa Rosa',_binary '',1,-14.6072,-70.7872,7526,790.38),(1738,'21','Puno','08','Melgar','09','Umachiri',_binary '',1,-14.8497,-70.7494,4504,323.56),(1739,'21','Puno','09','Moho','01','Moho',_binary '',1,-15.36,-69.5,16058,494.36),(1740,'21','Puno','09','Moho','02','Conima',_binary '',1,-15.4572,-69.4375,3064,72.95),(1741,'21','Puno','09','Moho','03','Huayrapata',_binary '',1,-15.3211,-69.3494,4282,388.35),(1742,'21','Puno','09','Moho','04','Tilali',_binary '',1,-15.5192,-69.3456,2769,48.15),(1743,'21','Puno','10','San Antonio de Putin','01','Putina',_binary '',1,-14.9003,-69.8619,27607,1021.92),(1744,'21','Puno','10','San Antonio de Putin','02','Ananea',_binary '',1,-14.6786,-69.5333,33728,939.56),(1745,'21','Puno','10','San Antonio de Putin','03','Pedro Vilca Apaza',_binary '',1,-15.0592,-69.8897,3054,565.81),(1746,'21','Puno','10','San Antonio de Putin','04','Quilcapuncu',_binary '',1,-14.8964,-69.7344,5929,516.66),(1747,'21','Puno','10','San Antonio de Putin','05','Sina',_binary '',1,-14.49,-69.2817,1761,163.43),(1748,'21','Puno','11','San Roman','01','Juliaca',_binary '',1,-15.4939,-70.1356,235221,533.5),(1749,'21','Puno','11','San Roman','02','Cabana',_binary '',1,-15.65,-70.3211,4224,191.23),(1750,'21','Puno','11','San Roman','03','Cabanillas',_binary '',1,-15.6425,-70.3503,5459,1267.06),(1751,'21','Puno','11','San Roman','04','Caracoto',_binary '',1,-15.5683,-70.1022,5608,285.87),(1752,'21','Puno','11','San Roman','05','San Miguel',_binary '',1,-15.4097,-70.0958,54060,121.8),(1753,'21','Puno','12','Sandia','01','Sandia',_binary '',1,-14.3231,-69.4667,12478,580.13),(1754,'21','Puno','12','Sandia','02','Cuyocuyo',_binary '',1,-14.4717,-69.54,4768,503.91),(1755,'21','Puno','12','Sandia','03','Limbani',_binary '',1,-14.1458,-69.6897,4422,2112.34),(1756,'21','Puno','12','Sandia','04','Patambuco',_binary '',1,-14.3594,-69.6222,3967,462.72),(1757,'21','Puno','12','Sandia','05','Phara',_binary '',1,-14.1511,-69.6642,4905,400.9),(1758,'21','Puno','12','Sandia','06','Quiaca',_binary '',1,-14.4253,-69.3417,2413,447.9),(1759,'21','Puno','12','Sandia','07','San Juan del Oro',_binary '',1,-14.2211,-69.1528,14201,197.14),(1760,'21','Puno','12','Sandia','08','Yanahuaya',_binary '',1,-14.2822,-69.1844,2244,670.61),(1761,'21','Puno','12','Sandia','09','Alto Inambari',_binary '',1,-14.0897,-69.2442,9765,1124.88),(1762,'21','Puno','12','Sandia','10','San Pedro de Putina Punco',_binary '',1,-14.1119,-69.0467,14560,5361.88),(1763,'21','Puno','13','Yunguyo','01','Yunguyo',_binary '',1,-16.2469,-69.095,27385,170.59),(1764,'21','Puno','13','Yunguyo','02','Anapia',_binary '',1,-16.3133,-68.8539,3376,9.54),(1765,'21','Puno','13','Yunguyo','03','Copani',_binary '',1,-16.3989,-69.0439,5040,47.37),(1766,'21','Puno','13','Yunguyo','04','Cuturapi',_binary '',1,-16.2706,-69.1781,1245,21.74),(1767,'21','Puno','13','Yunguyo','05','Ollaraya',_binary '',1,-16.2308,-68.9981,5376,23.67),(1768,'21','Puno','13','Yunguyo','06','Tinicachi',_binary '',1,-16.1967,-68.9603,1629,6.2),(1769,'21','Puno','13','Yunguyo','07','Unicachi',_binary '',1,-16.2239,-68.9761,3889,11.1),(1770,'22','San Martin','01','Moyobamba','01','Moyobamba',_binary '',1,-6.0283,-76.9719,87833,2737.57),(1771,'22','San Martin','01','Moyobamba','02','Calzada',_binary '',1,-6.0319,-77.0675,4435,95.38),(1772,'22','San Martin','01','Moyobamba','03','Habana',_binary '',1,-6.0808,-77.0928,2078,91.25),(1773,'22','San Martin','01','Moyobamba','04','Jepelacio',_binary '',1,-6.1081,-76.9161,22049,360.03),(1774,'22','San Martin','01','Moyobamba','05','Soritor',_binary '',1,-6.1408,-77.105,35837,387.76),(1775,'22','San Martin','01','Moyobamba','06','Yantalo',_binary '',1,-5.9747,-77.0225,3536,100.32),(1776,'22','San Martin','02','Bellavista','01','Bellavista',_binary '',1,-7.0653,-76.5883,13643,287.12),(1777,'22','San Martin','02','Bellavista','02','Alto Biavo',_binary '',1,-7.2936,-76.4544,7368,6117.12),(1778,'22','San Martin','02','Bellavista','03','Bajo Biavo',_binary '',1,-7.1011,-76.4867,20617,975.43),(1779,'22','San Martin','02','Bellavista','04','Huallaga',_binary '',1,-7.1292,-76.6489,3118,210.42),(1780,'22','San Martin','02','Bellavista','05','San Pablo',_binary '',1,-6.8081,-76.5731,9128,362.49),(1781,'22','San Martin','02','Bellavista','06','San Rafael',_binary '',1,-7.0308,-76.4764,7706,98.32),(1782,'22','San Martin','03','El Dorado','01','San Jose de Sisa',_binary '',1,-6.6136,-76.6931,11954,299.9),(1783,'22','San Martin','03','El Dorado','02','Agua Blanca',_binary '',1,-6.7289,-76.6975,2385,168.19),(1784,'22','San Martin','03','El Dorado','03','San Martin',_binary '',1,-6.5147,-76.7425,13834,562.57),(1785,'22','San Martin','03','El Dorado','04','Santa Rosa',_binary '',1,-6.7456,-76.6264,10704,243.41),(1786,'22','San Martin','03','El Dorado','05','Shatoja',_binary '',1,-6.5283,-76.7211,3281,24.07),(1787,'22','San Martin','04','Huallaga','01','Saposoa',_binary '',1,-6.9339,-76.7733,11436,545.43),(1788,'22','San Martin','04','Huallaga','02','Alto Saposoa',_binary '',1,-6.7658,-76.8139,3296,1347.34),(1789,'22','San Martin','04','Huallaga','03','El Eslabon',_binary '',1,-7.0031,-76.7436,3965,122.77),(1790,'22','San Martin','04','Huallaga','04','Piscoyacu',_binary '',1,-6.9831,-76.7647,3958,184.87),(1791,'22','San Martin','04','Huallaga','05','Sacanche',_binary '',1,-7.07,-76.7136,2602,143.15),(1792,'22','San Martin','04','Huallaga','06','Tingo de Saposoa',_binary '',1,-7.0936,-76.6417,661,37.29),(1793,'22','San Martin','05','Lamas','01','Lamas',_binary '',1,-6.4217,-76.5211,12528,79.82),(1794,'22','San Martin','05','Lamas','02','Alonso de Alvarado',_binary '',1,-6.35,-76.77,19886,294.2),(1795,'22','San Martin','05','Lamas','03','Barranquita',_binary '',1,-6.2517,-76.0331,5140,1065.12),(1796,'22','San Martin','05','Lamas','04','Caynarachi',_binary '',1,-6.3306,-76.2836,8040,1678.69),(1797,'22','San Martin','05','Lamas','05','Cuñumbuqui',_binary '',1,-6.5089,-76.4803,4815,191.46),(1798,'22','San Martin','05','Lamas','06','Pinto Recodo',_binary '',1,-6.3794,-76.6033,11115,524.07),(1799,'22','San Martin','05','Lamas','07','Rumisapa',_binary '',1,-6.4486,-76.4722,2514,39.19),(1800,'22','San Martin','05','Lamas','08','San Roque de Cumbaza',_binary '',1,-6.3864,-76.4419,1466,525.15),(1801,'22','San Martin','05','Lamas','09','Shanao',_binary '',1,-6.41,-76.5939,3659,24.59),(1802,'22','San Martin','05','Lamas','10','Tabalosos',_binary '',1,-6.3856,-76.6333,13492,485.25),(1803,'22','San Martin','05','Lamas','11','Zapatero',_binary '',1,-6.5308,-76.4911,4823,175),(1804,'22','San Martin','06','Mariscal Caceres','01','Juanjui',_binary '',1,-7.1819,-76.7317,26662,335.19),(1805,'22','San Martin','06','Mariscal Caceres','02','Campanilla',_binary '',1,-7.4814,-76.6528,7672,2249.83),(1806,'22','San Martin','06','Mariscal Caceres','03','Huicungo',_binary '',1,-7.3272,-76.7783,6630,9830.17),(1807,'22','San Martin','06','Mariscal Caceres','04','Pachiza',_binary '',1,-7.2975,-76.7739,4205,1839.51),(1808,'22','San Martin','06','Mariscal Caceres','05','Pajarillo',_binary '',1,-7.1789,-76.6881,6192,244.03),(1809,'22','San Martin','07','Picota','01','Picota',_binary '',1,-6.9194,-76.3317,8314,218.72),(1810,'22','San Martin','07','Picota','02','Buenos Aires',_binary '',1,-6.7939,-76.3269,3287,272.97),(1811,'22','San Martin','07','Picota','03','Caspisapa',_binary '',1,-6.9589,-76.4189,2130,81.44),(1812,'22','San Martin','07','Picota','04','Pilluana',_binary '',1,-6.7781,-76.2931,683,239.27),(1813,'22','San Martin','07','Picota','05','Pucacaca',_binary '',1,-6.8506,-76.3417,2431,230.72),(1814,'22','San Martin','07','Picota','06','San Cristobal',_binary '',1,-6.9925,-76.4186,1427,29.63),(1815,'22','San Martin','07','Picota','07','San Hilarion',_binary '',1,-7.0022,-76.4428,5756,96.55),(1816,'22','San Martin','07','Picota','08','Shamboyacu',_binary '',1,-7.0425,-76.1119,12188,415.58),(1817,'22','San Martin','07','Picota','09','Tingo de Ponasa',_binary '',1,-6.9356,-76.2511,4889,340.01),(1818,'22','San Martin','07','Picota','10','Tres Unidos',_binary '',1,-6.8064,-76.2311,5349,246.52),(1819,'22','San Martin','08','Rioja','01','Rioja',_binary '',1,-6.0589,-77.1669,24222,185.69),(1820,'22','San Martin','08','Rioja','02','Awajun',_binary '',1,-5.8139,-77.3822,12342,481.08),(1821,'22','San Martin','08','Rioja','03','Elias Soplin Vargas',_binary '',1,-5.9908,-77.2781,13897,199.64),(1822,'22','San Martin','08','Rioja','04','Nueva Cajamarca',_binary '',1,-5.94,-77.3083,47637,330.31),(1823,'22','San Martin','08','Rioja','05','Pardo Miguel',_binary '',1,-5.7381,-77.5025,23572,1131.87),(1824,'22','San Martin','08','Rioja','06','Posic',_binary '',1,-6.0139,-77.1636,1706,54.65),(1825,'22','San Martin','08','Rioja','07','San Fernando',_binary '',1,-5.9019,-77.27,3360,63.53),(1826,'22','San Martin','08','Rioja','08','Yorongos',_binary '',1,-6.1356,-77.1447,3741,74.53),(1827,'22','San Martin','08','Rioja','09','Yuracyacu',_binary '',1,-5.9278,-77.2269,3914,13.74),(1828,'22','San Martin','09','San Martin','01','Tarapoto',_binary '',1,-6.4969,-76.3664,75656,67.81),(1829,'22','San Martin','09','San Martin','02','Alberto Leveau',_binary '',1,-6.6633,-76.2878,645,268.4),(1830,'22','San Martin','09','San Martin','03','Cacatachi',_binary '',1,-6.4619,-76.4514,3466,75.36),(1831,'22','San Martin','09','San Martin','04','Chazuta',_binary '',1,-6.5739,-76.0931,8206,966.38),(1832,'22','San Martin','09','San Martin','05','Chipurana',_binary '',1,-6.3539,-75.7411,1818,500.44),(1833,'22','San Martin','09','San Martin','06','El Porvenir',_binary '',1,-6.215,-75.7867,2841,483.21),(1834,'22','San Martin','09','San Martin','07','Huimbayoc',_binary '',1,-6.4167,-75.7658,3262,1609.07),(1835,'22','San Martin','09','San Martin','08','Juan Guerra',_binary '',1,-6.5833,-76.3336,3167,196.5),(1836,'22','San Martin','09','San Martin','09','La Banda de Shilcayo',_binary '',1,-6.5033,-76.3514,43596,286.68),(1837,'22','San Martin','09','San Martin','10','Morales',_binary '',1,-6.4797,-76.3828,30844,43.91),(1838,'22','San Martin','09','San Martin','11','Papaplaya',_binary '',1,-6.245,-75.7903,1975,686.19),(1839,'22','San Martin','09','San Martin','12','San Antonio',_binary '',1,-6.42,-76.4044,1345,93.03),(1840,'22','San Martin','09','San Martin','13','Sauce',_binary '',1,-6.6914,-76.2183,16808,103),(1841,'22','San Martin','09','San Martin','14','Shapaja',_binary '',1,-6.58,-76.2653,1472,270.44),(1842,'22','San Martin','10','Tocache','01','Tocache',_binary '',1,-8.1883,-76.5153,25393,1142.04),(1843,'22','San Martin','10','Tocache','02','Nuevo Progreso',_binary '',1,-8.45,-76.3253,12370,860.98),(1844,'22','San Martin','10','Tocache','03','Polvora',_binary '',1,-7.9075,-76.6706,14439,2174.48),(1845,'22','San Martin','10','Tocache','04','Shunte',_binary '',1,-8.35,-76.7231,983,964.21),(1846,'22','San Martin','10','Tocache','05','Uchiza',_binary '',1,-8.4558,-76.46,20197,723.73),(1847,'23','Tacna','01','Tacna','01','Tacna',_binary '',1,-18.01,-70.2478,80845,1877.78),(1848,'23','Tacna','01','Tacna','02','Alto de La Alianza',_binary '',1,-17.9908,-70.2475,40652,371.4),(1849,'23','Tacna','01','Tacna','03','Calana',_binary '',1,-17.9406,-70.1825,3338,108.38),(1850,'23','Tacna','01','Tacna','04','Ciudad Nueva',_binary '',1,-17.985,-70.2378,39060,173.42),(1851,'23','Tacna','01','Tacna','05','Inclan',_binary '',1,-17.795,-70.4919,8125,1414.82),(1852,'23','Tacna','01','Tacna','06','Pachia',_binary '',1,-17.8972,-70.1528,1971,603.68),(1853,'23','Tacna','01','Tacna','07','Palca',_binary '',1,-17.7733,-69.9583,1728,1417.86),(1854,'23','Tacna','01','Tacna','08','Pocollay',_binary '',1,-17.9964,-70.2197,22319,265.65),(1855,'23','Tacna','01','Tacna','09','Sama',_binary '',1,-17.8586,-70.5731,2679,1115.98),(1856,'23','Tacna','01','Tacna','10','Coronel Gregorio Albarracin Lanchipa',_binary '',1,-18.0408,-70.2542,123662,187.74),(1857,'23','Tacna','01','Tacna','11','La Yarada-Los Palos',_binary '',1,-18.2292,-70.4769,5043,529.4),(1858,'23','Tacna','02','Candarave','01','Candarave',_binary '',1,-17.2669,-70.2497,3008,1111.03),(1859,'23','Tacna','02','Candarave','02','Cairani',_binary '',1,-17.2861,-70.3628,1299,371.17),(1860,'23','Tacna','02','Candarave','03','Camilaca',_binary '',1,-17.2669,-70.3833,1468,518.65),(1861,'23','Tacna','02','Candarave','04','Curibaya',_binary '',1,-17.3822,-70.3353,174,126.98),(1862,'23','Tacna','02','Candarave','05','Huanuara',_binary '',1,-17.3133,-70.3217,909,95.61),(1863,'23','Tacna','02','Candarave','06','Quilahuani',_binary '',1,-17.3175,-70.2583,1229,37.66),(1864,'23','Tacna','03','Jorge Basadre','01','Locumba',_binary '',1,-17.6133,-70.7611,2641,968.99),(1865,'23','Tacna','03','Jorge Basadre','02','Ilabaya',_binary '',1,-17.4214,-70.5122,2806,1111.39),(1866,'23','Tacna','03','Jorge Basadre','03','Ite',_binary '',1,-17.8617,-70.965,3415,848.18),(1867,'23','Tacna','04','Tarata','01','Tarata',_binary '',1,-17.4772,-70.0306,3233,864.31),(1868,'23','Tacna','04','Tarata','02','Heroes Albarracin',_binary '',1,-17.4817,-70.1211,676,372.41),(1869,'23','Tacna','04','Tarata','03','Estique',_binary '',1,-17.5428,-70.0206,741,312.85),(1870,'23','Tacna','04','Tarata','04','Estique-Pampa',_binary '',1,-17.5372,-70.0344,703,185.61),(1871,'23','Tacna','04','Tarata','05','Sitajara',_binary '',1,-17.3747,-70.1342,728,251.24),(1872,'23','Tacna','04','Tarata','06','Susapaya',_binary '',1,-17.3528,-70.1311,746,373.21),(1873,'23','Tacna','04','Tarata','07','Tarucachi',_binary '',1,-17.5253,-70.0292,412,113.27),(1874,'23','Tacna','04','Tarata','08','Ticaco',_binary '',1,-17.4506,-70.0456,547,347.06),(1875,'24','Tumbes','01','Tumbes','01','Tumbes',_binary '',1,-3.5647,-80.4536,115562,158.14),(1876,'24','Tumbes','01','Tumbes','02','Corrales',_binary '',1,-3.6022,-80.4797,24561,131.6),(1877,'24','Tumbes','01','Tumbes','03','La Cruz',_binary '',1,-3.6378,-80.5925,9444,65.23),(1878,'24','Tumbes','01','Tumbes','04','Pampas de Hospital',_binary '',1,-3.6956,-80.4358,7239,727.75),(1879,'24','Tumbes','01','Tumbes','05','San Jacinto',_binary '',1,-3.6431,-80.4511,8704,598.72),(1880,'24','Tumbes','01','Tumbes','06','San Juan de La Virgen',_binary '',1,-3.6275,-80.4336,4160,118.71),(1881,'24','Tumbes','02','Contralmirante Villa','01','Zorritos',_binary '',1,-3.6806,-80.6783,12785,644.52),(1882,'24','Tumbes','02','Contralmirante Villa','02','Casitas',_binary '',1,-3.9406,-80.6519,2088,855.36),(1883,'24','Tumbes','02','Contralmirante Villa','03','Canoas de Punta Sal',_binary '',1,-3.9467,-80.9428,5700,623.34),(1884,'24','Tumbes','03','Zarumilla','01','Zarumilla',_binary '',1,-3.5011,-80.275,23148,113.25),(1885,'24','Tumbes','03','Zarumilla','02','Aguas Verdes',_binary '',1,-3.4814,-80.2461,24781,46.06),(1886,'24','Tumbes','03','Zarumilla','03','Matapalo',_binary '',1,-3.6839,-80.1997,2529,392.29),(1887,'24','Tumbes','03','Zarumilla','04','Papayal',_binary '',1,-3.5736,-80.2333,5348,193.53),(1888,'25','Ucayali','01','Coronel Portillo','01','Calleria',_binary '',1,-8.3828,-74.5322,159364,10485.4),(1889,'25','Ucayali','01','Coronel Portillo','02','Campoverde',_binary '',1,-8.4761,-74.8072,16324,1194.1),(1890,'25','Ucayali','01','Coronel Portillo','03','Iparia',_binary '',1,-9.3064,-74.4378,12193,8029.12),(1891,'25','Ucayali','01','Coronel Portillo','04','Masisea',_binary '',1,-8.6025,-74.3097,13150,14102.2),(1892,'25','Ucayali','01','Coronel Portillo','05','Yarinacocha',_binary '',1,-8.355,-74.5769,101126,596.2),(1893,'25','Ucayali','01','Coronel Portillo','06','Nueva Requena',_binary '',1,-8.3061,-74.8653,5699,1857.82),(1894,'25','Ucayali','01','Coronel Portillo','07','Manantay',_binary '',1,-8.3981,-74.5378,83040,579.91),(1895,'25','Ucayali','02','Atalaya','01','Raymondi',_binary '',1,-10.7278,-73.7592,35109,14505),(1896,'25','Ucayali','02','Atalaya','02','Sepahua',_binary '',1,-11.1464,-73.0475,9193,8223.63),(1897,'25','Ucayali','02','Atalaya','03','Tahuania',_binary '',1,-10.1033,-73.9808,8284,7010.09),(1898,'25','Ucayali','02','Atalaya','04','Yurua',_binary '',1,-9.5281,-72.7622,2716,9175.58),(1899,'25','Ucayali','03','Padre Abad','01','Padre Abad',_binary '',1,-9.0375,-75.5128,26614,4689.2),(1900,'25','Ucayali','03','Padre Abad','02','Irazola',_binary '',1,-8.8289,-75.2139,10830,998.93),(1901,'25','Ucayali','03','Padre Abad','03','Curimana',_binary '',1,-8.4353,-75.1597,8956,2134.04),(1902,'25','Ucayali','03','Padre Abad','04','Neshuya',_binary '',1,-8.6392,-74.9644,8445,579.51),(1903,'25','Ucayali','03','Padre Abad','05','Alexander von Humboldt',_binary '',1,-8.8264,-75.0522,6678,190.8),(1904,'25','Ucayali','04','Purus','01','Purus',_binary '',1,-9.7703,-70.7122,4657,17847.8);
/*!40000 ALTER TABLE `ms_ubigeo` ENABLE KEYS */;
UNLOCK TABLES;

--
-- Table structure for table `ms_usuario`
--

DROP TABLE IF EXISTS `ms_usuario`;
/*!40101 SET @saved_cs_client     = @@character_set_client */;
/*!50503 SET character_set_client = utf8mb4 */;
CREATE TABLE `ms_usuario` (
  `id_usuario` int(11) NOT NULL AUTO_INCREMENT,
  `nombres` varchar(45) COLLATE utf8_unicode_ci DEFAULT NULL,
  `ape_paterno` varchar(45) COLLATE utf8_unicode_ci DEFAULT NULL,
  `ape_materno` varchar(45) COLLATE utf8_unicode_ci DEFAULT NULL,
  `nombre_usuario` varchar(45) COLLATE utf8_unicode_ci DEFAULT NULL,
  `clave` varchar(45) COLLATE utf8_unicode_ci DEFAULT NULL,
  `email` varchar(100) COLLATE utf8_unicode_ci DEFAULT NULL,
  `nro_documento` varchar(50) COLLATE utf8_unicode_ci DEFAULT NULL,
  `estado` bit(1) DEFAULT b'1',
  PRIMARY KEY (`id_usuario`)
) ENGINE=InnoDB AUTO_INCREMENT=189 DEFAULT CHARSET=utf8 COLLATE=utf8_unicode_ci;
/*!40101 SET character_set_client = @saved_cs_client */;

--
-- Dumping data for table `ms_usuario`
--

LOCK TABLES `ms_usuario` WRITE;
/*!40000 ALTER TABLE `ms_usuario` DISABLE KEYS */;
INSERT INTO `ms_usuario` VALUES (1,'Super','Admin','Demo','admturno','admturno','luisdurand119@gmail.com','99999999',_binary ''),(173,'Julio','Melendez','','JMelendez','ql6l9p','sandriahc@gmail.com','',_binary ''),(174,'Cesar','Rodriguez','','CRodriguez','foodtruck','crodriguez1406@yahoo.es','',_binary ''),(175,'Cesar','Perez','','CPerez','2i249e','ventasturno@ps.com.pe','',_binary ''),(176,'Cesar','Rodriguez','','CRodriguez','cesar','crodriguez1406@yahoo.es','',_binary ''),(177,'Gloria','Perez','','GPerez','ovrmie','sandriahc@gmail.com','',_binary ''),(178,'Gloria','Perez','','GPerez','gloria','crodriguez1406@yahoo.es','',_binary ''),(179,'Augusto','Rodriguez','','ARodriguez','prueba','crodriguez1406@yahoo.es','',_binary ''),(180,'ERIKA PATRICIA','ASPILLAGA','GOMEZ SILVA','EASPILLAGA','hedo0u','lbandrea18@gmail.com','',_binary ''),(181,'ERIKA PATRICIA','ASPILLAGA ','GOMEZ SILVA','06792956','andrea02','lbandrea18@gmail.com','06792956',_binary '\0'),(182,'Julio','Melendez','','JMelendez','hftgg7','sandriahc@gmail.com',NULL,_binary ''),(183,'Erika Patricia','Aspillaga','Gomez Silva','06792956','oqqhjz','lbandrea18@gmail.com','06792956',_binary ''),(184,'Benjamin','Malarin','','BMalarin','koe5ee','sandriahc@gmail.com','',_binary ''),(185,'Cesar','Rodriguez','','CRodriguez','marazul','crodriguez1406@yahoo.es','',_binary ''),(186,'Isaac','Santander','','ISantander','dyu4zc','sandriahc@gmail.com','',_binary ''),(187,'Isaac','Santander','','ISantander','isaac','sandriahc@gmail.com','',_binary ''),(188,'Carlos','Rodriguez','Perez','CRodriguez','goudem','sandriahc@gmail.com','',_binary '');
/*!40000 ALTER TABLE `ms_usuario` ENABLE KEYS */;
UNLOCK TABLES;

--
-- Table structure for table `ms_usuario_perfil`
--

DROP TABLE IF EXISTS `ms_usuario_perfil`;
/*!40101 SET @saved_cs_client     = @@character_set_client */;
/*!50503 SET character_set_client = utf8mb4 */;
CREATE TABLE `ms_usuario_perfil` (
  `id_usuario_perfil` int(11) NOT NULL AUTO_INCREMENT,
  `nombre` varchar(45) COLLATE utf8_unicode_ci DEFAULT NULL,
  `estado` bit(1) DEFAULT b'1',
  PRIMARY KEY (`id_usuario_perfil`)
) ENGINE=InnoDB AUTO_INCREMENT=9 DEFAULT CHARSET=utf8 COLLATE=utf8_unicode_ci;
/*!40101 SET character_set_client = @saved_cs_client */;

--
-- Dumping data for table `ms_usuario_perfil`
--

LOCK TABLES `ms_usuario_perfil` WRITE;
/*!40000 ALTER TABLE `ms_usuario_perfil` DISABLE KEYS */;
INSERT INTO `ms_usuario_perfil` VALUES (1,'Admin Turno',_binary ''),(2,'Admin Establecimiento',_binary ''),(3,'Admin Local',_binary ''),(4,'Caja Local',_binary ''),(5,'Recepción Delivery',_binary ''),(6,'Procesar Delivery',_binary ''),(7,'Despachador Delivery',_binary ''),(8,'Multitareas Delivery',_binary '');
/*!40000 ALTER TABLE `ms_usuario_perfil` ENABLE KEYS */;
UNLOCK TABLES;

--
-- Table structure for table `ms_usuario_perfil_menu_opcion`
--

DROP TABLE IF EXISTS `ms_usuario_perfil_menu_opcion`;
/*!40101 SET @saved_cs_client     = @@character_set_client */;
/*!50503 SET character_set_client = utf8mb4 */;
CREATE TABLE `ms_usuario_perfil_menu_opcion` (
  `id_usuario_menu_opcion` int(11) NOT NULL AUTO_INCREMENT,
  `estado` bit(1) DEFAULT NULL,
  `id_usuario_perfil` int(11) NOT NULL,
  `id_menu` int(11) DEFAULT NULL,
  PRIMARY KEY (`id_usuario_menu_opcion`),
  KEY `fk_ms_usuario_perfil_menu_opcion_ms_usuario_perfil1_idx` (`id_usuario_perfil`),
  KEY `fk_ms_usuario_perfil_menu_opcion_ms_menu` (`id_menu`),
  CONSTRAINT `fk_ms_usuario_perfil_menu_opcion_ms_menu` FOREIGN KEY (`id_menu`) REFERENCES `ms_menu` (`id_menu`),
  CONSTRAINT `fk_ms_usuario_perfil_menu_opcion_ms_usuario_perfil1` FOREIGN KEY (`id_usuario_perfil`) REFERENCES `ms_usuario_perfil` (`id_usuario_perfil`) ON DELETE NO ACTION ON UPDATE NO ACTION
) ENGINE=InnoDB AUTO_INCREMENT=46 DEFAULT CHARSET=utf8 COLLATE=utf8_unicode_ci;
/*!40101 SET character_set_client = @saved_cs_client */;

--
-- Dumping data for table `ms_usuario_perfil_menu_opcion`
--

LOCK TABLES `ms_usuario_perfil_menu_opcion` WRITE;
/*!40000 ALTER TABLE `ms_usuario_perfil_menu_opcion` DISABLE KEYS */;
INSERT INTO `ms_usuario_perfil_menu_opcion` VALUES (3,_binary '',1,12),(10,_binary '',1,19),(12,_binary '',1,21),(13,_binary '',1,22),(14,_binary '',1,23),(15,NULL,2,10),(17,_binary '',2,12),(24,NULL,2,19),(25,_binary '',2,20),(26,NULL,2,21),(27,_binary '',2,22),(28,NULL,2,23),(29,_binary '',3,10),(33,_binary '',2,21),(34,_binary '',3,21),(35,_binary '',4,10),(37,_binary '',1,25),(38,_binary '',8,24),(39,_binary '',3,24),(40,_binary '',5,24),(41,_binary '',6,24),(42,_binary '',7,24),(43,_binary '',1,26),(44,_binary '',3,26),(45,_binary '',8,26);
/*!40000 ALTER TABLE `ms_usuario_perfil_menu_opcion` ENABLE KEYS */;
UNLOCK TABLES;

--
-- Table structure for table `reclamaciones`
--

DROP TABLE IF EXISTS `reclamaciones`;
/*!40101 SET @saved_cs_client     = @@character_set_client */;
/*!50503 SET character_set_client = utf8mb4 */;
CREATE TABLE `reclamaciones` (
  `id_reclamo` int(11) NOT NULL AUTO_INCREMENT,
  `fecha_reclamo` datetime NOT NULL DEFAULT CURRENT_TIMESTAMP,
  `id_comercio` int(11) NOT NULL,
  `id_pdv` int(11) NOT NULL,
  `id_cliente` int(11) NOT NULL,
  `telefono_email` varchar(100) COLLATE utf8_unicode_ci DEFAULT NULL,
  `apoderado` varchar(45) COLLATE utf8_unicode_ci DEFAULT NULL,
  `bien_contratado` varchar(8) COLLATE utf8_unicode_ci DEFAULT NULL,
  `monto_reclamado` decimal(10,2) DEFAULT NULL,
  `descripcion` varchar(500) COLLATE utf8_unicode_ci DEFAULT NULL,
  `detalle_reclamo` varchar(7) COLLATE utf8_unicode_ci DEFAULT NULL,
  `detalle` varchar(500) COLLATE utf8_unicode_ci DEFAULT NULL,
  `pedido` varchar(500) COLLATE utf8_unicode_ci DEFAULT NULL,
  `fecha_respuesta` datetime NOT NULL,
  `observación` varchar(500) COLLATE utf8_unicode_ci DEFAULT NULL,
  PRIMARY KEY (`id_reclamo`)
) ENGINE=InnoDB DEFAULT CHARSET=utf8 COLLATE=utf8_unicode_ci;
/*!40101 SET character_set_client = @saved_cs_client */;

--
-- Dumping data for table `reclamaciones`
--

LOCK TABLES `reclamaciones` WRITE;
/*!40000 ALTER TABLE `reclamaciones` DISABLE KEYS */;
/*!40000 ALTER TABLE `reclamaciones` ENABLE KEYS */;
UNLOCK TABLES;

--
-- Table structure for table `ts_articulo`
--

DROP TABLE IF EXISTS `ts_articulo`;
/*!40101 SET @saved_cs_client     = @@character_set_client */;
/*!50503 SET character_set_client = utf8mb4 */;
CREATE TABLE `ts_articulo` (
  `id_articulo` int(11) NOT NULL AUTO_INCREMENT,
  `nombre` varchar(150) COLLATE utf8_unicode_ci DEFAULT NULL,
  `precio` double DEFAULT NULL,
  `observacion` varchar(500) COLLATE utf8_unicode_ci DEFAULT NULL,
  `costo_empaque` double DEFAULT NULL,
  `ruta_imagen` varchar(500) COLLATE utf8_unicode_ci DEFAULT NULL,
  `id_comercio` int(11) NOT NULL,
  `visible` bit(1) DEFAULT NULL,
  `estado` bit(1) DEFAULT b'1',
  PRIMARY KEY (`id_articulo`),
  KEY `fk_ts_articulo_ms_comercio` (`id_comercio`),
  CONSTRAINT `fk_ts_articulo_ms_comercio` FOREIGN KEY (`id_comercio`) REFERENCES `ms_comercio` (`id_comercio`)
) ENGINE=InnoDB AUTO_INCREMENT=128 DEFAULT CHARSET=utf8 COLLATE=utf8_unicode_ci;
/*!40101 SET character_set_client = @saved_cs_client */;

--
-- Dumping data for table `ts_articulo`
--

LOCK TABLES `ts_articulo` WRITE;
/*!40000 ALTER TABLE `ts_articulo` DISABLE KEYS */;
INSERT INTO `ts_articulo` VALUES (103,'Hambuerguesa con Tocino',17,'100% carne angus con tocino y nuestra salsa especial',0,'articulo_103',117,_binary '',_binary ''),(104,'Pizza Napolitana',25,'Mozzarella y salsa de tomate',0,'articulo_104',118,_binary '',_binary ''),(105,'Pollo Criollo',30,'Acompañado de papas fritas y ensalada cocida',0,'articulo_105',119,_binary '',_binary ''),(106,'Vaso Cervecero Personalizado',12,'Vaso cervecero de  vidrio Personalizado por unidad \r\n',0,'articulo_106',120,_binary '',_binary '\0'),(107,'Vaso de Vidrio Personalizado',12,'Vaso  para uso domestico 255ml\r\nPersonalizado en Vinil adhesivo',0,'articulo_107',120,_binary '',_binary ''),(108,'Copa  de Vidrio Prersonalizada',12,'Copa de Chanpagñe Persobalizada en Vinil adhesivo\r\nPRECIO INDICADO POR UNIDAD',0,'articulo_108',120,_binary '',_binary ''),(109,'Copa de Gyn Personalizada',20,'Copa de Gyn personalizadas ,material Policarbonato ,capacidad 22 Onzas,colores disponibles ,azul,rosado,lila,dorado,transparentey fucia',0,'articulo_109_153246',120,_binary '',_binary ''),(110,'Mascarilla Militar Personalizada',15,'Mascarilla personalizada en vinil textil negro importado\r\nCapa protectora de Notex ,lavable y reutilizable,secado rapido\r\nMaterial variado,poliester con yersey ,drill,etc\r\nDiseños variados  para damas y caballeros ',0,'articulo_110',120,_binary '',_binary ''),(111,'Globo Burbuja Personalizado',20,'Para cualqueir ocacion ,personaliza tu Globo Burbuja con nosotros \r\nContiene helio y confeti \r\nDimension 18 pulgadas,color Transparente \r\nPersoalizado en vinil adhesivo \r\nColores disponibles del vinil Negro,dorado,lila,fucia,morado,plateado,rosado,blanco',0,'articulo_111',120,_binary '',_binary ''),(112,'Mascarillas Personalizadas',15,'Finas y delicadas mascarillas personalizadas en Vinil textil importado color negro\r\nCapa protectora de Notex,lavables y reutilizables,facil secado\r\nDiseños variados para damas y caballeros\r\nColor entero ,colores disponibles: Celeste,crema, lila,morado y  con diseños de flores ',0,'articulo_112',120,_binary '',_binary ''),(113,'Copas de Vino Personalizadas',12,'Finas copas de vidrio personalizadas en Vnil adhesivo para cualquier ocacion\r\nPrecio indicado por unidad\r\nColores de vinil disponibles negro,dorado,plateado,lila,morado,fucia,blanco\r\nPRECIO INDICADO POR UNIDAD',0,'articulo_113',120,_binary '',_binary ''),(114,'Parante con 7 globos cromados',35,'Parante plastico transparente con 7 globos cromados ,uno de ellos  personalizado ,no llevan helio',0,'articulo_114',120,_binary '',_binary ''),(115,'Causa de Pulpa de Cangrejo',27,'Rellena de cangrejo y langostinos',0,'articulo_115',122,_binary '',_binary ''),(116,'Saltado de Pescado',32.5,'Lenguado saltado con papas fritas y arroz.',0,'articulo_116',122,_binary '',_binary ''),(117,'Globos Cromados Personalizados',40,'Globos cromados, colores diversos,  Bouquete x5 globos,contienen helio y uno es personalizado',0,'articulo_117',120,_binary '',_binary ''),(118,'Globos Estrella Personalizados',20,'Globo estrella metalico personalizado ,la estrella contiene helio\r\nPrecio indicado por unidad',0,'articulo_118',120,_binary '',_binary ''),(119,'Kit Cumpleañero ',40,'Copa, mascarilla y neceser personalizado,colores disponibles azul,lila,dorado\r\n',0,'articulo_119_190535',120,_binary '',_binary ''),(120,'Kit Vale ',25,'Cartuchera y mascarilla personalizada ,colores del neceser y mascarilla variados\r\n',0,'articulo_120_190727',120,_binary '',_binary ''),(121,'Esferas Navideñas Pre Venta ',17,'Esferas  navideñas personalizadas\r\nColores disponibles Rojas,azules y verdes\r\nPrecio indicado x3',0,'articulo_121_184223',120,_binary '',_binary ''),(122,'Kit Lila',40,'Mascarilla.copay neceser personalizado en vinil ',0,'articulo_122',120,_binary '',_binary ''),(123,'Kit Oro',40,'Mascarilla,copa y monedero personalizado en Vinil adhesivo',0,'articulo_123',120,_binary '',_binary ''),(124,'Vaso Kero Personalizado',23,' Vaso Kero personalizado en Vinil adhesivo Disponible en  lila,rosado,amarillo,lila celeste,naranja y verde \r\nPRECIO INDICADO POR 3 UNIDADES',0,'articulo_124',120,_binary '',_binary ''),(125,'Vasos de Whisky Personalizados ',20,'Finos y delicados vasos de Whisky personalizdos en Vinil adhesivo\r\nPRECIO INDICADO  X 2 UNIDADES ',0,'articulo_125',120,_binary '',_binary ''),(126,'Alfajores',14,'Rellenos de manjar de olla casero',0,'articulo_126',123,_binary '',_binary ''),(127,'Lomo Saltado',30,'Con papas y arroz',0,NULL,119,_binary '',_binary '');
/*!40000 ALTER TABLE `ts_articulo` ENABLE KEYS */;
UNLOCK TABLES;

--
-- Table structure for table `ts_articulo_local`
--

DROP TABLE IF EXISTS `ts_articulo_local`;
/*!40101 SET @saved_cs_client     = @@character_set_client */;
/*!50503 SET character_set_client = utf8mb4 */;
CREATE TABLE `ts_articulo_local` (
  `idts_articulo_local` int(11) NOT NULL AUTO_INCREMENT,
  `id_articulo` int(11) DEFAULT NULL,
  `id_pdv` int(11) DEFAULT NULL,
  `estado` bit(1) DEFAULT b'1',
  PRIMARY KEY (`idts_articulo_local`)
) ENGINE=MyISAM AUTO_INCREMENT=14 DEFAULT CHARSET=utf8 COLLATE=utf8_unicode_ci;
/*!40101 SET character_set_client = @saved_cs_client */;

--
-- Dumping data for table `ts_articulo_local`
--

LOCK TABLES `ts_articulo_local` WRITE;
/*!40000 ALTER TABLE `ts_articulo_local` DISABLE KEYS */;
INSERT INTO `ts_articulo_local` VALUES (4,43,7,_binary ''),(11,29,7,_binary '');
/*!40000 ALTER TABLE `ts_articulo_local` ENABLE KEYS */;
UNLOCK TABLES;

--
-- Table structure for table `ts_cliente`
--

DROP TABLE IF EXISTS `ts_cliente`;
/*!40101 SET @saved_cs_client     = @@character_set_client */;
/*!50503 SET character_set_client = utf8mb4 */;
CREATE TABLE `ts_cliente` (
  `id_cliente` int(11) NOT NULL AUTO_INCREMENT,
  `nombres` varchar(45) COLLATE utf8_unicode_ci DEFAULT NULL,
  `ape_paterno` varchar(45) COLLATE utf8_unicode_ci DEFAULT NULL,
  `ape_materno` varchar(45) COLLATE utf8_unicode_ci DEFAULT NULL,
  `nro_documento` varchar(45) COLLATE utf8_unicode_ci DEFAULT NULL,
  `razon_social` varchar(100) COLLATE utf8_unicode_ci DEFAULT NULL,
  `direccion` varchar(500) COLLATE utf8_unicode_ci DEFAULT NULL,
  `estado` bit(1) DEFAULT b'1',
  `id_pdv` int(11) NOT NULL,
  `id_proyecto` int(11) NOT NULL,
  `id_usuario` int(11) DEFAULT NULL,
  `id_doc_tipo` int(11) NOT NULL,
  `id_ubigeo` int(11) DEFAULT NULL,
  PRIMARY KEY (`id_cliente`),
  KEY `fk_ts_cliente_ms_punto_venta1_idx` (`id_pdv`),
  KEY `fk_ts_cliente_ms_proyecto1_idx` (`id_proyecto`),
  KEY `fk_ts_cliente_ms_usuario1_idx` (`id_usuario`),
  KEY `fk_ts_cliente_ms_documento_tipo_idx` (`id_doc_tipo`),
  KEY `fk_ts_cliente_ms_ubigeo` (`id_ubigeo`),
  CONSTRAINT `fk_ts_cliente_ms_documento_tipo` FOREIGN KEY (`id_doc_tipo`) REFERENCES `ms_documento_tipo` (`id_doc_tipo`) ON DELETE NO ACTION ON UPDATE NO ACTION,
  CONSTRAINT `fk_ts_cliente_ms_proyecto1` FOREIGN KEY (`id_proyecto`) REFERENCES `ms_proyecto` (`id_proyecto`) ON DELETE NO ACTION ON UPDATE NO ACTION,
  CONSTRAINT `fk_ts_cliente_ms_ubigeo` FOREIGN KEY (`id_ubigeo`) REFERENCES `ms_ubigeo` (`id_ubigeo`),
  CONSTRAINT `fk_ts_cliente_ms_usuario1` FOREIGN KEY (`id_usuario`) REFERENCES `ms_usuario` (`id_usuario`) ON DELETE NO ACTION ON UPDATE NO ACTION
) ENGINE=InnoDB AUTO_INCREMENT=77 DEFAULT CHARSET=utf8 COLLATE=utf8_unicode_ci;
/*!40101 SET character_set_client = @saved_cs_client */;

--
-- Dumping data for table `ts_cliente`
--

LOCK TABLES `ts_cliente` WRITE;
/*!40000 ALTER TABLE `ts_cliente` DISABLE KEYS */;
INSERT INTO `ts_cliente` VALUES (1,'JANETT DEL PILAR','NACION','ROMANI','40392043',NULL,NULL,_binary '',9,1,NULL,1,NULL),(2,'JANETT DEL PILAR','NACION','ROMANI','40392043',NULL,NULL,_binary '',9,1,NULL,1,NULL),(3,'LUIS ARMANDO','DURAND','MARTINEZ','45110916',NULL,NULL,_binary '',9,1,NULL,1,44),(4,'manuela','','','',NULL,NULL,_binary '',9,1,NULL,1,NULL),(5,'manuela','','','',NULL,NULL,_binary '',9,1,NULL,1,NULL),(6,'jose','','','',NULL,NULL,_binary '',7,1,NULL,1,NULL),(7,'jose','','','',NULL,NULL,_binary '',7,1,NULL,1,NULL),(8,'Felioe','','','',NULL,NULL,_binary '',9,1,NULL,1,NULL),(9,'Felipe','','','',NULL,NULL,_binary '',9,1,NULL,1,NULL),(10,'Felipe','','','',NULL,NULL,_binary '',9,1,NULL,1,NULL),(11,'Felipe','','','',NULL,NULL,_binary '',9,1,NULL,1,NULL),(12,'Luz Alejandra','','','',NULL,NULL,_binary '',8,1,NULL,1,NULL),(13,'Daniela','','','',NULL,NULL,_binary '',8,1,NULL,1,NULL),(14,'Daniela','','','',NULL,NULL,_binary '',8,1,NULL,1,NULL),(15,'Daniela','','','',NULL,NULL,_binary '',8,1,NULL,1,NULL),(16,'Daniela','','','',NULL,NULL,_binary '',8,1,NULL,1,NULL),(17,'Pamela','','','',NULL,NULL,_binary '',9,1,NULL,1,NULL),(18,'Ernesto','','','',NULL,NULL,_binary '',7,1,NULL,1,NULL),(19,'Ane','','','',NULL,NULL,_binary '',7,1,NULL,1,NULL),(20,'Mario','','','',NULL,NULL,_binary '',7,1,NULL,1,NULL),(21,'Jose','','','',NULL,NULL,_binary '',8,1,NULL,1,NULL),(22,'SANDRA MARCELA','AHRENS','CASTILLO','41536558',NULL,NULL,_binary '',9,1,NULL,1,NULL),(23,'Sandra','','','',NULL,NULL,_binary '',7,1,NULL,1,NULL),(24,'MARIO ALBERTO','CUYA','CARRILLO','09182803',NULL,NULL,_binary '',7,1,NULL,1,NULL),(25,'SALVADOR ORLANDO','RODRIGUEZ','ZAVALAGA','70258802',NULL,NULL,_binary '',9,1,NULL,1,NULL),(26,'Jose','','','',NULL,NULL,_binary '',8,1,NULL,1,NULL),(27,'Jose','','','',NULL,NULL,_binary '',8,1,NULL,1,NULL),(28,'CESAR AUGUSTO MARTIN','RODRIGUEZ','VENEGAS','07799406',NULL,NULL,_binary '',9,1,NULL,1,NULL),(29,'Salvador','','','',NULL,NULL,_binary '',7,1,NULL,1,NULL),(30,'Sandrs','','','',NULL,NULL,_binary '',9,1,NULL,1,NULL),(31,'Sandra','','','',NULL,NULL,_binary '',8,1,NULL,1,NULL),(32,'Sandra prueba','','','',NULL,NULL,_binary '',9,1,NULL,1,NULL),(33,'cesar','','','',NULL,NULL,_binary '',9,1,NULL,1,NULL),(34,'cesar','','','',NULL,NULL,_binary '',9,1,NULL,1,NULL),(35,'cesar','','','',NULL,NULL,_binary '',9,1,NULL,1,NULL),(36,'Cesar','','','',NULL,NULL,_binary '',7,1,NULL,1,NULL),(37,'Cesar','','','',NULL,NULL,_binary '',9,1,NULL,1,NULL),(38,'cesar','RODRIGUEZ','VENEGAS','',NULL,NULL,_binary '',8,1,NULL,1,NULL),(39,'Sandra prueba','','','',NULL,NULL,_binary '',7,1,NULL,1,NULL),(40,'Sandra prueba','','','',NULL,NULL,_binary '',7,1,NULL,1,NULL),(41,'Sandra prueba','','','',NULL,NULL,_binary '',7,1,NULL,1,NULL),(42,'Sandra prueba 3','ahrens','castillo','',NULL,NULL,_binary '',7,1,NULL,1,NULL),(43,'Absndh','','','',NULL,NULL,_binary '',7,1,NULL,1,NULL),(44,'Prueba sin alerta','','','',NULL,NULL,_binary '',7,1,NULL,1,NULL),(45,'Peueba tienda 3','','','',NULL,NULL,_binary '',9,1,NULL,1,NULL),(46,'cesar','','','',NULL,NULL,_binary '',9,1,NULL,1,NULL),(47,'REIDER ERNESTO','ESTRADA','NUÑEZ','07835141',NULL,NULL,_binary '',7,1,NULL,1,NULL),(48,'Cesar','','','',NULL,NULL,_binary '',9,1,NULL,1,NULL),(49,'MIRIAM BENIGNA','GARCIA','USCATA','45110917',NULL,NULL,_binary '',7,1,NULL,1,NULL),(50,'Pamela','','','',NULL,NULL,_binary '',7,1,NULL,1,NULL),(51,'Andrivette','','','',NULL,NULL,_binary '',7,1,NULL,1,NULL),(52,'Tienda 03','','','',NULL,NULL,_binary '',9,1,NULL,1,NULL),(53,'Tienda 02','','','',NULL,NULL,_binary '',8,1,NULL,1,NULL),(54,'Abc','Dd','','Abc',NULL,NULL,_binary '',7,1,NULL,1,NULL),(55,'Luis','','','',NULL,NULL,_binary '',9,1,NULL,1,NULL),(56,'','','','0939',NULL,NULL,_binary '',7,1,NULL,1,NULL),(57,'Persona','1','','',NULL,NULL,_binary '',7,1,NULL,1,NULL),(58,'Jorge Quiñon','c','c','73030554',NULL,NULL,_binary '',7,1,NULL,1,NULL),(59,'sandra','ahrens','castillo','07835156',NULL,NULL,_binary '',74,1,NULL,1,NULL),(60,'Sandra','','','',NULL,NULL,_binary '',95,1,NULL,1,NULL),(61,'luis','','','',NULL,NULL,_binary '',99,1,NULL,1,NULL),(62,'Ernesto ','','','',NULL,NULL,_binary '',99,1,NULL,1,NULL),(63,'Sandra','','','',NULL,NULL,_binary '',99,1,NULL,1,NULL),(64,'Sandra','','','',NULL,NULL,_binary '',99,1,NULL,1,NULL),(65,'Ernesto ','','','',NULL,NULL,_binary '',99,1,NULL,1,NULL),(66,'Rosa Maria','','','',NULL,NULL,_binary '',99,1,NULL,1,NULL),(67,'Ernesto ','','','',NULL,NULL,_binary '',99,1,NULL,1,NULL),(68,'Maria','Gonzales','Sarmiento','',NULL,NULL,_binary '',99,1,NULL,1,NULL),(69,'Carolina','Izquiero','Perez','',NULL,NULL,_binary '',7,1,NULL,1,NULL),(70,'Carolina','Izquiero','','',NULL,NULL,_binary '',99,1,NULL,1,NULL),(71,'Carolyn','','','',NULL,NULL,_binary '',99,1,NULL,1,NULL),(72,'Sandra','Izquiero','Perez','',NULL,NULL,_binary '',7,1,NULL,1,NULL),(73,'Carlos','','','',NULL,NULL,_binary '',99,1,NULL,1,NULL),(74,'Sandta','','','',NULL,NULL,_binary '',99,1,NULL,1,NULL),(75,'Sandra','','','',NULL,NULL,_binary '',106,1,NULL,1,NULL),(76,'Sandra','','','',NULL,NULL,_binary '',106,1,NULL,1,NULL);
/*!40000 ALTER TABLE `ts_cliente` ENABLE KEYS */;
UNLOCK TABLES;

--
-- Table structure for table `ts_cliente_telefono`
--

DROP TABLE IF EXISTS `ts_cliente_telefono`;
/*!40101 SET @saved_cs_client     = @@character_set_client */;
/*!50503 SET character_set_client = utf8mb4 */;
CREATE TABLE `ts_cliente_telefono` (
  `id_cliente_telefono` int(11) NOT NULL AUTO_INCREMENT,
  `numero` varchar(45) COLLATE utf8_unicode_ci DEFAULT NULL,
  `estado` bit(1) DEFAULT b'1',
  `id_telefono_tipo` int(11) NOT NULL,
  `id_cliente` int(11) NOT NULL,
  PRIMARY KEY (`id_cliente_telefono`),
  KEY `fk_ts_cliente_telefono_ms_telefono_tipo1_idx` (`id_telefono_tipo`),
  KEY `fk_ts_cliente_telefono_ts_cliente1_idx` (`id_cliente`),
  CONSTRAINT `fk_ts_cliente_telefono_ms_telefono_tipo1` FOREIGN KEY (`id_telefono_tipo`) REFERENCES `ms_telefono_tipo` (`id_telefono_tipo`) ON DELETE NO ACTION ON UPDATE NO ACTION,
  CONSTRAINT `fk_ts_cliente_telefono_ts_cliente1` FOREIGN KEY (`id_cliente`) REFERENCES `ts_cliente` (`id_cliente`) ON DELETE NO ACTION ON UPDATE NO ACTION
) ENGINE=InnoDB AUTO_INCREMENT=24 DEFAULT CHARSET=utf8 COLLATE=utf8_unicode_ci;
/*!40101 SET character_set_client = @saved_cs_client */;

--
-- Dumping data for table `ts_cliente_telefono`
--

LOCK TABLES `ts_cliente_telefono` WRITE;
/*!40000 ALTER TABLE `ts_cliente_telefono` DISABLE KEYS */;
INSERT INTO `ts_cliente_telefono` VALUES (1,'JANETT DEL PILAR',_binary '',2,1),(2,'JANETT DEL PILAR',_binary '',2,2),(3,'LUIS ARMANDO',_binary '',2,3),(4,'Jorge Quiñon',_binary '',2,58),(5,'sandra',_binary '',2,59),(6,'963762613',_binary '',2,60),(7,'950195010',_binary '',2,61),(8,'981897364',_binary '',2,62),(9,'992831253',_binary '',2,28),(10,'963762613',_binary '',2,63),(11,'963762613',_binary '',2,64),(12,'981897364',_binary '',2,65),(13,'981627634',_binary '',2,66),(14,'981897364',_binary '',2,67),(15,'963762613',_binary '',2,68),(16,'963762613',_binary '',2,69),(17,'963762613',_binary '',2,70),(18,'996134087',_binary '',2,71),(19,'963762613',_binary '',2,72),(20,'963762613',_binary '',2,73),(21,'963762613',_binary '',2,74),(22,'963762613',_binary '',2,75),(23,'963762613',_binary '',2,76);
/*!40000 ALTER TABLE `ts_cliente_telefono` ENABLE KEYS */;
UNLOCK TABLES;

--
-- Table structure for table `ts_comercio_credito`
--

DROP TABLE IF EXISTS `ts_comercio_credito`;
/*!40101 SET @saved_cs_client     = @@character_set_client */;
/*!50503 SET character_set_client = utf8mb4 */;
CREATE TABLE `ts_comercio_credito` (
  `id_comercio_cred` int(11) NOT NULL AUTO_INCREMENT,
  `id_comercio` int(11) NOT NULL,
  `fecIni` date DEFAULT NULL,
  `fecFin` date DEFAULT NULL,
  `estado` bit(1) NOT NULL DEFAULT b'1',
  `creditosCarga` int(11) DEFAULT NULL,
  PRIMARY KEY (`id_comercio_cred`),
  KEY `fk_ts_comercio_hist_ms_comercio` (`id_comercio`),
  CONSTRAINT `fk_ts_comercio_hist_ms_comercio` FOREIGN KEY (`id_comercio`) REFERENCES `ms_comercio` (`id_comercio`)
) ENGINE=InnoDB AUTO_INCREMENT=106 DEFAULT CHARSET=utf8 COLLATE=utf8_unicode_ci;
/*!40101 SET character_set_client = @saved_cs_client */;

--
-- Dumping data for table `ts_comercio_credito`
--

LOCK TABLES `ts_comercio_credito` WRITE;
/*!40000 ALTER TABLE `ts_comercio_credito` DISABLE KEYS */;
INSERT INTO `ts_comercio_credito` VALUES (105,120,'2020-10-05',NULL,_binary '',15);
/*!40000 ALTER TABLE `ts_comercio_credito` ENABLE KEYS */;
UNLOCK TABLES;

--
-- Table structure for table `ts_comercio_historico`
--

DROP TABLE IF EXISTS `ts_comercio_historico`;
/*!40101 SET @saved_cs_client     = @@character_set_client */;
/*!50503 SET character_set_client = utf8mb4 */;
CREATE TABLE `ts_comercio_historico` (
  `id_comercio_hist` int(11) NOT NULL AUTO_INCREMENT,
  `id_comercio` int(11) NOT NULL,
  `fecIni` date DEFAULT NULL,
  `fecFin` date DEFAULT NULL,
  `id_proyecto` int(11) NOT NULL,
  `estado` bit(1) DEFAULT b'1',
  PRIMARY KEY (`id_comercio_hist`),
  KEY `fk_ts_comercio_historico_ms_proyecto` (`id_proyecto`),
  KEY `fk_ts_comercio_historico_ms_comercio` (`id_comercio`),
  CONSTRAINT `fk_ts_comercio_historico_ms_comercio` FOREIGN KEY (`id_comercio`) REFERENCES `ms_comercio` (`id_comercio`),
  CONSTRAINT `fk_ts_comercio_historico_ms_proyecto` FOREIGN KEY (`id_proyecto`) REFERENCES `ms_proyecto` (`id_proyecto`)
) ENGINE=InnoDB AUTO_INCREMENT=108 DEFAULT CHARSET=utf8 COLLATE=utf8_unicode_ci;
/*!40101 SET character_set_client = @saved_cs_client */;

--
-- Dumping data for table `ts_comercio_historico`
--

LOCK TABLES `ts_comercio_historico` WRITE;
/*!40000 ALTER TABLE `ts_comercio_historico` DISABLE KEYS */;
INSERT INTO `ts_comercio_historico` VALUES (101,117,'2020-09-25',NULL,3,_binary ''),(102,118,'2020-09-28',NULL,3,_binary ''),(103,119,'2020-09-29',NULL,3,_binary ''),(104,120,'2020-10-05',NULL,3,_binary ''),(105,121,'2020-10-05',NULL,3,_binary ''),(106,122,'2020-10-05',NULL,3,_binary ''),(107,123,'2020-10-26',NULL,3,_binary '');
/*!40000 ALTER TABLE `ts_comercio_historico` ENABLE KEYS */;
UNLOCK TABLES;

--
-- Table structure for table `ts_cupon`
--

DROP TABLE IF EXISTS `ts_cupon`;
/*!40101 SET @saved_cs_client     = @@character_set_client */;
/*!50503 SET character_set_client = utf8mb4 */;
CREATE TABLE `ts_cupon` (
  `id_cupon` int(11) NOT NULL AUTO_INCREMENT,
  `codigo` varchar(150) COLLATE utf8_unicode_ci DEFAULT NULL,
  `estado` bit(1) DEFAULT b'1',
  `id_cupon_estado` int(11) NOT NULL,
  `id_pdv` int(11) NOT NULL,
  PRIMARY KEY (`id_cupon`),
  KEY `fk_ts_cupones_ms_cupones_estado1_idx` (`id_cupon_estado`),
  KEY `fk_ts_cupones_ms_punto_venta1_idx` (`id_pdv`),
  CONSTRAINT `fk_ts_cupones_ms_cupones_estado1` FOREIGN KEY (`id_cupon_estado`) REFERENCES `ms_cupon_estado` (`id_cupon_estado`) ON DELETE NO ACTION ON UPDATE NO ACTION,
  CONSTRAINT `fk_ts_cupones_ms_punto_venta1` FOREIGN KEY (`id_pdv`) REFERENCES `ms_punto_venta` (`id_pdv`) ON DELETE NO ACTION ON UPDATE NO ACTION
) ENGINE=InnoDB DEFAULT CHARSET=utf8 COLLATE=utf8_unicode_ci;
/*!40101 SET character_set_client = @saved_cs_client */;

--
-- Dumping data for table `ts_cupon`
--

LOCK TABLES `ts_cupon` WRITE;
/*!40000 ALTER TABLE `ts_cupon` DISABLE KEYS */;
/*!40000 ALTER TABLE `ts_cupon` ENABLE KEYS */;
UNLOCK TABLES;

--
-- Table structure for table `ts_pedido`
--

DROP TABLE IF EXISTS `ts_pedido`;
/*!40101 SET @saved_cs_client     = @@character_set_client */;
/*!50503 SET character_set_client = utf8mb4 */;
CREATE TABLE `ts_pedido` (
  `id_pedido` int(11) NOT NULL AUTO_INCREMENT,
  `tiempo_registro` datetime DEFAULT NULL,
  `ticket` varchar(100) COLLATE utf8_unicode_ci DEFAULT NULL,
  `estado` bit(1) DEFAULT b'1',
  `id_pdv` int(11) NOT NULL,
  `id_usuario` int(11) DEFAULT NULL,
  `id_proyecto` int(11) NOT NULL,
  `id_cliente` int(11) NOT NULL,
  `id_cupon` int(11) DEFAULT NULL,
  `tiempo_entrega` datetime DEFAULT NULL,
  `id_pedido_etapa` int(11) NOT NULL,
  `id_telefono_tipo` int(11) DEFAULT NULL,
  `numero` varchar(45) COLLATE utf8_unicode_ci DEFAULT NULL,
  `flagAuto` bit(1) DEFAULT b'1',
  `id_canal` int(11) DEFAULT NULL,
  `monto_total` float DEFAULT NULL,
  `id_tipo_pago` int(11) DEFAULT NULL,
  `id_metodo_envio` int(11) DEFAULT NULL,
  `id_medio_env` int(11) DEFAULT NULL,
  PRIMARY KEY (`id_pedido`),
  KEY `fk_ts_pedidos_ms_punto_venta1_idx` (`id_pdv`),
  KEY `fk_ts_pedidos_ms_usuario1_idx` (`id_usuario`),
  KEY `fk_ts_pedidos_ms_proyecto1_idx` (`id_proyecto`),
  KEY `fk_ts_pedidos_ts_cliente1_idx` (`id_cliente`),
  KEY `fk_ts_pedidos_ts_cupones1_idx` (`id_cupon`),
  KEY `fk_ts_pedidos_ms_pedido_etapa_idx` (`id_pedido_etapa`),
  KEY `fk_ts_pedidos_ms_telefono_tipo_idx` (`id_telefono_tipo`),
  KEY `fk_ts_pedidos_ms_canal` (`id_canal`),
  KEY `fk_ts_pedidos_ms_tipo_pago` (`id_tipo_pago`),
  KEY `fk_ts_pedidos_ms_metodo_envio` (`id_metodo_envio`),
  KEY `fk_ts_pedidos_ts_medio_env` (`id_medio_env`),
  CONSTRAINT `fk_ts_pedidos_ms_canal` FOREIGN KEY (`id_canal`) REFERENCES `ms_canal` (`id_canal`),
  CONSTRAINT `fk_ts_pedidos_ms_metodo_envio` FOREIGN KEY (`id_metodo_envio`) REFERENCES `ms_metodo_envio` (`id_metodo_env`),
  CONSTRAINT `fk_ts_pedidos_ms_pedido_etapa` FOREIGN KEY (`id_pedido_etapa`) REFERENCES `ms_pedido_etapa` (`id_pedido_etapa`) ON DELETE NO ACTION ON UPDATE NO ACTION,
  CONSTRAINT `fk_ts_pedidos_ms_proyecto1` FOREIGN KEY (`id_proyecto`) REFERENCES `ms_proyecto` (`id_proyecto`) ON DELETE NO ACTION ON UPDATE NO ACTION,
  CONSTRAINT `fk_ts_pedidos_ms_punto_venta1` FOREIGN KEY (`id_pdv`) REFERENCES `ms_punto_venta` (`id_pdv`) ON DELETE NO ACTION ON UPDATE NO ACTION,
  CONSTRAINT `fk_ts_pedidos_ms_telefono_tipo` FOREIGN KEY (`id_telefono_tipo`) REFERENCES `ms_telefono_tipo` (`id_telefono_tipo`) ON DELETE NO ACTION ON UPDATE NO ACTION,
  CONSTRAINT `fk_ts_pedidos_ms_tipo_pago` FOREIGN KEY (`id_tipo_pago`) REFERENCES `ms_tipo_pago` (`id_tipo_pago`),
  CONSTRAINT `fk_ts_pedidos_ms_usuario1` FOREIGN KEY (`id_usuario`) REFERENCES `ms_usuario` (`id_usuario`) ON DELETE NO ACTION ON UPDATE NO ACTION,
  CONSTRAINT `fk_ts_pedidos_ts_cliente1` FOREIGN KEY (`id_cliente`) REFERENCES `ts_cliente` (`id_cliente`) ON DELETE NO ACTION ON UPDATE NO ACTION,
  CONSTRAINT `fk_ts_pedidos_ts_cupones1` FOREIGN KEY (`id_cupon`) REFERENCES `ts_cupon` (`id_cupon`) ON DELETE NO ACTION ON UPDATE NO ACTION,
  CONSTRAINT `fk_ts_pedidos_ts_medio_env` FOREIGN KEY (`id_medio_env`) REFERENCES `ms_medio_envio` (`id_medio_env`)
) ENGINE=InnoDB AUTO_INCREMENT=3 DEFAULT CHARSET=utf8 COLLATE=utf8_unicode_ci;
/*!40101 SET character_set_client = @saved_cs_client */;

--
-- Dumping data for table `ts_pedido`
--

LOCK TABLES `ts_pedido` WRITE;
/*!40000 ALTER TABLE `ts_pedido` DISABLE KEYS */;
INSERT INTO `ts_pedido` VALUES (1,'2020-09-29 19:51:42','ticket54',_binary '',106,179,1,75,NULL,NULL,1,2,'963762613',_binary '\0',NULL,NULL,NULL,NULL,NULL),(2,'2020-10-05 11:01:30','123abcd',_binary '',106,179,1,76,NULL,NULL,1,2,'963762613',_binary '\0',NULL,NULL,NULL,NULL,NULL);
/*!40000 ALTER TABLE `ts_pedido` ENABLE KEYS */;
UNLOCK TABLES;

--
-- Table structure for table `ts_pedido_alerta`
--

DROP TABLE IF EXISTS `ts_pedido_alerta`;
/*!40101 SET @saved_cs_client     = @@character_set_client */;
/*!50503 SET character_set_client = utf8mb4 */;
CREATE TABLE `ts_pedido_alerta` (
  `id_pedido_alerta` int(11) NOT NULL,
  `tiempo` datetime DEFAULT NULL,
  `numero` varchar(45) COLLATE utf8_unicode_ci DEFAULT NULL,
  `titulo` varchar(45) COLLATE utf8_unicode_ci DEFAULT NULL,
  `contenido` varchar(500) COLLATE utf8_unicode_ci DEFAULT NULL,
  `estado` bit(1) DEFAULT b'1',
  `id_pedido` int(11) NOT NULL,
  `id_usuario` int(11) NOT NULL,
  PRIMARY KEY (`id_pedido_alerta`),
  KEY `fk_ts_pedido_alerta_ts_pedido1_idx` (`id_pedido`),
  KEY `fk_ts_pedido_alerta_ms_usuario1_idx` (`id_usuario`),
  CONSTRAINT `fk_ts_pedido_alerta_ms_usuario1` FOREIGN KEY (`id_usuario`) REFERENCES `ms_usuario` (`id_usuario`) ON DELETE NO ACTION ON UPDATE NO ACTION
) ENGINE=InnoDB DEFAULT CHARSET=utf8 COLLATE=utf8_unicode_ci;
/*!40101 SET character_set_client = @saved_cs_client */;

--
-- Dumping data for table `ts_pedido_alerta`
--

LOCK TABLES `ts_pedido_alerta` WRITE;
/*!40000 ALTER TABLE `ts_pedido_alerta` DISABLE KEYS */;
/*!40000 ALTER TABLE `ts_pedido_alerta` ENABLE KEYS */;
UNLOCK TABLES;

--
-- Table structure for table `ts_pedido_hist`
--

DROP TABLE IF EXISTS `ts_pedido_hist`;
/*!40101 SET @saved_cs_client     = @@character_set_client */;
/*!50503 SET character_set_client = utf8mb4 */;
CREATE TABLE `ts_pedido_hist` (
  `id_pedido_hist` int(11) NOT NULL AUTO_INCREMENT,
  `tiempo` datetime DEFAULT NULL,
  `estado` bit(1) DEFAULT b'1',
  `id_pedido_etapa` int(11) NOT NULL,
  `id_pedido` int(11) NOT NULL,
  PRIMARY KEY (`id_pedido_hist`),
  KEY `fk_ts_pedido_hist_ms_pedido_etapa1_idx` (`id_pedido_etapa`),
  KEY `fk_ts_pedido_hist_ts_pedido1_idx` (`id_pedido`),
  CONSTRAINT `fk_ts_pedido_hist_ms_pedido_etapa1` FOREIGN KEY (`id_pedido_etapa`) REFERENCES `ms_pedido_etapa` (`id_pedido_etapa`) ON DELETE NO ACTION ON UPDATE NO ACTION
) ENGINE=InnoDB AUTO_INCREMENT=3 DEFAULT CHARSET=utf8 COLLATE=utf8_unicode_ci;
/*!40101 SET character_set_client = @saved_cs_client */;

--
-- Dumping data for table `ts_pedido_hist`
--

LOCK TABLES `ts_pedido_hist` WRITE;
/*!40000 ALTER TABLE `ts_pedido_hist` DISABLE KEYS */;
INSERT INTO `ts_pedido_hist` VALUES (1,'2020-09-29 19:51:42',_binary '',1,1),(2,'2020-10-05 11:01:30',_binary '',1,2);
/*!40000 ALTER TABLE `ts_pedido_hist` ENABLE KEYS */;
UNLOCK TABLES;

--
-- Table structure for table `ts_punto_venta_historico`
--

DROP TABLE IF EXISTS `ts_punto_venta_historico`;
/*!40101 SET @saved_cs_client     = @@character_set_client */;
/*!50503 SET character_set_client = utf8mb4 */;
CREATE TABLE `ts_punto_venta_historico` (
  `id_punto_venta_hist` int(11) NOT NULL AUTO_INCREMENT,
  `fecIni` date DEFAULT NULL,
  `fecFin` date DEFAULT NULL,
  `estado` bit(1) DEFAULT b'1',
  `id_pdv` int(11) NOT NULL,
  PRIMARY KEY (`id_punto_venta_hist`),
  KEY `fk_ts_punto_venta_historico_ms_punto_venta1_idx` (`id_pdv`),
  CONSTRAINT `fk_ts_punto_venta_historico_ms_punto_venta1` FOREIGN KEY (`id_pdv`) REFERENCES `ms_punto_venta` (`id_pdv`) ON DELETE NO ACTION ON UPDATE NO ACTION
) ENGINE=InnoDB AUTO_INCREMENT=44 DEFAULT CHARSET=utf8 COLLATE=utf8_unicode_ci;
/*!40101 SET character_set_client = @saved_cs_client */;

--
-- Dumping data for table `ts_punto_venta_historico`
--

LOCK TABLES `ts_punto_venta_historico` WRITE;
/*!40000 ALTER TABLE `ts_punto_venta_historico` DISABLE KEYS */;
/*!40000 ALTER TABLE `ts_punto_venta_historico` ENABLE KEYS */;
UNLOCK TABLES;

--
-- Table structure for table `ts_punto_venta_proyecto`
--

DROP TABLE IF EXISTS `ts_punto_venta_proyecto`;
/*!40101 SET @saved_cs_client     = @@character_set_client */;
/*!50503 SET character_set_client = utf8mb4 */;
CREATE TABLE `ts_punto_venta_proyecto` (
  `id_punto_venta_proyecto` int(11) NOT NULL AUTO_INCREMENT,
  `fecIni` date DEFAULT NULL,
  `fecFin` date DEFAULT NULL,
  `estado` bit(1) DEFAULT b'1',
  `id_pdv` int(11) NOT NULL,
  `id_proyecto` int(11) NOT NULL,
  PRIMARY KEY (`id_punto_venta_proyecto`),
  KEY `fk_ts_punto_venta_proyecto_ms_punto_venta1_idx` (`id_pdv`),
  KEY `fk_ts_punto_venta_proyecto_ms_proyecto1_idx` (`id_proyecto`),
  CONSTRAINT `fk_ts_punto_venta_proyecto_ms_proyecto1` FOREIGN KEY (`id_proyecto`) REFERENCES `ms_proyecto` (`id_proyecto`) ON DELETE NO ACTION ON UPDATE NO ACTION,
  CONSTRAINT `fk_ts_punto_venta_proyecto_ms_punto_venta1` FOREIGN KEY (`id_pdv`) REFERENCES `ms_punto_venta` (`id_pdv`) ON DELETE NO ACTION ON UPDATE NO ACTION
) ENGINE=InnoDB DEFAULT CHARSET=utf8 COLLATE=utf8_unicode_ci;
/*!40101 SET character_set_client = @saved_cs_client */;

--
-- Dumping data for table `ts_punto_venta_proyecto`
--

LOCK TABLES `ts_punto_venta_proyecto` WRITE;
/*!40000 ALTER TABLE `ts_punto_venta_proyecto` DISABLE KEYS */;
/*!40000 ALTER TABLE `ts_punto_venta_proyecto` ENABLE KEYS */;
UNLOCK TABLES;

--
-- Table structure for table `ts_usuario_hist`
--

DROP TABLE IF EXISTS `ts_usuario_hist`;
/*!40101 SET @saved_cs_client     = @@character_set_client */;
/*!50503 SET character_set_client = utf8mb4 */;
CREATE TABLE `ts_usuario_hist` (
  `id_usuario_hist` int(11) NOT NULL AUTO_INCREMENT,
  `fecIni` date DEFAULT NULL,
  `fecFin` datetime DEFAULT NULL,
  `estado` bit(1) DEFAULT b'1',
  `id_usuario` int(11) NOT NULL,
  `id_usuario_perfil` int(11) NOT NULL,
  `id_comercio` int(11) DEFAULT NULL,
  `id_pdv` int(11) DEFAULT NULL,
  `id_local` int(11) DEFAULT NULL,
  PRIMARY KEY (`id_usuario_hist`),
  KEY `fk_ts_usuario_historico_ms_usuario_perfil1_idx` (`id_usuario_perfil`),
  KEY `fk_ts_usuario_historico_ms_usuario1_idx` (`id_usuario`),
  KEY `fk_ts_usuario_historico_ms_comercio1_idx` (`id_comercio`),
  KEY `fk_ts_usuario_historico_ms_punto_venta1_idx` (`id_pdv`),
  CONSTRAINT `fk_ts_usuario_historico_ms_comercio1` FOREIGN KEY (`id_comercio`) REFERENCES `ms_comercio` (`id_comercio`) ON DELETE NO ACTION ON UPDATE NO ACTION,
  CONSTRAINT `fk_ts_usuario_historico_ms_punto_venta1` FOREIGN KEY (`id_pdv`) REFERENCES `ms_punto_venta` (`id_pdv`) ON DELETE NO ACTION ON UPDATE NO ACTION,
  CONSTRAINT `fk_ts_usuario_historico_ms_usuario1` FOREIGN KEY (`id_usuario`) REFERENCES `ms_usuario` (`id_usuario`) ON DELETE NO ACTION ON UPDATE NO ACTION,
  CONSTRAINT `fk_ts_usuario_historico_ms_usuario_perfil1` FOREIGN KEY (`id_usuario_perfil`) REFERENCES `ms_usuario_perfil` (`id_usuario_perfil`) ON DELETE NO ACTION ON UPDATE NO ACTION
) ENGINE=InnoDB AUTO_INCREMENT=193 DEFAULT CHARSET=utf8 COLLATE=utf8_unicode_ci;
/*!40101 SET character_set_client = @saved_cs_client */;

--
-- Dumping data for table `ts_usuario_hist`
--

LOCK TABLES `ts_usuario_hist` WRITE;
/*!40000 ALTER TABLE `ts_usuario_hist` DISABLE KEYS */;
INSERT INTO `ts_usuario_hist` VALUES (2,'2020-02-17',NULL,_binary '',1,1,NULL,NULL,NULL),(177,'2020-09-25',NULL,_binary '',173,2,117,NULL,NULL),(178,'2020-09-25',NULL,_binary '',174,8,117,106,NULL),(179,'2020-09-28',NULL,_binary '',175,2,118,NULL,NULL),(180,'2020-09-28',NULL,_binary '',176,8,118,107,NULL),(181,'2020-09-29',NULL,_binary '',177,2,119,NULL,NULL),(182,'2020-09-29',NULL,_binary '',178,8,119,108,NULL),(183,'2020-09-29',NULL,_binary '',179,4,117,106,NULL),(184,'2020-10-05',NULL,_binary '',180,2,120,NULL,NULL),(185,'2020-10-05',NULL,_binary '',181,8,120,NULL,NULL),(186,'2020-10-05',NULL,_binary '',182,2,121,NULL,NULL),(187,'2020-10-05',NULL,_binary '',183,8,120,109,NULL),(188,'2020-10-05',NULL,_binary '',184,2,122,NULL,NULL),(189,'2020-10-05',NULL,_binary '',185,8,122,110,NULL),(190,'2020-10-26',NULL,_binary '',186,2,123,NULL,NULL),(191,'2020-10-26',NULL,_binary '',187,8,123,111,NULL),(192,'2020-11-06',NULL,_binary '',188,8,119,112,NULL);
/*!40000 ALTER TABLE `ts_usuario_hist` ENABLE KEYS */;
UNLOCK TABLES;

--
-- Table structure for table `ts_usuario_menu`
--

DROP TABLE IF EXISTS `ts_usuario_menu`;
/*!40101 SET @saved_cs_client     = @@character_set_client */;
/*!50503 SET character_set_client = utf8mb4 */;
CREATE TABLE `ts_usuario_menu` (
  `id_usuario_menu` int(11) NOT NULL AUTO_INCREMENT,
  `estado` bit(1) DEFAULT b'1',
  `id_menu` int(11) NOT NULL,
  `id_usuario` int(11) NOT NULL,
  PRIMARY KEY (`id_usuario_menu`),
  KEY `fk_ts_usuario_menu_ms_menu1_idx` (`id_menu`),
  KEY `fk_ts_usuario_menu_ms_usuario1_idx` (`id_usuario`),
  CONSTRAINT `fk_ts_usuario_menu_ms_menu1` FOREIGN KEY (`id_menu`) REFERENCES `ms_menu` (`id_menu`) ON DELETE NO ACTION ON UPDATE NO ACTION,
  CONSTRAINT `fk_ts_usuario_menu_ms_usuario1` FOREIGN KEY (`id_usuario`) REFERENCES `ms_usuario` (`id_usuario`) ON DELETE NO ACTION ON UPDATE NO ACTION
) ENGINE=InnoDB AUTO_INCREMENT=662 DEFAULT CHARSET=utf8 COLLATE=utf8_unicode_ci;
/*!40101 SET character_set_client = @saved_cs_client */;

--
-- Dumping data for table `ts_usuario_menu`
--

LOCK TABLES `ts_usuario_menu` WRITE;
/*!40000 ALTER TABLE `ts_usuario_menu` DISABLE KEYS */;
INSERT INTO `ts_usuario_menu` VALUES (1,_binary '\0',10,1),(3,_binary '',12,1),(89,_binary '',19,1),(90,_binary '',21,1),(95,_binary '',22,1),(96,_binary '',23,1),(246,_binary '',25,1),(516,_binary '',26,1),(603,_binary '',10,173),(604,_binary '',20,173),(605,_binary '',12,173),(606,_binary '',21,173),(607,_binary '',22,173),(608,_binary '',23,173),(609,_binary '',24,174),(610,_binary '',26,174),(611,_binary '',10,175),(612,_binary '',20,175),(613,_binary '',12,175),(614,_binary '',21,175),(615,_binary '',22,175),(616,_binary '',23,175),(617,_binary '',24,176),(618,_binary '',26,176),(619,_binary '',10,177),(620,_binary '',20,177),(621,_binary '',12,177),(622,_binary '',21,177),(623,_binary '',22,177),(624,_binary '',23,177),(625,_binary '',24,178),(626,_binary '',26,178),(627,_binary '',10,179),(628,_binary '',10,180),(629,_binary '',20,180),(630,_binary '',12,180),(631,_binary '',21,180),(632,_binary '',22,180),(633,_binary '',23,180),(634,_binary '',24,181),(635,_binary '',26,181),(636,_binary '',10,182),(637,_binary '',20,182),(638,_binary '',12,182),(639,_binary '',21,182),(640,_binary '',22,182),(641,_binary '',23,182),(642,_binary '',24,183),(643,_binary '',26,183),(644,_binary '',10,184),(645,_binary '',20,184),(646,_binary '',12,184),(647,_binary '',21,184),(648,_binary '',22,184),(649,_binary '',23,184),(650,_binary '',24,185),(651,_binary '',26,185),(652,_binary '',10,186),(653,_binary '',20,186),(654,_binary '',12,186),(655,_binary '',21,186),(656,_binary '',22,186),(657,_binary '',23,186),(658,_binary '',24,187),(659,_binary '',26,187),(660,_binary '',24,188),(661,_binary '',26,188);
/*!40000 ALTER TABLE `ts_usuario_menu` ENABLE KEYS */;
UNLOCK TABLES;

--
-- Table structure for table `ts_usuario_menu_opcion`
--

DROP TABLE IF EXISTS `ts_usuario_menu_opcion`;
/*!40101 SET @saved_cs_client     = @@character_set_client */;
/*!50503 SET character_set_client = utf8mb4 */;
CREATE TABLE `ts_usuario_menu_opcion` (
  `id_usuario_menu_opcion` int(11) NOT NULL AUTO_INCREMENT,
  `estado` bit(1) DEFAULT NULL,
  `id_menu_opcion` int(11) NOT NULL,
  `id_usuario` int(11) NOT NULL,
  PRIMARY KEY (`id_usuario_menu_opcion`),
  KEY `fk_ts_usuario_menu_opcion_ms_menu_opcion1_idx` (`id_menu_opcion`),
  KEY `fk_ts_usuario_menu_opcion_ms_usuario1_idx` (`id_usuario`),
  CONSTRAINT `fk_ts_usuario_menu_opcion_ms_menu_opcion1` FOREIGN KEY (`id_menu_opcion`) REFERENCES `ms_menu_opcion` (`id_menu_opcion`) ON DELETE NO ACTION ON UPDATE NO ACTION,
  CONSTRAINT `fk_ts_usuario_menu_opcion_ms_usuario1` FOREIGN KEY (`id_usuario`) REFERENCES `ms_usuario` (`id_usuario`) ON DELETE NO ACTION ON UPDATE NO ACTION
) ENGINE=InnoDB DEFAULT CHARSET=utf8 COLLATE=utf8_unicode_ci;
/*!40101 SET character_set_client = @saved_cs_client */;

--
-- Dumping data for table `ts_usuario_menu_opcion`
--

LOCK TABLES `ts_usuario_menu_opcion` WRITE;
/*!40000 ALTER TABLE `ts_usuario_menu_opcion` DISABLE KEYS */;
/*!40000 ALTER TABLE `ts_usuario_menu_opcion` ENABLE KEYS */;
UNLOCK TABLES;

--
-- Table structure for table `ts_usuario_proyecto`
--

DROP TABLE IF EXISTS `ts_usuario_proyecto`;
/*!40101 SET @saved_cs_client     = @@character_set_client */;
/*!50503 SET character_set_client = utf8mb4 */;
CREATE TABLE `ts_usuario_proyecto` (
  `id_usuario_proyecto` int(11) NOT NULL AUTO_INCREMENT,
  `fecIni` date DEFAULT NULL,
  `fecFin` date DEFAULT NULL,
  `estado` bit(1) DEFAULT b'1',
  `id_usuario` int(11) NOT NULL,
  `id_proyecto` int(11) NOT NULL,
  PRIMARY KEY (`id_usuario_proyecto`),
  KEY `fk_ts_usuario_proyecto_ms_usuario1_idx` (`id_usuario`),
  KEY `fk_ts_usuario_proyecto_ms_proyecto1_idx` (`id_proyecto`),
  CONSTRAINT `fk_ts_usuario_proyecto_ms_proyecto1` FOREIGN KEY (`id_proyecto`) REFERENCES `ms_proyecto` (`id_proyecto`) ON DELETE NO ACTION ON UPDATE NO ACTION,
  CONSTRAINT `fk_ts_usuario_proyecto_ms_usuario1` FOREIGN KEY (`id_usuario`) REFERENCES `ms_usuario` (`id_usuario`) ON DELETE NO ACTION ON UPDATE NO ACTION
) ENGINE=InnoDB DEFAULT CHARSET=utf8 COLLATE=utf8_unicode_ci;
/*!40101 SET character_set_client = @saved_cs_client */;

--
-- Dumping data for table `ts_usuario_proyecto`
--

LOCK TABLES `ts_usuario_proyecto` WRITE;
/*!40000 ALTER TABLE `ts_usuario_proyecto` DISABLE KEYS */;
/*!40000 ALTER TABLE `ts_usuario_proyecto` ENABLE KEYS */;
UNLOCK TABLES;
/*!40103 SET TIME_ZONE=@OLD_TIME_ZONE */;

/*!40101 SET SQL_MODE=@OLD_SQL_MODE */;
/*!40014 SET FOREIGN_KEY_CHECKS=@OLD_FOREIGN_KEY_CHECKS */;
/*!40014 SET UNIQUE_CHECKS=@OLD_UNIQUE_CHECKS */;
/*!40101 SET CHARACTER_SET_CLIENT=@OLD_CHARACTER_SET_CLIENT */;
/*!40101 SET CHARACTER_SET_RESULTS=@OLD_CHARACTER_SET_RESULTS */;
/*!40101 SET COLLATION_CONNECTION=@OLD_COLLATION_CONNECTION */;
/*!40111 SET SQL_NOTES=@OLD_SQL_NOTES */;

-- Dump completed on 2020-12-02 20:16:50
